# atmosphere_terraformer generated by machinegen.py
mtllib atmosphere_terraformer.mtl
usemtl atmosphere_terraformer
vn 0 0 -1
vn 0 0 1
vn -1 0 0
vn 1 0 0
vn 0 1 0
vn 0 -1 0
o Body
v 5.500000 -3.625000 -2.000000
v -5.500000 -3.625000 -2.000000
v -5.500000 -4.000000 -2.000000
v 5.500000 -4.000000 -2.000000
vt 0.361328 0.076172
vt 0.705078 0.076172
vt 0.705078 0.064453
vt 0.361328 0.064453
f 1/1/1 4/4/1 3/3/1 2/2/1
v -5.500000 -3.625000 2.000000
v 5.500000 -3.625000 2.000000
v 5.500000 -4.000000 2.000000
v -5.500000 -4.000000 2.000000
vt 0.361328 0.076172
vt 0.705078 0.076172
vt 0.705078 0.064453
vt 0.361328 0.064453
f 5/5/2 8/8/2 7/7/2 6/6/2
v -5.500000 -3.625000 -2.000000
v -5.500000 -3.625000 2.000000
v -5.500000 -4.000000 2.000000
v -5.500000 -4.000000 -2.000000
vt 0.000000 0.050781
vt 0.125000 0.050781
vt 0.125000 0.039062
vt 0.000000 0.039062
f 9/9/3 12/12/3 11/11/3 10/10/3
v 5.500000 -3.625000 2.000000
v 5.500000 -3.625000 -2.000000
v 5.500000 -4.000000 -2.000000
v 5.500000 -4.000000 2.000000
vt 0.000000 0.050781
vt 0.125000 0.050781
vt 0.125000 0.039062
vt 0.000000 0.039062
f 13/13/4 16/16/4 15/15/4 14/14/4
v -5.500000 -3.625000 -2.000000
v 5.500000 -3.625000 -2.000000
v 5.500000 -3.625000 2.000000
v -5.500000 -3.625000 2.000000
vt 0.318359 1.000000
vt 0.662109 1.000000
vt 0.662109 0.875000
vt 0.318359 0.875000
f 17/17/5 20/20/5 19/19/5 18/18/5
v 4.000000 -3.625000 -4.000000
v -4.000000 -3.625000 -4.000000
v -4.000000 -4.000000 -4.000000
v 4.000000 -4.000000 -4.000000
vt 0.705078 0.076172
vt 0.955078 0.076172
vt 0.955078 0.064453
vt 0.705078 0.064453
f 21/21/1 24/24/1 23/23/1 22/22/1
v -4.000000 -3.625000 -4.000000
v -4.000000 -3.625000 -2.000000
v -4.000000 -4.000000 -2.000000
v -4.000000 -4.000000 -4.000000
vt 0.250000 0.050781
vt 0.312500 0.050781
vt 0.312500 0.039062
vt 0.250000 0.039062
f 25/25/3 28/28/3 27/27/3 26/26/3
v 4.000000 -3.625000 -2.000000
v 4.000000 -3.625000 -4.000000
v 4.000000 -4.000000 -4.000000
v 4.000000 -4.000000 -2.000000
vt 0.250000 0.050781
vt 0.312500 0.050781
vt 0.312500 0.039062
vt 0.250000 0.039062
f 29/29/4 32/32/4 31/31/4 30/30/4
v -4.000000 -3.625000 -4.000000
v 4.000000 -3.625000 -4.000000
v 4.000000 -3.625000 -2.000000
v -4.000000 -3.625000 -2.000000
vt 0.347656 0.484375
vt 0.597656 0.484375
vt 0.597656 0.421875
vt 0.347656 0.421875
f 33/33/5 36/36/5 35/35/5 34/34/5
v -4.000000 -3.625000 4.000000
v 4.000000 -3.625000 4.000000
v 4.000000 -4.000000 4.000000
v -4.000000 -4.000000 4.000000
vt 0.705078 0.076172
vt 0.955078 0.076172
vt 0.955078 0.064453
vt 0.705078 0.064453
f 37/37/2 40/40/2 39/39/2 38/38/2
v -4.000000 -3.625000 2.000000
v -4.000000 -3.625000 4.000000
v -4.000000 -4.000000 4.000000
v -4.000000 -4.000000 2.000000
vt 0.250000 0.050781
vt 0.312500 0.050781
vt 0.312500 0.039062
vt 0.250000 0.039062
f 41/41/3 44/44/3 43/43/3 42/42/3
v 4.000000 -3.625000 4.000000
v 4.000000 -3.625000 2.000000
v 4.000000 -4.000000 2.000000
v 4.000000 -4.000000 4.000000
vt 0.250000 0.050781
vt 0.312500 0.050781
vt 0.312500 0.039062
vt 0.250000 0.039062
f 45/45/4 48/48/4 47/47/4 46/46/4
v -4.000000 -3.625000 2.000000
v 4.000000 -3.625000 2.000000
v 4.000000 -3.625000 4.000000
v -4.000000 -3.625000 4.000000
vt 0.347656 0.484375
vt 0.597656 0.484375
vt 0.597656 0.421875
vt 0.347656 0.421875
f 49/49/5 52/52/5 51/51/5 50/50/5
v 2.000000 -3.625000 -5.500000
v -2.000000 -3.625000 -5.500000
v -2.000000 -4.000000 -5.500000
v 2.000000 -4.000000 -5.500000
vt 0.125000 0.050781
vt 0.250000 0.050781
vt 0.250000 0.039062
vt 0.125000 0.039062
f 53/53/1 56/56/1 55/55/1 54/54/1
v -2.000000 -3.625000 -5.500000
v -2.000000 -3.625000 -4.000000
v -2.000000 -4.000000 -4.000000
v -2.000000 -4.000000 -5.500000
vt 0.312500 0.050781
vt 0.359375 0.050781
vt 0.359375 0.039062
vt 0.312500 0.039062
f 57/57/3 60/60/3 59/59/3 58/58/3
v 2.000000 -3.625000 -4.000000
v 2.000000 -3.625000 -5.500000
v 2.000000 -4.000000 -5.500000
v 2.000000 -4.000000 -4.000000
vt 0.312500 0.050781
vt 0.359375 0.050781
vt 0.359375 0.039062
vt 0.312500 0.039062
f 61/61/4 64/64/4 63/63/4 62/62/4
v -2.000000 -3.625000 -5.500000
v 2.000000 -3.625000 -5.500000
v 2.000000 -3.625000 -4.000000
v -2.000000 -3.625000 -4.000000
vt 0.562500 0.273438
vt 0.687500 0.273438
vt 0.687500 0.226562
vt 0.562500 0.226562
f 65/65/5 68/68/5 67/67/5 66/66/5
v -2.000000 -3.625000 5.500000
v 2.000000 -3.625000 5.500000
v 2.000000 -4.000000 5.500000
v -2.000000 -4.000000 5.500000
vt 0.125000 0.050781
vt 0.250000 0.050781
vt 0.250000 0.039062
vt 0.125000 0.039062
f 69/69/2 72/72/2 71/71/2 70/70/2
v -2.000000 -3.625000 4.000000
v -2.000000 -3.625000 5.500000
v -2.000000 -4.000000 5.500000
v -2.000000 -4.000000 4.000000
vt 0.312500 0.050781
vt 0.359375 0.050781
vt 0.359375 0.039062
vt 0.312500 0.039062
f 73/73/3 76/76/3 75/75/3 74/74/3
v 2.000000 -3.625000 5.500000
v 2.000000 -3.625000 4.000000
v 2.000000 -4.000000 4.000000
v 2.000000 -4.000000 5.500000
vt 0.312500 0.050781
vt 0.359375 0.050781
vt 0.359375 0.039062
vt 0.312500 0.039062
f 77/77/4 80/80/4 79/79/4 78/78/4
v -2.000000 -3.625000 4.000000
v 2.000000 -3.625000 4.000000
v 2.000000 -3.625000 5.500000
v -2.000000 -3.625000 5.500000
vt 0.562500 0.273438
vt 0.687500 0.273438
vt 0.687500 0.226562
vt 0.562500 0.226562
f 81/81/5 84/84/5 83/83/5 82/82/5
v 5.250000 -2.125000 -1.875000
v -5.250000 -2.125000 -1.875000
v -5.250000 -3.625000 -1.875000
v 5.250000 -3.625000 -1.875000
vt 0.000000 0.273438
vt 0.328125 0.273438
vt 0.328125 0.226562
vt 0.000000 0.226562
f 85/85/1 88/88/1 87/87/1 86/86/1
v -5.250000 -2.125000 1.875000
v 5.250000 -2.125000 1.875000
v 5.250000 -3.625000 1.875000
v -5.250000 -3.625000 1.875000
vt 0.000000 0.273438
vt 0.328125 0.273438
vt 0.328125 0.226562
vt 0.000000 0.226562
f 89/89/2 92/92/2 91/91/2 90/90/2
v -5.250000 -2.125000 -1.875000
v -5.250000 -2.125000 1.875000
v -5.250000 -3.625000 1.875000
v -5.250000 -3.625000 -1.875000
vt 0.121094 0.226562
vt 0.238281 0.226562
vt 0.238281 0.179688
vt 0.121094 0.179688
f 93/93/3 96/96/3 95/95/3 94/94/3
v 5.250000 -2.125000 1.875000
v 5.250000 -2.125000 -1.875000
v 5.250000 -3.625000 -1.875000
v 5.250000 -3.625000 1.875000
vt 0.121094 0.226562
vt 0.238281 0.226562
vt 0.238281 0.179688
vt 0.121094 0.179688
f 97/97/4 100/100/4 99/99/4 98/98/4
v 3.750000 -2.125000 -3.750000
v -3.750000 -2.125000 -3.750000
v -3.750000 -3.625000 -3.750000
v 3.750000 -3.625000 -3.750000
vt 0.328125 0.273438
vt 0.562500 0.273438
vt 0.562500 0.226562
vt 0.328125 0.226562
f 101/101/1 104/104/1 103/103/1 102/102/1
v -3.750000 -2.125000 -3.750000
v -3.750000 -2.125000 -1.875000
v -3.750000 -3.625000 -1.875000
v -3.750000 -3.625000 -3.750000
vt 0.929688 0.273438
vt 0.988281 0.273438
vt 0.988281 0.226562
vt 0.929688 0.226562
f 105/105/3 108/108/3 107/107/3 106/106/3
v 3.750000 -2.125000 -1.875000
v 3.750000 -2.125000 -3.750000
v 3.750000 -3.625000 -3.750000
v 3.750000 -3.625000 -1.875000
vt 0.929688 0.273438
vt 0.988281 0.273438
vt 0.988281 0.226562
vt 0.929688 0.226562
f 109/109/4 112/112/4 111/111/4 110/110/4
v -3.750000 -2.125000 3.750000
v 3.750000 -2.125000 3.750000
v 3.750000 -3.625000 3.750000
v -3.750000 -3.625000 3.750000
vt 0.328125 0.273438
vt 0.562500 0.273438
vt 0.562500 0.226562
vt 0.328125 0.226562
f 113/113/2 116/116/2 115/115/2 114/114/2
v -3.750000 -2.125000 1.875000
v -3.750000 -2.125000 3.750000
v -3.750000 -3.625000 3.750000
v -3.750000 -3.625000 1.875000
vt 0.929688 0.273438
vt 0.988281 0.273438
vt 0.988281 0.226562
vt 0.929688 0.226562
f 117/117/3 120/120/3 119/119/3 118/118/3
v 3.750000 -2.125000 3.750000
v 3.750000 -2.125000 1.875000
v 3.750000 -3.625000 1.875000
v 3.750000 -3.625000 3.750000
vt 0.929688 0.273438
vt 0.988281 0.273438
vt 0.988281 0.226562
vt 0.929688 0.226562
f 121/121/4 124/124/4 123/123/4 122/122/4
v 1.875000 -2.125000 -5.250000
v -1.875000 -2.125000 -5.250000
v -1.875000 -3.625000 -5.250000
v 1.875000 -3.625000 -5.250000
vt 0.238281 0.226562
vt 0.355469 0.226562
vt 0.355469 0.179688
vt 0.238281 0.179688
f 125/125/1 128/128/1 127/127/1 126/126/1
v -1.875000 -2.125000 -5.250000
v -1.875000 -2.125000 -3.750000
v -1.875000 -3.625000 -3.750000
v -1.875000 -3.625000 -5.250000
vt 0.472656 0.226562
vt 0.519531 0.226562
vt 0.519531 0.179688
vt 0.472656 0.179688
f 129/129/3 132/132/3 131/131/3 130/130/3
v 1.875000 -2.125000 -3.750000
v 1.875000 -2.125000 -5.250000
v 1.875000 -3.625000 -5.250000
v 1.875000 -3.625000 -3.750000
vt 0.472656 0.226562
vt 0.519531 0.226562
vt 0.519531 0.179688
vt 0.472656 0.179688
f 133/133/4 136/136/4 135/135/4 134/134/4
v -1.875000 -2.125000 5.250000
v 1.875000 -2.125000 5.250000
v 1.875000 -3.625000 5.250000
v -1.875000 -3.625000 5.250000
vt 0.238281 0.226562
vt 0.355469 0.226562
vt 0.355469 0.179688
vt 0.238281 0.179688
f 137/137/2 140/140/2 139/139/2 138/138/2
v -1.875000 -2.125000 3.750000
v -1.875000 -2.125000 5.250000
v -1.875000 -3.625000 5.250000
v -1.875000 -3.625000 3.750000
vt 0.472656 0.226562
vt 0.519531 0.226562
vt 0.519531 0.179688
vt 0.472656 0.179688
f 141/141/3 144/144/3 143/143/3 142/142/3
v 1.875000 -2.125000 5.250000
v 1.875000 -2.125000 3.750000
v 1.875000 -3.625000 3.750000
v 1.875000 -3.625000 5.250000
vt 0.472656 0.226562
vt 0.519531 0.226562
vt 0.519531 0.179688
vt 0.472656 0.179688
f 145/145/4 148/148/4 147/147/4 146/146/4
v 0.750000 3.125000 -0.750000
v -0.750000 3.125000 -0.750000
v -0.750000 -1.000000 -0.750000
v 0.750000 -1.000000 -0.750000
vt 0.257812 1.000000
vt 0.304688 1.000000
vt 0.304688 0.871094
vt 0.257812 0.871094
f 149/149/1 152/152/1 151/151/1 150/150/1
v -0.750000 3.125000 0.750000
v 0.750000 3.125000 0.750000
v 0.750000 -1.000000 0.750000
v -0.750000 -1.000000 0.750000
vt 0.257812 1.000000
vt 0.304688 1.000000
vt 0.304688 0.871094
vt 0.257812 0.871094
f 153/153/2 156/156/2 155/155/2 154/154/2
v -0.750000 3.125000 -0.750000
v -0.750000 3.125000 0.750000
v -0.750000 -1.000000 0.750000
v -0.750000 -1.000000 -0.750000
vt 0.257812 1.000000
vt 0.304688 1.000000
vt 0.304688 0.871094
vt 0.257812 0.871094
f 157/157/3 160/160/3 159/159/3 158/158/3
v 0.750000 3.125000 0.750000
v 0.750000 3.125000 -0.750000
v 0.750000 -1.000000 -0.750000
v 0.750000 -1.000000 0.750000
vt 0.257812 1.000000
vt 0.304688 1.000000
vt 0.304688 0.871094
vt 0.257812 0.871094
f 161/161/4 164/164/4 163/163/4 162/162/4
v 1.500000 3.125000 -1.500000
v 1.250000 3.125000 -1.500000
v 1.250000 -1.000000 -1.500000
v 1.500000 -1.000000 -1.500000
vt 0.304688 1.000000
vt 0.312500 1.000000
vt 0.312500 0.871094
vt 0.304688 0.871094
f 165/165/1 168/168/1 167/167/1 166/166/1
v 1.250000 3.125000 -1.250000
v 1.500000 3.125000 -1.250000
v 1.500000 -1.000000 -1.250000
v 1.250000 -1.000000 -1.250000
vt 0.304688 1.000000
vt 0.312500 1.000000
vt 0.312500 0.871094
vt 0.304688 0.871094
f 169/169/2 172/172/2 171/171/2 170/170/2
v 1.250000 3.125000 -1.500000
v 1.250000 3.125000 -1.250000
v 1.250000 -1.000000 -1.250000
v 1.250000 -1.000000 -1.500000
vt 0.304688 1.000000
vt 0.312500 1.000000
vt 0.312500 0.871094
vt 0.304688 0.871094
f 173/173/3 176/176/3 175/175/3 174/174/3
v 1.500000 3.125000 -1.250000
v 1.500000 3.125000 -1.500000
v 1.500000 -1.000000 -1.500000
v 1.500000 -1.000000 -1.250000
vt 0.304688 1.000000
vt 0.312500 1.000000
vt 0.312500 0.871094
vt 0.304688 0.871094
f 177/177/4 180/180/4 179/179/4 178/178/4
v 1.500000 3.125000 1.250000
v 1.250000 3.125000 1.250000
v 1.250000 -1.000000 1.250000
v 1.500000 -1.000000 1.250000
vt 0.304688 1.000000
vt 0.312500 1.000000
vt 0.312500 0.871094
vt 0.304688 0.871094
f 181/181/1 184/184/1 183/183/1 182/182/1
v 1.250000 3.125000 1.500000
v 1.500000 3.125000 1.500000
v 1.500000 -1.000000 1.500000
v 1.250000 -1.000000 1.500000
vt 0.304688 1.000000
vt 0.312500 1.000000
vt 0.312500 0.871094
vt 0.304688 0.871094
f 185/185/2 188/188/2 187/187/2 186/186/2
v 1.250000 3.125000 1.250000
v 1.250000 3.125000 1.500000
v 1.250000 -1.000000 1.500000
v 1.250000 -1.000000 1.250000
vt 0.304688 1.000000
vt 0.312500 1.000000
vt 0.312500 0.871094
vt 0.304688 0.871094
f 189/189/3 192/192/3 191/191/3 190/190/3
v 1.500000 3.125000 1.500000
v 1.500000 3.125000 1.250000
v 1.500000 -1.000000 1.250000
v 1.500000 -1.000000 1.500000
vt 0.304688 1.000000
vt 0.312500 1.000000
vt 0.312500 0.871094
vt 0.304688 0.871094
f 193/193/4 196/196/4 195/195/4 194/194/4
v -1.250000 3.125000 1.250000
v -1.500000 3.125000 1.250000
v -1.500000 -1.000000 1.250000
v -1.250000 -1.000000 1.250000
vt 0.304688 1.000000
vt 0.312500 1.000000
vt 0.312500 0.871094
vt 0.304688 0.871094
f 197/197/1 200/200/1 199/199/1 198/198/1
v -1.500000 3.125000 1.500000
v -1.250000 3.125000 1.500000
v -1.250000 -1.000000 1.500000
v -1.500000 -1.000000 1.500000
vt 0.304688 1.000000
vt 0.312500 1.000000
vt 0.312500 0.871094
vt 0.304688 0.871094
f 201/201/2 204/204/2 203/203/2 202/202/2
v -1.500000 3.125000 1.250000
v -1.500000 3.125000 1.500000
v -1.500000 -1.000000 1.500000
v -1.500000 -1.000000 1.250000
vt 0.304688 1.000000
vt 0.312500 1.000000
vt 0.312500 0.871094
vt 0.304688 0.871094
f 205/205/3 208/208/3 207/207/3 206/206/3
v -1.250000 3.125000 1.500000
v -1.250000 3.125000 1.250000
v -1.250000 -1.000000 1.250000
v -1.250000 -1.000000 1.500000
vt 0.304688 1.000000
vt 0.312500 1.000000
vt 0.312500 0.871094
vt 0.304688 0.871094
f 209/209/4 212/212/4 211/211/4 210/210/4
v -1.250000 3.125000 -1.500000
v -1.500000 3.125000 -1.500000
v -1.500000 -1.000000 -1.500000
v -1.250000 -1.000000 -1.500000
vt 0.304688 1.000000
vt 0.312500 1.000000
vt 0.312500 0.871094
vt 0.304688 0.871094
f 213/213/1 216/216/1 215/215/1 214/214/1
v -1.500000 3.125000 -1.250000
v -1.250000 3.125000 -1.250000
v -1.250000 -1.000000 -1.250000
v -1.500000 -1.000000 -1.250000
vt 0.304688 1.000000
vt 0.312500 1.000000
vt 0.312500 0.871094
vt 0.304688 0.871094
f 217/217/2 220/220/2 219/219/2 218/218/2
v -1.500000 3.125000 -1.500000
v -1.500000 3.125000 -1.250000
v -1.500000 -1.000000 -1.250000
v -1.500000 -1.000000 -1.500000
vt 0.304688 1.000000
vt 0.312500 1.000000
vt 0.312500 0.871094
vt 0.304688 0.871094
f 221/221/3 224/224/3 223/223/3 222/222/3
v -1.250000 3.125000 -1.250000
v -1.250000 3.125000 -1.500000
v -1.250000 -1.000000 -1.500000
v -1.250000 -1.000000 -1.250000
vt 0.304688 1.000000
vt 0.312500 1.000000
vt 0.312500 0.871094
vt 0.304688 0.871094
f 225/225/4 228/228/4 227/227/4 226/226/4
v 1.375000 3.125000 -1.250000
v 1.375000 3.125000 1.250000
v 1.375000 -1.000000 1.250000
v 1.375000 -1.000000 -1.250000
vt 0.023438 1.000000
vt 0.101562 1.000000
vt 0.101562 0.871094
vt 0.023438 0.871094
f 229/229/3 232/232/3 231/231/3 230/230/3
v 1.406250 3.125000 1.250000
v 1.406250 3.125000 -1.250000
v 1.406250 -1.000000 -1.250000
v 1.406250 -1.000000 1.250000
vt 0.023438 1.000000
vt 0.101562 1.000000
vt 0.101562 0.871094
vt 0.023438 0.871094
f 233/233/4 236/236/4 235/235/4 234/234/4
v 1.250000 3.125000 -1.406250
v -1.250000 3.125000 -1.406250
v -1.250000 -1.000000 -1.406250
v 1.250000 -1.000000 -1.406250
vt 0.023438 1.000000
vt 0.101562 1.000000
vt 0.101562 0.871094
vt 0.023438 0.871094
f 237/237/1 240/240/1 239/239/1 238/238/1
v -1.250000 3.125000 -1.375000
v 1.250000 3.125000 -1.375000
v 1.250000 -1.000000 -1.375000
v -1.250000 -1.000000 -1.375000
vt 0.023438 1.000000
vt 0.101562 1.000000
vt 0.101562 0.871094
vt 0.023438 0.871094
f 241/241/2 244/244/2 243/243/2 242/242/2
v 1.250000 3.125000 1.375000
v -1.250000 3.125000 1.375000
v -1.250000 -1.000000 1.375000
v 1.250000 -1.000000 1.375000
vt 0.023438 1.000000
vt 0.101562 1.000000
vt 0.101562 0.871094
vt 0.023438 0.871094
f 245/245/1 248/248/1 247/247/1 246/246/1
v -1.250000 3.125000 1.406250
v 1.250000 3.125000 1.406250
v 1.250000 -1.000000 1.406250
v -1.250000 -1.000000 1.406250
vt 0.023438 1.000000
vt 0.101562 1.000000
vt 0.101562 0.871094
vt 0.023438 0.871094
f 249/249/2 252/252/2 251/251/2 250/250/2
v -1.250000 3.125000 -1.250000
v -1.437500 3.125000 -1.250000
v -1.437500 -1.000000 -1.250000
v -1.250000 -1.000000 -1.250000
vt 0.312500 1.000000
vt 0.318359 1.000000
vt 0.318359 0.871094
vt 0.312500 0.871094
f 253/253/1 256/256/1 255/255/1 254/254/1
v -1.437500 3.125000 1.250000
v -1.250000 3.125000 1.250000
v -1.250000 -1.000000 1.250000
v -1.437500 -1.000000 1.250000
vt 0.312500 1.000000
vt 0.318359 1.000000
vt 0.318359 0.871094
vt 0.312500 0.871094
f 257/257/2 260/260/2 259/259/2 258/258/2
v -1.437500 3.125000 -1.250000
v -1.437500 3.125000 1.250000
v -1.437500 -1.000000 1.250000
v -1.437500 -1.000000 -1.250000
vt 0.101562 1.000000
vt 0.179688 1.000000
vt 0.179688 0.871094
vt 0.101562 0.871094
f 261/261/3 264/264/3 263/263/3 262/262/3
v -1.250000 3.125000 1.250000
v -1.250000 3.125000 -1.250000
v -1.250000 -1.000000 -1.250000
v -1.250000 -1.000000 1.250000
vt 0.179688 1.000000
vt 0.257812 1.000000
vt 0.257812 0.871094
vt 0.179688 0.871094
f 265/265/4 268/268/4 267/267/4 266/266/4
v -1.437500 0.750000 -0.500000
v -1.500000 0.750000 -0.500000
v -1.500000 0.000000 -0.500000
v -1.437500 0.000000 -0.500000
vt 0.998047 0.386719
vt 1.000000 0.386719
vt 1.000000 0.363281
vt 0.998047 0.363281
f 269/269/1 272/272/1 271/271/1 270/270/1
v -1.500000 0.750000 0.500000
v -1.437500 0.750000 0.500000
v -1.437500 0.000000 0.500000
v -1.500000 0.000000 0.500000
vt 0.996094 0.326172
vt 0.998047 0.326172
vt 0.998047 0.302734
vt 0.996094 0.302734
f 273/273/2 276/276/2 275/275/2 274/274/2
v -1.500000 0.750000 -0.500000
v -1.500000 0.750000 0.500000
v -1.500000 0.000000 0.500000
v -1.500000 0.000000 -0.500000
vt 0.181641 0.076172
vt 0.212891 0.076172
vt 0.212891 0.052734
vt 0.181641 0.052734
f 277/277/3 280/280/3 279/279/3 278/278/3
v -1.500000 0.750000 -0.500000
v -1.437500 0.750000 -0.500000
v -1.437500 0.750000 0.500000
v -1.500000 0.750000 0.500000
vt 0.998047 1.000000
vt 1.000000 1.000000
vt 1.000000 0.968750
vt 0.998047 0.968750
f 281/281/5 284/284/5 283/283/5 282/282/5
v -1.500000 0.000000 0.500000
v -1.437500 0.000000 0.500000
v -1.437500 0.000000 -0.500000
v -1.500000 0.000000 -0.500000
vt 0.996094 0.386719
vt 0.998047 0.386719
vt 0.998047 0.355469
vt 0.996094 0.355469
f 285/285/6 288/288/6 287/287/6 286/286/6
v 1.562500 1.125000 -1.562500
v -1.562500 1.125000 -1.562500
v -1.562500 0.875000 -1.562500
v 1.562500 0.875000 -1.562500
vt 0.468750 0.050781
vt 0.566406 0.050781
vt 0.566406 0.042969
vt 0.468750 0.042969
f 289/289/1 292/292/1 291/291/1 290/290/1
v -1.562500 1.125000 1.562500
v 1.562500 1.125000 1.562500
v 1.562500 0.875000 1.562500
v -1.562500 0.875000 1.562500
vt 0.468750 0.050781
vt 0.566406 0.050781
vt 0.566406 0.042969
vt 0.468750 0.042969
f 293/293/2 296/296/2 295/295/2 294/294/2
v -1.562500 1.125000 -1.562500
v -1.562500 1.125000 1.562500
v -1.562500 0.875000 1.562500
v -1.562500 0.875000 -1.562500
vt 0.468750 0.050781
vt 0.566406 0.050781
vt 0.566406 0.042969
vt 0.468750 0.042969
f 297/297/3 300/300/3 299/299/3 298/298/3
v 1.562500 1.125000 1.562500
v 1.562500 1.125000 -1.562500
v 1.562500 0.875000 -1.562500
v 1.562500 0.875000 1.562500
vt 0.468750 0.050781
vt 0.566406 0.050781
vt 0.566406 0.042969
vt 0.468750 0.042969
f 301/301/4 304/304/4 303/303/4 302/302/4
v -1.562500 1.125000 -1.562500
v 1.562500 1.125000 -1.562500
v 1.562500 1.125000 1.562500
v -1.562500 1.125000 1.562500
vt 0.000000 0.484375
vt 0.097656 0.484375
vt 0.097656 0.386719
vt 0.000000 0.386719
f 305/305/5 308/308/5 307/307/5 306/306/5
v -1.562500 0.875000 1.562500
v 1.562500 0.875000 1.562500
v 1.562500 0.875000 -1.562500
v -1.562500 0.875000 -1.562500
vt 0.000000 0.484375
vt 0.097656 0.484375
vt 0.097656 0.386719
vt 0.000000 0.386719
f 309/309/6 312/312/6 311/311/6 310/310/6
v 3.625000 -0.375000 2.500000
v 3.000000 -0.375000 2.500000
v 3.000000 -1.000000 2.500000
v 3.625000 -1.000000 2.500000
vt 0.291016 0.076172
vt 0.310547 0.076172
vt 0.310547 0.056641
vt 0.291016 0.056641
f 313/313/1 316/316/1 315/315/1 314/314/1
v 3.000000 -0.375000 3.375000
v 3.625000 -0.375000 3.375000
v 3.625000 -1.000000 3.375000
v 3.000000 -1.000000 3.375000
vt 0.291016 0.076172
vt 0.310547 0.076172
vt 0.310547 0.056641
vt 0.291016 0.056641
f 317/317/2 320/320/2 319/319/2 318/318/2
v 3.000000 -0.375000 2.500000
v 3.000000 -0.375000 3.375000
v 3.000000 -1.000000 3.375000
v 3.000000 -1.000000 2.500000
vt 0.236328 0.076172
vt 0.263672 0.076172
vt 0.263672 0.056641
vt 0.236328 0.056641
f 321/321/3 324/324/3 323/323/3 322/322/3
v 3.625000 -0.375000 3.375000
v 3.625000 -0.375000 2.500000
v 3.625000 -1.000000 2.500000
v 3.625000 -1.000000 3.375000
vt 0.236328 0.076172
vt 0.263672 0.076172
vt 0.263672 0.056641
vt 0.236328 0.056641
f 325/325/4 328/328/4 327/327/4 326/326/4
v 3.000000 -0.375000 2.500000
v 3.625000 -0.375000 2.500000
v 3.625000 -0.375000 3.375000
v 3.000000 -0.375000 3.375000
vt 0.978516 0.226562
vt 0.998047 0.226562
vt 0.998047 0.199219
vt 0.978516 0.199219
f 329/329/5 332/332/5 331/331/5 330/330/5
v -2.500000 -0.375000 3.000000
v -3.375000 -0.375000 3.000000
v -3.375000 -1.000000 3.000000
v -2.500000 -1.000000 3.000000
vt 0.236328 0.076172
vt 0.263672 0.076172
vt 0.263672 0.056641
vt 0.236328 0.056641
f 333/333/1 336/336/1 335/335/1 334/334/1
v -3.375000 -0.375000 3.625000
v -2.500000 -0.375000 3.625000
v -2.500000 -1.000000 3.625000
v -3.375000 -1.000000 3.625000
vt 0.236328 0.076172
vt 0.263672 0.076172
vt 0.263672 0.056641
vt 0.236328 0.056641
f 337/337/2 340/340/2 339/339/2 338/338/2
v -3.375000 -0.375000 3.000000
v -3.375000 -0.375000 3.625000
v -3.375000 -1.000000 3.625000
v -3.375000 -1.000000 3.000000
vt 0.291016 0.076172
vt 0.310547 0.076172
vt 0.310547 0.056641
vt 0.291016 0.056641
f 341/341/3 344/344/3 343/343/3 342/342/3
v -2.500000 -0.375000 3.625000
v -2.500000 -0.375000 3.000000
v -2.500000 -1.000000 3.000000
v -2.500000 -1.000000 3.625000
vt 0.291016 0.076172
vt 0.310547 0.076172
vt 0.310547 0.056641
vt 0.291016 0.056641
f 345/345/4 348/348/4 347/347/4 346/346/4
v -3.375000 -0.375000 3.000000
v -2.500000 -0.375000 3.000000
v -2.500000 -0.375000 3.625000
v -3.375000 -0.375000 3.625000
vt 0.263672 0.076172
vt 0.291016 0.076172
vt 0.291016 0.056641
vt 0.263672 0.056641
f 349/349/5 352/352/5 351/351/5 350/350/5
v -3.000000 -0.375000 -3.375000
v -3.625000 -0.375000 -3.375000
v -3.625000 -1.000000 -3.375000
v -3.000000 -1.000000 -3.375000
vt 0.291016 0.076172
vt 0.310547 0.076172
vt 0.310547 0.056641
vt 0.291016 0.056641
f 353/353/1 356/356/1 355/355/1 354/354/1
v -3.625000 -0.375000 -2.500000
v -3.000000 -0.375000 -2.500000
v -3.000000 -1.000000 -2.500000
v -3.625000 -1.000000 -2.500000
vt 0.291016 0.076172
vt 0.310547 0.076172
vt 0.310547 0.056641
vt 0.291016 0.056641
f 357/357/2 360/360/2 359/359/2 358/358/2
v -3.625000 -0.375000 -3.375000
v -3.625000 -0.375000 -2.500000
v -3.625000 -1.000000 -2.500000
v -3.625000 -1.000000 -3.375000
vt 0.236328 0.076172
vt 0.263672 0.076172
vt 0.263672 0.056641
vt 0.236328 0.056641
f 361/361/3 364/364/3 363/363/3 362/362/3
v -3.000000 -0.375000 -2.500000
v -3.000000 -0.375000 -3.375000
v -3.000000 -1.000000 -3.375000
v -3.000000 -1.000000 -2.500000
vt 0.236328 0.076172
vt 0.263672 0.076172
vt 0.263672 0.056641
vt 0.236328 0.056641
f 365/365/4 368/368/4 367/367/4 366/366/4
v -3.625000 -0.375000 -3.375000
v -3.000000 -0.375000 -3.375000
v -3.000000 -0.375000 -2.500000
v -3.625000 -0.375000 -2.500000
vt 0.978516 0.226562
vt 0.998047 0.226562
vt 0.998047 0.199219
vt 0.978516 0.199219
f 369/369/5 372/372/5 371/371/5 370/370/5
v 3.375000 -0.375000 -3.625000
v 2.500000 -0.375000 -3.625000
v 2.500000 -1.000000 -3.625000
v 3.375000 -1.000000 -3.625000
vt 0.236328 0.076172
vt 0.263672 0.076172
vt 0.263672 0.056641
vt 0.236328 0.056641
f 373/373/1 376/376/1 375/375/1 374/374/1
v 2.500000 -0.375000 -3.000000
v 3.375000 -0.375000 -3.000000
v 3.375000 -1.000000 -3.000000
v 2.500000 -1.000000 -3.000000
vt 0.236328 0.076172
vt 0.263672 0.076172
vt 0.263672 0.056641
vt 0.236328 0.056641
f 377/377/2 380/380/2 379/379/2 378/378/2
v 2.500000 -0.375000 -3.625000
v 2.500000 -0.375000 -3.000000
v 2.500000 -1.000000 -3.000000
v 2.500000 -1.000000 -3.625000
vt 0.291016 0.076172
vt 0.310547 0.076172
vt 0.310547 0.056641
vt 0.291016 0.056641
f 381/381/3 384/384/3 383/383/3 382/382/3
v 3.375000 -0.375000 -3.000000
v 3.375000 -0.375000 -3.625000
v 3.375000 -1.000000 -3.625000
v 3.375000 -1.000000 -3.000000
vt 0.291016 0.076172
vt 0.310547 0.076172
vt 0.310547 0.056641
vt 0.291016 0.056641
f 385/385/4 388/388/4 387/387/4 386/386/4
v 2.500000 -0.375000 -3.625000
v 3.375000 -0.375000 -3.625000
v 3.375000 -0.375000 -3.000000
v 2.500000 -0.375000 -3.000000
vt 0.263672 0.076172
vt 0.291016 0.076172
vt 0.291016 0.056641
vt 0.263672 0.056641
f 389/389/5 392/392/5 391/391/5 390/390/5
v 5.250000 5.812500 -1.875000
v -5.250000 5.812500 -1.875000
v -5.250000 4.187500 -1.875000
v 5.250000 4.187500 -1.875000
vt 0.210938 0.326172
vt 0.539062 0.326172
vt 0.539062 0.275391
vt 0.210938 0.275391
f 393/393/1 396/396/1 395/395/1 394/394/1
v -5.250000 5.812500 1.875000
v 5.250000 5.812500 1.875000
v 5.250000 4.187500 1.875000
v -5.250000 4.187500 1.875000
vt 0.210938 0.326172
vt 0.539062 0.326172
vt 0.539062 0.275391
vt 0.210938 0.275391
f 397/397/2 400/400/2 399/399/2 398/398/2
v -5.250000 5.812500 -1.875000
v -5.250000 5.812500 1.875000
v -5.250000 4.187500 1.875000
v -5.250000 4.187500 -1.875000
vt 0.839844 0.484375
vt 0.957031 0.484375
vt 0.957031 0.433594
vt 0.839844 0.433594
f 401/401/3 404/404/3 403/403/3 402/402/3
v 5.250000 5.812500 1.875000
v 5.250000 5.812500 -1.875000
v 5.250000 4.187500 -1.875000
v 5.250000 4.187500 1.875000
vt 0.839844 0.484375
vt 0.957031 0.484375
vt 0.957031 0.433594
vt 0.839844 0.433594
f 405/405/4 408/408/4 407/407/4 406/406/4
v -5.250000 5.812500 -1.875000
v 5.250000 5.812500 -1.875000
v 5.250000 5.812500 1.875000
v -5.250000 5.812500 1.875000
vt 0.671875 0.726562
vt 1.000000 0.726562
vt 1.000000 0.609375
vt 0.671875 0.609375
f 409/409/5 412/412/5 411/411/5 410/410/5
v 3.750000 5.812500 -3.750000
v -3.750000 5.812500 -3.750000
v -3.750000 4.187500 -3.750000
v 3.750000 4.187500 -3.750000
vt 0.539062 0.326172
vt 0.773438 0.326172
vt 0.773438 0.275391
vt 0.539062 0.275391
f 413/413/1 416/416/1 415/415/1 414/414/1
v -3.750000 5.812500 -3.750000
v -3.750000 5.812500 -1.875000
v -3.750000 4.187500 -1.875000
v -3.750000 4.187500 -3.750000
vt 0.890625 0.326172
vt 0.949219 0.326172
vt 0.949219 0.275391
vt 0.890625 0.275391
f 417/417/3 420/420/3 419/419/3 418/418/3
v 3.750000 5.812500 -1.875000
v 3.750000 5.812500 -3.750000
v 3.750000 4.187500 -3.750000
v 3.750000 4.187500 -1.875000
vt 0.890625 0.326172
vt 0.949219 0.326172
vt 0.949219 0.275391
vt 0.890625 0.275391
f 421/421/4 424/424/4 423/423/4 422/422/4
v -3.750000 5.812500 -3.750000
v 3.750000 5.812500 -3.750000
v 3.750000 5.812500 -1.875000
v -3.750000 5.812500 -1.875000
vt 0.484375 0.386719
vt 0.718750 0.386719
vt 0.718750 0.328125
vt 0.484375 0.328125
f 425/425/5 428/428/5 427/427/5 426/426/5
v -3.750000 5.812500 3.750000
v 3.750000 5.812500 3.750000
v 3.750000 4.187500 3.750000
v -3.750000 4.187500 3.750000
vt 0.539062 0.326172
vt 0.773438 0.326172
vt 0.773438 0.275391
vt 0.539062 0.275391
f 429/429/2 432/432/2 431/431/2 430/430/2
v -3.750000 5.812500 1.875000
v -3.750000 5.812500 3.750000
v -3.750000 4.187500 3.750000
v -3.750000 4.187500 1.875000
vt 0.890625 0.326172
vt 0.949219 0.326172
vt 0.949219 0.275391
vt 0.890625 0.275391
f 433/433/3 436/436/3 435/435/3 434/434/3
v 3.750000 5.812500 3.750000
v 3.750000 5.812500 1.875000
v 3.750000 4.187500 1.875000
v 3.750000 4.187500 3.750000
vt 0.890625 0.326172
vt 0.949219 0.326172
vt 0.949219 0.275391
vt 0.890625 0.275391
f 437/437/4 440/440/4 439/439/4 438/438/4
v -3.750000 5.812500 1.875000
v 3.750000 5.812500 1.875000
v 3.750000 5.812500 3.750000
v -3.750000 5.812500 3.750000
vt 0.484375 0.386719
vt 0.718750 0.386719
vt 0.718750 0.328125
vt 0.484375 0.328125
f 441/441/5 444/444/5 443/443/5 442/442/5
v 1.875000 5.812500 -5.250000
v -1.875000 5.812500 -5.250000
v -1.875000 4.187500 -5.250000
v 1.875000 4.187500 -5.250000
vt 0.773438 0.326172
vt 0.890625 0.326172
vt 0.890625 0.275391
vt 0.773438 0.275391
f 445/445/1 448/448/1 447/447/1 446/446/1
v -1.875000 5.812500 -5.250000
v -1.875000 5.812500 -3.750000
v -1.875000 4.187500 -3.750000
v -1.875000 4.187500 -5.250000
vt 0.949219 0.326172
vt 0.996094 0.326172
vt 0.996094 0.275391
vt 0.949219 0.275391
f 449/449/3 452/452/3 451/451/3 450/450/3
v 1.875000 5.812500 -3.750000
v 1.875000 5.812500 -5.250000
v 1.875000 4.187500 -5.250000
v 1.875000 4.187500 -3.750000
vt 0.949219 0.326172
vt 0.996094 0.326172
vt 0.996094 0.275391
vt 0.949219 0.275391
f 453/453/4 456/456/4 455/455/4 454/454/4
v -1.875000 5.812500 -5.250000
v 1.875000 5.812500 -5.250000
v 1.875000 5.812500 -3.750000
v -1.875000 5.812500 -3.750000
vt 0.355469 0.226562
vt 0.472656 0.226562
vt 0.472656 0.179688
vt 0.355469 0.179688
f 457/457/5 460/460/5 459/459/5 458/458/5
v -1.875000 5.812500 5.250000
v 1.875000 5.812500 5.250000
v 1.875000 4.187500 5.250000
v -1.875000 4.187500 5.250000
vt 0.773438 0.326172
vt 0.890625 0.326172
vt 0.890625 0.275391
vt 0.773438 0.275391
f 461/461/2 464/464/2 463/463/2 462/462/2
v -1.875000 5.812500 3.750000
v -1.875000 5.812500 5.250000
v -1.875000 4.187500 5.250000
v -1.875000 4.187500 3.750000
vt 0.949219 0.326172
vt 0.996094 0.326172
vt 0.996094 0.275391
vt 0.949219 0.275391
f 465/465/3 468/468/3 467/467/3 466/466/3
v 1.875000 5.812500 5.250000
v 1.875000 5.812500 3.750000
v 1.875000 4.187500 3.750000
v 1.875000 4.187500 5.250000
vt 0.949219 0.326172
vt 0.996094 0.326172
vt 0.996094 0.275391
vt 0.949219 0.275391
f 469/469/4 472/472/4 471/471/4 470/470/4
v -1.875000 5.812500 3.750000
v 1.875000 5.812500 3.750000
v 1.875000 5.812500 5.250000
v -1.875000 5.812500 5.250000
vt 0.355469 0.226562
vt 0.472656 0.226562
vt 0.472656 0.179688
vt 0.355469 0.179688
f 473/473/5 476/476/5 475/475/5 474/474/5
v 5.000000 6.937500 -1.812500
v -5.000000 6.937500 -1.812500
v -5.000000 5.812500 -1.812500
v 5.000000 5.812500 -1.812500
vt 0.335938 0.179688
vt 0.648438 0.179688
vt 0.648438 0.144531
vt 0.335938 0.144531
f 477/477/1 480/480/1 479/479/1 478/478/1
v -5.000000 6.937500 1.812500
v 5.000000 6.937500 1.812500
v 5.000000 5.812500 1.812500
v -5.000000 5.812500 1.812500
vt 0.335938 0.179688
vt 0.648438 0.179688
vt 0.648438 0.144531
vt 0.335938 0.144531
f 481/481/2 484/484/2 483/483/2 482/482/2
v -5.000000 6.937500 -1.812500
v -5.000000 6.937500 1.812500
v -5.000000 5.812500 1.812500
v -5.000000 5.812500 -1.812500
vt 0.468750 0.144531
vt 0.582031 0.144531
vt 0.582031 0.109375
vt 0.468750 0.109375
f 485/485/3 488/488/3 487/487/3 486/486/3
v 5.000000 6.937500 1.812500
v 5.000000 6.937500 -1.812500
v 5.000000 5.812500 -1.812500
v 5.000000 5.812500 1.812500
vt 0.468750 0.144531
vt 0.582031 0.144531
vt 0.582031 0.109375
vt 0.468750 0.109375
f 489/489/4 492/492/4 491/491/4 490/490/4
v -5.000000 6.937500 -1.812500
v 5.000000 6.937500 -1.812500
v 5.000000 6.937500 1.812500
v -5.000000 6.937500 1.812500
vt 0.335938 0.605469
vt 0.648438 0.605469
vt 0.648438 0.492188
vt 0.335938 0.492188
f 493/493/5 496/496/5 495/495/5 494/494/5
v 3.625000 6.937500 -3.625000
v -3.625000 6.937500 -3.625000
v -3.625000 5.812500 -3.625000
v 3.625000 5.812500 -3.625000
vt 0.000000 0.144531
vt 0.226562 0.144531
vt 0.226562 0.109375
vt 0.000000 0.109375
f 497/497/1 500/500/1 499/499/1 498/498/1
v -3.625000 6.937500 -3.625000
v -3.625000 6.937500 -1.812500
v -3.625000 5.812500 -1.812500
v -3.625000 5.812500 -3.625000
vt 0.785156 0.144531
vt 0.841797 0.144531
vt 0.841797 0.109375
vt 0.785156 0.109375
f 501/501/3 504/504/3 503/503/3 502/502/3
v 3.625000 6.937500 -1.812500
v 3.625000 6.937500 -3.625000
v 3.625000 5.812500 -3.625000
v 3.625000 5.812500 -1.812500
vt 0.785156 0.144531
vt 0.841797 0.144531
vt 0.841797 0.109375
vt 0.785156 0.109375
f 505/505/4 508/508/4 507/507/4 506/506/4
v -3.625000 6.937500 -3.625000
v 3.625000 6.937500 -3.625000
v 3.625000 6.937500 -1.812500
v -3.625000 6.937500 -1.812500
vt 0.718750 0.386719
vt 0.945312 0.386719
vt 0.945312 0.330078
vt 0.718750 0.330078
f 509/509/5 512/512/5 511/511/5 510/510/5
v -3.625000 6.937500 3.625000
v 3.625000 6.937500 3.625000
v 3.625000 5.812500 3.625000
v -3.625000 5.812500 3.625000
vt 0.000000 0.144531
vt 0.226562 0.144531
vt 0.226562 0.109375
vt 0.000000 0.109375
f 513/513/2 516/516/2 515/515/2 514/514/2
v -3.625000 6.937500 1.812500
v -3.625000 6.937500 3.625000
v -3.625000 5.812500 3.625000
v -3.625000 5.812500 1.812500
vt 0.785156 0.144531
vt 0.841797 0.144531
vt 0.841797 0.109375
vt 0.785156 0.109375
f 517/517/3 520/520/3 519/519/3 518/518/3
v 3.625000 6.937500 3.625000
v 3.625000 6.937500 1.812500
v 3.625000 5.812500 1.812500
v 3.625000 5.812500 3.625000
vt 0.785156 0.144531
vt 0.841797 0.144531
vt 0.841797 0.109375
vt 0.785156 0.109375
f 521/521/4 524/524/4 523/523/4 522/522/4
v -3.625000 6.937500 1.812500
v 3.625000 6.937500 1.812500
v 3.625000 6.937500 3.625000
v -3.625000 6.937500 3.625000
vt 0.718750 0.386719
vt 0.945312 0.386719
vt 0.945312 0.330078
vt 0.718750 0.330078
f 525/525/5 528/528/5 527/527/5 526/526/5
v 1.812500 6.937500 -5.000000
v -1.812500 6.937500 -5.000000
v -1.812500 5.812500 -5.000000
v 1.812500 5.812500 -5.000000
vt 0.582031 0.144531
vt 0.695312 0.144531
vt 0.695312 0.109375
vt 0.582031 0.109375
f 529/529/1 532/532/1 531/531/1 530/530/1
v -1.812500 6.937500 -5.000000
v -1.812500 6.937500 -3.625000
v -1.812500 5.812500 -3.625000
v -1.812500 5.812500 -5.000000
vt 0.957031 0.484375
vt 1.000000 0.484375
vt 1.000000 0.449219
vt 0.957031 0.449219
f 533/533/3 536/536/3 535/535/3 534/534/3
v 1.812500 6.937500 -3.625000
v 1.812500 6.937500 -5.000000
v 1.812500 5.812500 -5.000000
v 1.812500 5.812500 -3.625000
vt 0.957031 0.484375
vt 1.000000 0.484375
vt 1.000000 0.449219
vt 0.957031 0.449219
f 537/537/4 540/540/4 539/539/4 538/538/4
v -1.812500 6.937500 -5.000000
v 1.812500 6.937500 -5.000000
v 1.812500 6.937500 -3.625000
v -1.812500 6.937500 -3.625000
vt 0.699219 0.226562
vt 0.812500 0.226562
vt 0.812500 0.183594
vt 0.699219 0.183594
f 541/541/5 544/544/5 543/543/5 542/542/5
v -1.812500 6.937500 5.000000
v 1.812500 6.937500 5.000000
v 1.812500 5.812500 5.000000
v -1.812500 5.812500 5.000000
vt 0.582031 0.144531
vt 0.695312 0.144531
vt 0.695312 0.109375
vt 0.582031 0.109375
f 545/545/2 548/548/2 547/547/2 546/546/2
v -1.812500 6.937500 3.625000
v -1.812500 6.937500 5.000000
v -1.812500 5.812500 5.000000
v -1.812500 5.812500 3.625000
vt 0.957031 0.484375
vt 1.000000 0.484375
vt 1.000000 0.449219
vt 0.957031 0.449219
f 549/549/3 552/552/3 551/551/3 550/550/3
v 1.812500 6.937500 5.000000
v 1.812500 6.937500 3.625000
v 1.812500 5.812500 3.625000
v 1.812500 5.812500 5.000000
vt 0.957031 0.484375
vt 1.000000 0.484375
vt 1.000000 0.449219
vt 0.957031 0.449219
f 553/553/4 556/556/4 555/555/4 554/554/4
v -1.812500 6.937500 3.625000
v 1.812500 6.937500 3.625000
v 1.812500 6.937500 5.000000
v -1.812500 6.937500 5.000000
vt 0.699219 0.226562
vt 0.812500 0.226562
vt 0.812500 0.183594
vt 0.699219 0.183594
f 557/557/5 560/560/5 559/559/5 558/558/5
v 4.000000 7.125000 -1.437500
v -4.000000 7.125000 -1.437500
v -4.000000 7.093750 -1.437500
v 4.000000 7.093750 -1.437500
vt 0.720703 0.039062
vt 0.970703 0.039062
vt 0.970703 0.037109
vt 0.720703 0.037109
f 561/561/1 564/564/1 563/563/1 562/562/1
v -4.000000 7.125000 1.437500
v 4.000000 7.125000 1.437500
v 4.000000 7.093750 1.437500
v -4.000000 7.093750 1.437500
vt 0.720703 0.039062
vt 0.970703 0.039062
vt 0.970703 0.037109
vt 0.720703 0.037109
f 565/565/2 568/568/2 567/567/2 566/566/2
v -4.000000 7.125000 -1.437500
v -4.000000 7.125000 1.437500
v -4.000000 7.093750 1.437500
v -4.000000 7.093750 -1.437500
vt 0.179688 0.033203
vt 0.269531 0.033203
vt 0.269531 0.031250
vt 0.179688 0.031250
f 569/569/3 572/572/3 571/571/3 570/570/3
v 4.000000 7.125000 1.437500
v 4.000000 7.125000 -1.437500
v 4.000000 7.093750 -1.437500
v 4.000000 7.093750 1.437500
vt 0.179688 0.033203
vt 0.269531 0.033203
vt 0.269531 0.031250
vt 0.179688 0.031250
f 573/573/4 576/576/4 575/575/4 574/574/4
v -4.000000 7.125000 -1.437500
v 4.000000 7.125000 -1.437500
v 4.000000 7.125000 1.437500
v -4.000000 7.125000 1.437500
vt 0.097656 0.484375
vt 0.347656 0.484375
vt 0.347656 0.394531
vt 0.097656 0.394531
f 577/577/5 580/580/5 579/579/5 578/578/5
v 2.875000 7.125000 -2.875000
v -2.875000 7.125000 -2.875000
v -2.875000 7.093750 -2.875000
v 2.875000 7.093750 -2.875000
vt 0.000000 0.033203
vt 0.179688 0.033203
vt 0.179688 0.031250
vt 0.000000 0.031250
f 581/581/1 584/584/1 583/583/1 582/582/1
v -2.875000 7.125000 -2.875000
v -2.875000 7.125000 -1.437500
v -2.875000 7.093750 -1.437500
v -2.875000 7.093750 -2.875000
vt 0.437500 0.033203
vt 0.482422 0.033203
vt 0.482422 0.031250
vt 0.437500 0.031250
f 585/585/3 588/588/3 587/587/3 586/586/3
v 2.875000 7.125000 -1.437500
v 2.875000 7.125000 -2.875000
v 2.875000 7.093750 -2.875000
v 2.875000 7.093750 -1.437500
vt 0.437500 0.033203
vt 0.482422 0.033203
vt 0.482422 0.031250
vt 0.437500 0.031250
f 589/589/4 592/592/4 591/591/4 590/590/4
v -2.875000 7.125000 -2.875000
v 2.875000 7.125000 -2.875000
v 2.875000 7.125000 -1.437500
v -2.875000 7.125000 -1.437500
vt 0.519531 0.226562
vt 0.699219 0.226562
vt 0.699219 0.181641
vt 0.519531 0.181641
f 593/593/5 596/596/5 595/595/5 594/594/5
v -2.875000 7.125000 2.875000
v 2.875000 7.125000 2.875000
v 2.875000 7.093750 2.875000
v -2.875000 7.093750 2.875000
vt 0.000000 0.033203
vt 0.179688 0.033203
vt 0.179688 0.031250
vt 0.000000 0.031250
f 597/597/2 600/600/2 599/599/2 598/598/2
v -2.875000 7.125000 1.437500
v -2.875000 7.125000 2.875000
v -2.875000 7.093750 2.875000
v -2.875000 7.093750 1.437500
vt 0.437500 0.033203
vt 0.482422 0.033203
vt 0.482422 0.031250
vt 0.437500 0.031250
f 601/601/3 604/604/3 603/603/3 602/602/3
v 2.875000 7.125000 2.875000
v 2.875000 7.125000 1.437500
v 2.875000 7.093750 1.437500
v 2.875000 7.093750 2.875000
vt 0.437500 0.033203
vt 0.482422 0.033203
vt 0.482422 0.031250
vt 0.437500 0.031250
f 605/605/4 608/608/4 607/607/4 606/606/4
v -2.875000 7.125000 1.437500
v 2.875000 7.125000 1.437500
v 2.875000 7.125000 2.875000
v -2.875000 7.125000 2.875000
vt 0.519531 0.226562
vt 0.699219 0.226562
vt 0.699219 0.181641
vt 0.519531 0.181641
f 609/609/5 612/612/5 611/611/5 610/610/5
v 1.437500 7.125000 -4.000000
v -1.437500 7.125000 -4.000000
v -1.437500 7.093750 -4.000000
v 1.437500 7.093750 -4.000000
vt 0.269531 0.033203
vt 0.359375 0.033203
vt 0.359375 0.031250
vt 0.269531 0.031250
f 613/613/1 616/616/1 615/615/1 614/614/1
v -1.437500 7.125000 -4.000000
v -1.437500 7.125000 -2.875000
v -1.437500 7.093750 -2.875000
v -1.437500 7.093750 -4.000000
vt 0.482422 0.033203
vt 0.517578 0.033203
vt 0.517578 0.031250
vt 0.482422 0.031250
f 617/617/3 620/620/3 619/619/3 618/618/3
v 1.437500 7.125000 -2.875000
v 1.437500 7.125000 -4.000000
v 1.437500 7.093750 -4.000000
v 1.437500 7.093750 -2.875000
vt 0.482422 0.033203
vt 0.517578 0.033203
vt 0.517578 0.031250
vt 0.482422 0.031250
f 621/621/4 624/624/4 623/623/4 622/622/4
v -1.437500 7.125000 -4.000000
v 1.437500 7.125000 -4.000000
v 1.437500 7.125000 -2.875000
v -1.437500 7.125000 -2.875000
vt 0.695312 0.144531
vt 0.785156 0.144531
vt 0.785156 0.109375
vt 0.695312 0.109375
f 625/625/5 628/628/5 627/627/5 626/626/5
v -1.437500 7.125000 4.000000
v 1.437500 7.125000 4.000000
v 1.437500 7.093750 4.000000
v -1.437500 7.093750 4.000000
vt 0.269531 0.033203
vt 0.359375 0.033203
vt 0.359375 0.031250
vt 0.269531 0.031250
f 629/629/2 632/632/2 631/631/2 630/630/2
v -1.437500 7.125000 2.875000
v -1.437500 7.125000 4.000000
v -1.437500 7.093750 4.000000
v -1.437500 7.093750 2.875000
vt 0.482422 0.033203
vt 0.517578 0.033203
vt 0.517578 0.031250
vt 0.482422 0.031250
f 633/633/3 636/636/3 635/635/3 634/634/3
v 1.437500 7.125000 4.000000
v 1.437500 7.125000 2.875000
v 1.437500 7.093750 2.875000
v 1.437500 7.093750 4.000000
vt 0.482422 0.033203
vt 0.517578 0.033203
vt 0.517578 0.031250
vt 0.482422 0.031250
f 637/637/4 640/640/4 639/639/4 638/638/4
v -1.437500 7.125000 2.875000
v 1.437500 7.125000 2.875000
v 1.437500 7.125000 4.000000
v -1.437500 7.125000 4.000000
vt 0.695312 0.144531
vt 0.785156 0.144531
vt 0.785156 0.109375
vt 0.695312 0.109375
f 641/641/5 644/644/5 643/643/5 642/642/5
v 1.750000 7.906250 -1.750000
v -1.750000 7.906250 -1.750000
v -1.750000 7.093750 -1.750000
v 1.750000 7.093750 -1.750000
vt 0.000000 0.076172
vt 0.109375 0.076172
vt 0.109375 0.050781
vt 0.000000 0.050781
f 645/645/1 648/648/1 647/647/1 646/646/1
v -1.750000 7.906250 1.750000
v 1.750000 7.906250 1.750000
v 1.750000 7.093750 1.750000
v -1.750000 7.093750 1.750000
vt 0.000000 0.076172
vt 0.109375 0.076172
vt 0.109375 0.050781
vt 0.000000 0.050781
f 649/649/2 652/652/2 651/651/2 650/650/2
v -1.750000 7.906250 -1.750000
v -1.750000 7.906250 1.750000
v -1.750000 7.093750 1.750000
v -1.750000 7.093750 -1.750000
vt 0.000000 0.076172
vt 0.109375 0.076172
vt 0.109375 0.050781
vt 0.000000 0.050781
f 653/653/3 656/656/3 655/655/3 654/654/3
v 1.750000 7.906250 1.750000
v 1.750000 7.906250 -1.750000
v 1.750000 7.093750 -1.750000
v 1.750000 7.093750 1.750000
vt 0.000000 0.076172
vt 0.109375 0.076172
vt 0.109375 0.050781
vt 0.000000 0.050781
f 657/657/4 660/660/4 659/659/4 658/658/4
v -1.750000 7.906250 -1.750000
v 1.750000 7.906250 -1.750000
v 1.750000 7.906250 1.750000
v -1.750000 7.906250 1.750000
vt 0.787109 1.000000
vt 0.896484 1.000000
vt 0.896484 0.890625
vt 0.787109 0.890625
f 661/661/5 664/664/5 663/663/5 662/662/5
v 1.250000 8.093750 -1.250000
v -1.250000 8.093750 -1.250000
v -1.250000 8.062500 -1.250000
v 1.250000 8.062500 -1.250000
vt 0.359375 0.033203
vt 0.437500 0.033203
vt 0.437500 0.031250
vt 0.359375 0.031250
f 665/665/1 668/668/1 667/667/1 666/666/1
v -1.250000 8.093750 1.250000
v 1.250000 8.093750 1.250000
v 1.250000 8.062500 1.250000
v -1.250000 8.062500 1.250000
vt 0.359375 0.033203
vt 0.437500 0.033203
vt 0.437500 0.031250
vt 0.359375 0.031250
f 669/669/2 672/672/2 671/671/2 670/670/2
v -1.250000 8.093750 -1.250000
v -1.250000 8.093750 1.250000
v -1.250000 8.062500 1.250000
v -1.250000 8.062500 -1.250000
vt 0.359375 0.033203
vt 0.437500 0.033203
vt 0.437500 0.031250
vt 0.359375 0.031250
f 673/673/3 676/676/3 675/675/3 674/674/3
v 1.250000 8.093750 1.250000
v 1.250000 8.093750 -1.250000
v 1.250000 8.062500 -1.250000
v 1.250000 8.062500 1.250000
vt 0.359375 0.033203
vt 0.437500 0.033203
vt 0.437500 0.031250
vt 0.359375 0.031250
f 677/677/4 680/680/4 679/679/4 678/678/4
v -1.250000 8.093750 -1.250000
v 1.250000 8.093750 -1.250000
v 1.250000 8.093750 1.250000
v -1.250000 8.093750 1.250000
vt 0.904297 1.000000
vt 0.982422 1.000000
vt 0.982422 0.921875
vt 0.904297 0.921875
f 681/681/5 684/684/5 683/683/5 682/682/5
v 5.312500 5.687500 -0.187500
v 5.250000 5.687500 -0.187500
v 5.250000 5.500000 -0.187500
v 5.312500 5.500000 -0.187500
vt 0.998047 0.226562
vt 1.000000 0.226562
vt 1.000000 0.220703
vt 0.998047 0.220703
f 685/685/1 688/688/1 687/687/1 686/686/1
v 5.250000 5.687500 0.187500
v 5.312500 5.687500 0.187500
v 5.312500 5.500000 0.187500
v 5.250000 5.500000 0.187500
vt 0.998047 0.226562
vt 1.000000 0.226562
vt 1.000000 0.220703
vt 0.998047 0.220703
f 689/689/2 692/692/2 691/691/2 690/690/2
v 5.312500 5.687500 0.187500
v 5.312500 5.687500 -0.187500
v 5.312500 5.500000 -0.187500
v 5.312500 5.500000 0.187500
vt 0.982422 0.076172
vt 0.994141 0.076172
vt 0.994141 0.070312
vt 0.982422 0.070312
f 693/693/4 696/696/4 695/695/4 694/694/4
v 5.250000 5.687500 -0.187500
v 5.312500 5.687500 -0.187500
v 5.312500 5.687500 0.187500
v 5.250000 5.687500 0.187500
vt 0.998047 0.326172
vt 1.000000 0.326172
vt 1.000000 0.314453
vt 0.998047 0.314453
f 697/697/5 700/700/5 699/699/5 698/698/5
v 5.250000 5.500000 0.187500
v 5.312500 5.500000 0.187500
v 5.312500 5.500000 -0.187500
v 5.250000 5.500000 -0.187500
vt 0.998047 0.326172
vt 1.000000 0.326172
vt 1.000000 0.314453
vt 0.998047 0.314453
f 701/701/6 704/704/6 703/703/6 702/702/6
v -0.187500 5.687500 5.312500
v 0.187500 5.687500 5.312500
v 0.187500 5.500000 5.312500
v -0.187500 5.500000 5.312500
vt 0.982422 0.076172
vt 0.994141 0.076172
vt 0.994141 0.070312
vt 0.982422 0.070312
f 705/705/2 708/708/2 707/707/2 706/706/2
v -0.187500 5.687500 5.250000
v -0.187500 5.687500 5.312500
v -0.187500 5.500000 5.312500
v -0.187500 5.500000 5.250000
vt 0.998047 0.226562
vt 1.000000 0.226562
vt 1.000000 0.220703
vt 0.998047 0.220703
f 709/709/3 712/712/3 711/711/3 710/710/3
v 0.187500 5.687500 5.312500
v 0.187500 5.687500 5.250000
v 0.187500 5.500000 5.250000
v 0.187500 5.500000 5.312500
vt 0.998047 0.226562
vt 1.000000 0.226562
vt 1.000000 0.220703
vt 0.998047 0.220703
f 713/713/4 716/716/4 715/715/4 714/714/4
v -0.187500 5.687500 5.250000
v 0.187500 5.687500 5.250000
v 0.187500 5.687500 5.312500
v -0.187500 5.687500 5.312500
vt 0.970703 0.039062
vt 0.982422 0.039062
vt 0.982422 0.037109
vt 0.970703 0.037109
f 717/717/5 720/720/5 719/719/5 718/718/5
v -0.187500 5.500000 5.312500
v 0.187500 5.500000 5.312500
v 0.187500 5.500000 5.250000
v -0.187500 5.500000 5.250000
vt 0.970703 0.039062
vt 0.982422 0.039062
vt 0.982422 0.037109
vt 0.970703 0.037109
f 721/721/6 724/724/6 723/723/6 722/722/6
v -5.250000 5.687500 -0.187500
v -5.312500 5.687500 -0.187500
v -5.312500 5.500000 -0.187500
v -5.250000 5.500000 -0.187500
vt 0.998047 0.226562
vt 1.000000 0.226562
vt 1.000000 0.220703
vt 0.998047 0.220703
f 725/725/1 728/728/1 727/727/1 726/726/1
v -5.312500 5.687500 0.187500
v -5.250000 5.687500 0.187500
v -5.250000 5.500000 0.187500
v -5.312500 5.500000 0.187500
vt 0.998047 0.226562
vt 1.000000 0.226562
vt 1.000000 0.220703
vt 0.998047 0.220703
f 729/729/2 732/732/2 731/731/2 730/730/2
v -5.312500 5.687500 -0.187500
v -5.312500 5.687500 0.187500
v -5.312500 5.500000 0.187500
v -5.312500 5.500000 -0.187500
vt 0.982422 0.076172
vt 0.994141 0.076172
vt 0.994141 0.070312
vt 0.982422 0.070312
f 733/733/3 736/736/3 735/735/3 734/734/3
v -5.312500 5.687500 -0.187500
v -5.250000 5.687500 -0.187500
v -5.250000 5.687500 0.187500
v -5.312500 5.687500 0.187500
vt 0.998047 0.326172
vt 1.000000 0.326172
vt 1.000000 0.314453
vt 0.998047 0.314453
f 737/737/5 740/740/5 739/739/5 738/738/5
v -5.312500 5.500000 0.187500
v -5.250000 5.500000 0.187500
v -5.250000 5.500000 -0.187500
v -5.312500 5.500000 -0.187500
vt 0.998047 0.326172
vt 1.000000 0.326172
vt 1.000000 0.314453
vt 0.998047 0.314453
f 741/741/6 744/744/6 743/743/6 742/742/6
v 0.187500 5.687500 -5.312500
v -0.187500 5.687500 -5.312500
v -0.187500 5.500000 -5.312500
v 0.187500 5.500000 -5.312500
vt 0.982422 0.076172
vt 0.994141 0.076172
vt 0.994141 0.070312
vt 0.982422 0.070312
f 745/745/1 748/748/1 747/747/1 746/746/1
v -0.187500 5.687500 -5.312500
v -0.187500 5.687500 -5.250000
v -0.187500 5.500000 -5.250000
v -0.187500 5.500000 -5.312500
vt 0.998047 0.226562
vt 1.000000 0.226562
vt 1.000000 0.220703
vt 0.998047 0.220703
f 749/749/3 752/752/3 751/751/3 750/750/3
v 0.187500 5.687500 -5.250000
v 0.187500 5.687500 -5.312500
v 0.187500 5.500000 -5.312500
v 0.187500 5.500000 -5.250000
vt 0.998047 0.226562
vt 1.000000 0.226562
vt 1.000000 0.220703
vt 0.998047 0.220703
f 753/753/4 756/756/4 755/755/4 754/754/4
v -0.187500 5.687500 -5.312500
v 0.187500 5.687500 -5.312500
v 0.187500 5.687500 -5.250000
v -0.187500 5.687500 -5.250000
vt 0.970703 0.039062
vt 0.982422 0.039062
vt 0.982422 0.037109
vt 0.970703 0.037109
f 757/757/5 760/760/5 759/759/5 758/758/5
v -0.187500 5.500000 -5.250000
v 0.187500 5.500000 -5.250000
v 0.187500 5.500000 -5.312500
v -0.187500 5.500000 -5.312500
vt 0.970703 0.039062
vt 0.982422 0.039062
vt 0.982422 0.037109
vt 0.970703 0.037109
f 761/761/6 764/764/6 763/763/6 762/762/6
o DarkBody
v 5.375000 -1.000000 -1.937500
v -5.375000 -1.000000 -1.937500
v -5.375000 -2.125000 -1.937500
v 5.375000 -2.125000 -1.937500
vt 0.000000 0.179688
vt 0.335938 0.179688
vt 0.335938 0.144531
vt 0.000000 0.144531
f 765/765/1 768/768/1 767/767/1 766/766/1
v -5.375000 -1.000000 1.937500
v 5.375000 -1.000000 1.937500
v 5.375000 -2.125000 1.937500
v -5.375000 -2.125000 1.937500
vt 0.000000 0.179688
vt 0.335938 0.179688
vt 0.335938 0.144531
vt 0.000000 0.144531
f 769/769/2 772/772/2 771/771/2 770/770/2
v -5.375000 -1.000000 -1.937500
v -5.375000 -1.000000 1.937500
v -5.375000 -2.125000 1.937500
v -5.375000 -2.125000 -1.937500
vt 0.226562 0.144531
vt 0.347656 0.144531
vt 0.347656 0.109375
vt 0.226562 0.109375
f 773/773/3 776/776/3 775/775/3 774/774/3
v 5.375000 -1.000000 1.937500
v 5.375000 -1.000000 -1.937500
v 5.375000 -2.125000 -1.937500
v 5.375000 -2.125000 1.937500
vt 0.226562 0.144531
vt 0.347656 0.144531
vt 0.347656 0.109375
vt 0.226562 0.109375
f 777/777/4 780/780/4 779/779/4 778/778/4
v -5.375000 -2.125000 1.937500
v 5.375000 -2.125000 1.937500
v 5.375000 -2.125000 -1.937500
v -5.375000 -2.125000 -1.937500
vt 0.000000 0.726562
vt 0.335938 0.726562
vt 0.335938 0.605469
vt 0.000000 0.605469
f 781/781/6 784/784/6 783/783/6 782/782/6
v 3.875000 -1.000000 -3.875000
v -3.875000 -1.000000 -3.875000
v -3.875000 -2.125000 -3.875000
v 3.875000 -2.125000 -3.875000
vt 0.648438 0.179688
vt 0.890625 0.179688
vt 0.890625 0.144531
vt 0.648438 0.144531
f 785/785/1 788/788/1 787/787/1 786/786/1
v -3.875000 -1.000000 -3.875000
v -3.875000 -1.000000 -1.937500
v -3.875000 -2.125000 -1.937500
v -3.875000 -2.125000 -3.875000
vt 0.917969 0.226562
vt 0.978516 0.226562
vt 0.978516 0.191406
vt 0.917969 0.191406
f 789/789/3 792/792/3 791/791/3 790/790/3
v 3.875000 -1.000000 -1.937500
v 3.875000 -1.000000 -3.875000
v 3.875000 -2.125000 -3.875000
v 3.875000 -2.125000 -1.937500
vt 0.917969 0.226562
vt 0.978516 0.226562
vt 0.978516 0.191406
vt 0.917969 0.191406
f 793/793/4 796/796/4 795/795/4 794/794/4
v -3.875000 -2.125000 -1.937500
v 3.875000 -2.125000 -1.937500
v 3.875000 -2.125000 -3.875000
v -3.875000 -2.125000 -3.875000
vt 0.597656 0.484375
vt 0.839844 0.484375
vt 0.839844 0.423828
vt 0.597656 0.423828
f 797/797/6 800/800/6 799/799/6 798/798/6
v -3.875000 -1.000000 3.875000
v 3.875000 -1.000000 3.875000
v 3.875000 -2.125000 3.875000
v -3.875000 -2.125000 3.875000
vt 0.648438 0.179688
vt 0.890625 0.179688
vt 0.890625 0.144531
vt 0.648438 0.144531
f 801/801/2 804/804/2 803/803/2 802/802/2
v -3.875000 -1.000000 1.937500
v -3.875000 -1.000000 3.875000
v -3.875000 -2.125000 3.875000
v -3.875000 -2.125000 1.937500
vt 0.917969 0.226562
vt 0.978516 0.226562
vt 0.978516 0.191406
vt 0.917969 0.191406
f 805/805/3 808/808/3 807/807/3 806/806/3
v 3.875000 -1.000000 3.875000
v 3.875000 -1.000000 1.937500
v 3.875000 -2.125000 1.937500
v 3.875000 -2.125000 3.875000
vt 0.917969 0.226562
vt 0.978516 0.226562
vt 0.978516 0.191406
vt 0.917969 0.191406
f 809/809/4 812/812/4 811/811/4 810/810/4
v -3.875000 -2.125000 3.875000
v 3.875000 -2.125000 3.875000
v 3.875000 -2.125000 1.937500
v -3.875000 -2.125000 1.937500
vt 0.597656 0.484375
vt 0.839844 0.484375
vt 0.839844 0.423828
vt 0.597656 0.423828
f 813/813/6 816/816/6 815/815/6 814/814/6
v 1.937500 -1.000000 -5.375000
v -1.937500 -1.000000 -5.375000
v -1.937500 -2.125000 -5.375000
v 1.937500 -2.125000 -5.375000
vt 0.347656 0.144531
vt 0.468750 0.144531
vt 0.468750 0.109375
vt 0.347656 0.109375
f 817/817/1 820/820/1 819/819/1 818/818/1
v -1.937500 -1.000000 -5.375000
v -1.937500 -1.000000 -3.875000
v -1.937500 -2.125000 -3.875000
v -1.937500 -2.125000 -5.375000
vt 0.841797 0.144531
vt 0.888672 0.144531
vt 0.888672 0.109375
vt 0.841797 0.109375
f 821/821/3 824/824/3 823/823/3 822/822/3
v 1.937500 -1.000000 -3.875000
v 1.937500 -1.000000 -5.375000
v 1.937500 -2.125000 -5.375000
v 1.937500 -2.125000 -3.875000
vt 0.841797 0.144531
vt 0.888672 0.144531
vt 0.888672 0.109375
vt 0.841797 0.109375
f 825/825/4 828/828/4 827/827/4 826/826/4
v -1.937500 -2.125000 -3.875000
v 1.937500 -2.125000 -3.875000
v 1.937500 -2.125000 -5.375000
v -1.937500 -2.125000 -5.375000
vt 0.687500 0.273438
vt 0.808594 0.273438
vt 0.808594 0.226562
vt 0.687500 0.226562
f 829/829/6 832/832/6 831/831/6 830/830/6
v -1.937500 -1.000000 5.375000
v 1.937500 -1.000000 5.375000
v 1.937500 -2.125000 5.375000
v -1.937500 -2.125000 5.375000
vt 0.347656 0.144531
vt 0.468750 0.144531
vt 0.468750 0.109375
vt 0.347656 0.109375
f 833/833/2 836/836/2 835/835/2 834/834/2
v -1.937500 -1.000000 3.875000
v -1.937500 -1.000000 5.375000
v -1.937500 -2.125000 5.375000
v -1.937500 -2.125000 3.875000
vt 0.841797 0.144531
vt 0.888672 0.144531
vt 0.888672 0.109375
vt 0.841797 0.109375
f 837/837/3 840/840/3 839/839/3 838/838/3
v 1.937500 -1.000000 5.375000
v 1.937500 -1.000000 3.875000
v 1.937500 -2.125000 3.875000
v 1.937500 -2.125000 5.375000
vt 0.841797 0.144531
vt 0.888672 0.144531
vt 0.888672 0.109375
vt 0.841797 0.109375
f 841/841/4 844/844/4 843/843/4 842/842/4
v -1.937500 -2.125000 5.375000
v 1.937500 -2.125000 5.375000
v 1.937500 -2.125000 3.875000
v -1.937500 -2.125000 3.875000
vt 0.687500 0.273438
vt 0.808594 0.273438
vt 0.808594 0.226562
vt 0.687500 0.226562
f 845/845/6 848/848/6 847/847/6 846/846/6
v 5.375000 4.187500 -1.937500
v -5.375000 4.187500 -1.937500
v -5.375000 3.125000 -1.937500
v 5.375000 3.125000 -1.937500
vt 0.000000 0.109375
vt 0.335938 0.109375
vt 0.335938 0.076172
vt 0.000000 0.076172
f 849/849/1 852/852/1 851/851/1 850/850/1
v -5.375000 4.187500 1.937500
v 5.375000 4.187500 1.937500
v 5.375000 3.125000 1.937500
v -5.375000 3.125000 1.937500
vt 0.000000 0.109375
vt 0.335938 0.109375
vt 0.335938 0.076172
vt 0.000000 0.076172
f 853/853/2 856/856/2 855/855/2 854/854/2
v -5.375000 4.187500 -1.937500
v -5.375000 4.187500 1.937500
v -5.375000 3.125000 1.937500
v -5.375000 3.125000 -1.937500
vt 0.578125 0.109375
vt 0.699219 0.109375
vt 0.699219 0.076172
vt 0.578125 0.076172
f 857/857/3 860/860/3 859/859/3 858/858/3
v 5.375000 4.187500 1.937500
v 5.375000 4.187500 -1.937500
v 5.375000 3.125000 -1.937500
v 5.375000 3.125000 1.937500
vt 0.578125 0.109375
vt 0.699219 0.109375
vt 0.699219 0.076172
vt 0.578125 0.076172
f 861/861/4 864/864/4 863/863/4 862/862/4
v -5.375000 4.187500 -1.937500
v 5.375000 4.187500 -1.937500
v 5.375000 4.187500 1.937500
v -5.375000 4.187500 1.937500
vt 0.335938 0.726562
vt 0.671875 0.726562
vt 0.671875 0.605469
vt 0.335938 0.605469
f 865/865/5 868/868/5 867/867/5 866/866/5
v -5.375000 3.125000 1.937500
v 5.375000 3.125000 1.937500
v 5.375000 3.125000 -1.937500
v -5.375000 3.125000 -1.937500
vt 0.335938 0.726562
vt 0.671875 0.726562
vt 0.671875 0.605469
vt 0.335938 0.605469
f 869/869/6 872/872/6 871/871/6 870/870/6
v 3.875000 4.187500 -3.875000
v -3.875000 4.187500 -3.875000
v -3.875000 3.125000 -3.875000
v 3.875000 3.125000 -3.875000
vt 0.335938 0.109375
vt 0.578125 0.109375
vt 0.578125 0.076172
vt 0.335938 0.076172
f 873/873/1 876/876/1 875/875/1 874/874/1
v -3.875000 4.187500 -3.875000
v -3.875000 4.187500 -1.937500
v -3.875000 3.125000 -1.937500
v -3.875000 3.125000 -3.875000
vt 0.888672 0.144531
vt 0.949219 0.144531
vt 0.949219 0.111328
vt 0.888672 0.111328
f 877/877/3 880/880/3 879/879/3 878/878/3
v 3.875000 4.187500 -1.937500
v 3.875000 4.187500 -3.875000
v 3.875000 3.125000 -3.875000
v 3.875000 3.125000 -1.937500
vt 0.888672 0.144531
vt 0.949219 0.144531
vt 0.949219 0.111328
vt 0.888672 0.111328
f 881/881/4 884/884/4 883/883/4 882/882/4
v -3.875000 4.187500 -3.875000
v 3.875000 4.187500 -3.875000
v 3.875000 4.187500 -1.937500
v -3.875000 4.187500 -1.937500
vt 0.000000 0.386719
vt 0.242188 0.386719
vt 0.242188 0.326172
vt 0.000000 0.326172
f 885/885/5 888/888/5 887/887/5 886/886/5
v -3.875000 3.125000 -1.937500
v 3.875000 3.125000 -1.937500
v 3.875000 3.125000 -3.875000
v -3.875000 3.125000 -3.875000
vt 0.000000 0.386719
vt 0.242188 0.386719
vt 0.242188 0.326172
vt 0.000000 0.326172
f 889/889/6 892/892/6 891/891/6 890/890/6
v -3.875000 4.187500 3.875000
v 3.875000 4.187500 3.875000
v 3.875000 3.125000 3.875000
v -3.875000 3.125000 3.875000
vt 0.335938 0.109375
vt 0.578125 0.109375
vt 0.578125 0.076172
vt 0.335938 0.076172
f 893/893/2 896/896/2 895/895/2 894/894/2
v -3.875000 4.187500 1.937500
v -3.875000 4.187500 3.875000
v -3.875000 3.125000 3.875000
v -3.875000 3.125000 1.937500
vt 0.888672 0.144531
vt 0.949219 0.144531
vt 0.949219 0.111328
vt 0.888672 0.111328
f 897/897/3 900/900/3 899/899/3 898/898/3
v 3.875000 4.187500 3.875000
v 3.875000 4.187500 1.937500
v 3.875000 3.125000 1.937500
v 3.875000 3.125000 3.875000
vt 0.888672 0.144531
vt 0.949219 0.144531
vt 0.949219 0.111328
vt 0.888672 0.111328
f 901/901/4 904/904/4 903/903/4 902/902/4
v -3.875000 4.187500 1.937500
v 3.875000 4.187500 1.937500
v 3.875000 4.187500 3.875000
v -3.875000 4.187500 3.875000
vt 0.000000 0.386719
vt 0.242188 0.386719
vt 0.242188 0.326172
vt 0.000000 0.326172
f 905/905/5 908/908/5 907/907/5 906/906/5
v -3.875000 3.125000 3.875000
v 3.875000 3.125000 3.875000
v 3.875000 3.125000 1.937500
v -3.875000 3.125000 1.937500
vt 0.000000 0.386719
vt 0.242188 0.386719
vt 0.242188 0.326172
vt 0.000000 0.326172
f 909/909/6 912/912/6 911/911/6 910/910/6
v 1.937500 4.187500 -5.375000
v -1.937500 4.187500 -5.375000
v -1.937500 3.125000 -5.375000
v 1.937500 3.125000 -5.375000
vt 0.699219 0.109375
vt 0.820312 0.109375
vt 0.820312 0.076172
vt 0.699219 0.076172
f 913/913/1 916/916/1 915/915/1 914/914/1
v -1.937500 4.187500 -5.375000
v -1.937500 4.187500 -3.875000
v -1.937500 3.125000 -3.875000
v -1.937500 3.125000 -5.375000
vt 0.949219 0.144531
vt 0.996094 0.144531
vt 0.996094 0.111328
vt 0.949219 0.111328
f 917/917/3 920/920/3 919/919/3 918/918/3
v 1.937500 4.187500 -3.875000
v 1.937500 4.187500 -5.375000
v 1.937500 3.125000 -5.375000
v 1.937500 3.125000 -3.875000
vt 0.949219 0.144531
vt 0.996094 0.144531
vt 0.996094 0.111328
vt 0.949219 0.111328
f 921/921/4 924/924/4 923/923/4 922/922/4
v -1.937500 4.187500 -5.375000
v 1.937500 4.187500 -5.375000
v 1.937500 4.187500 -3.875000
v -1.937500 4.187500 -3.875000
vt 0.808594 0.273438
vt 0.929688 0.273438
vt 0.929688 0.226562
vt 0.808594 0.226562
f 925/925/5 928/928/5 927/927/5 926/926/5
v -1.937500 3.125000 -3.875000
v 1.937500 3.125000 -3.875000
v 1.937500 3.125000 -5.375000
v -1.937500 3.125000 -5.375000
vt 0.808594 0.273438
vt 0.929688 0.273438
vt 0.929688 0.226562
vt 0.808594 0.226562
f 929/929/6 932/932/6 931/931/6 930/930/6
v -1.937500 4.187500 5.375000
v 1.937500 4.187500 5.375000
v 1.937500 3.125000 5.375000
v -1.937500 3.125000 5.375000
vt 0.699219 0.109375
vt 0.820312 0.109375
vt 0.820312 0.076172
vt 0.699219 0.076172
f 933/933/2 936/936/2 935/935/2 934/934/2
v -1.937500 4.187500 3.875000
v -1.937500 4.187500 5.375000
v -1.937500 3.125000 5.375000
v -1.937500 3.125000 3.875000
vt 0.949219 0.144531
vt 0.996094 0.144531
vt 0.996094 0.111328
vt 0.949219 0.111328
f 937/937/3 940/940/3 939/939/3 938/938/3
v 1.937500 4.187500 5.375000
v 1.937500 4.187500 3.875000
v 1.937500 3.125000 3.875000
v 1.937500 3.125000 5.375000
vt 0.949219 0.144531
vt 0.996094 0.144531
vt 0.996094 0.111328
vt 0.949219 0.111328
f 941/941/4 944/944/4 943/943/4 942/942/4
v -1.937500 4.187500 3.875000
v 1.937500 4.187500 3.875000
v 1.937500 4.187500 5.375000
v -1.937500 4.187500 5.375000
vt 0.808594 0.273438
vt 0.929688 0.273438
vt 0.929688 0.226562
vt 0.808594 0.226562
f 945/945/5 948/948/5 947/947/5 946/946/5
v -1.937500 3.125000 5.375000
v 1.937500 3.125000 5.375000
v 1.937500 3.125000 3.875000
v -1.937500 3.125000 3.875000
vt 0.808594 0.273438
vt 0.929688 0.273438
vt 0.929688 0.226562
vt 0.808594 0.226562
f 949/949/6 952/952/6 951/951/6 950/950/6
v 5.500000 -2.250000 -1.750000
v 5.250000 -2.250000 -1.750000
v 5.250000 -3.375000 -1.750000
v 5.500000 -3.375000 -1.750000
vt 0.990234 1.000000
vt 0.998047 1.000000
vt 0.998047 0.964844
vt 0.990234 0.964844
f 953/953/1 956/956/1 955/955/1 954/954/1
v 5.250000 -2.250000 1.750000
v 5.500000 -2.250000 1.750000
v 5.500000 -3.375000 1.750000
v 5.250000 -3.375000 1.750000
vt 0.990234 1.000000
vt 0.998047 1.000000
vt 0.998047 0.964844
vt 0.990234 0.964844
f 957/957/2 960/960/2 959/959/2 958/958/2
v 5.500000 -2.250000 1.750000
v 5.500000 -2.250000 -1.750000
v 5.500000 -3.375000 -1.750000
v 5.500000 -3.375000 1.750000
vt 0.890625 0.179688
vt 1.000000 0.179688
vt 1.000000 0.144531
vt 0.890625 0.144531
f 961/961/4 964/964/4 963/963/4 962/962/4
v 5.250000 -2.250000 -1.750000
v 5.500000 -2.250000 -1.750000
v 5.500000 -2.250000 1.750000
v 5.250000 -2.250000 1.750000
vt 0.896484 1.000000
vt 0.904297 1.000000
vt 0.904297 0.890625
vt 0.896484 0.890625
f 965/965/5 968/968/5 967/967/5 966/966/5
v 5.250000 -3.375000 1.750000
v 5.500000 -3.375000 1.750000
v 5.500000 -3.375000 -1.750000
v 5.250000 -3.375000 -1.750000
vt 0.896484 1.000000
vt 0.904297 1.000000
vt 0.904297 0.890625
vt 0.896484 0.890625
f 969/969/6 972/972/6 971/971/6 970/970/6
v -1.750000 -2.250000 5.500000
v 1.750000 -2.250000 5.500000
v 1.750000 -3.375000 5.500000
v -1.750000 -3.375000 5.500000
vt 0.890625 0.179688
vt 1.000000 0.179688
vt 1.000000 0.144531
vt 0.890625 0.144531
f 973/973/2 976/976/2 975/975/2 974/974/2
v -1.750000 -2.250000 5.250000
v -1.750000 -2.250000 5.500000
v -1.750000 -3.375000 5.500000
v -1.750000 -3.375000 5.250000
vt 0.990234 1.000000
vt 0.998047 1.000000
vt 0.998047 0.964844
vt 0.990234 0.964844
f 977/977/3 980/980/3 979/979/3 978/978/3
v 1.750000 -2.250000 5.500000
v 1.750000 -2.250000 5.250000
v 1.750000 -3.375000 5.250000
v 1.750000 -3.375000 5.500000
vt 0.990234 1.000000
vt 0.998047 1.000000
vt 0.998047 0.964844
vt 0.990234 0.964844
f 981/981/4 984/984/4 983/983/4 982/982/4
v -1.750000 -2.250000 5.250000
v 1.750000 -2.250000 5.250000
v 1.750000 -2.250000 5.500000
v -1.750000 -2.250000 5.500000
vt 0.359375 0.050781
vt 0.468750 0.050781
vt 0.468750 0.042969
vt 0.359375 0.042969
f 985/985/5 988/988/5 987/987/5 986/986/5
v -1.750000 -3.375000 5.500000
v 1.750000 -3.375000 5.500000
v 1.750000 -3.375000 5.250000
v -1.750000 -3.375000 5.250000
vt 0.359375 0.050781
vt 0.468750 0.050781
vt 0.468750 0.042969
vt 0.359375 0.042969
f 989/989/6 992/992/6 991/991/6 990/990/6
v -5.250000 -2.250000 -1.750000
v -5.500000 -2.250000 -1.750000
v -5.500000 -3.375000 -1.750000
v -5.250000 -3.375000 -1.750000
vt 0.990234 1.000000
vt 0.998047 1.000000
vt 0.998047 0.964844
vt 0.990234 0.964844
f 993/993/1 996/996/1 995/995/1 994/994/1
v -5.500000 -2.250000 1.750000
v -5.250000 -2.250000 1.750000
v -5.250000 -3.375000 1.750000
v -5.500000 -3.375000 1.750000
vt 0.990234 1.000000
vt 0.998047 1.000000
vt 0.998047 0.964844
vt 0.990234 0.964844
f 997/997/2 1000/1000/2 999/999/2 998/998/2
v -5.500000 -2.250000 -1.750000
v -5.500000 -2.250000 1.750000
v -5.500000 -3.375000 1.750000
v -5.500000 -3.375000 -1.750000
vt 0.890625 0.179688
vt 1.000000 0.179688
vt 1.000000 0.144531
vt 0.890625 0.144531
f 1001/1001/3 1004/1004/3 1003/1003/3 1002/1002/3
v -5.500000 -2.250000 -1.750000
v -5.250000 -2.250000 -1.750000
v -5.250000 -2.250000 1.750000
v -5.500000 -2.250000 1.750000
vt 0.896484 1.000000
vt 0.904297 1.000000
vt 0.904297 0.890625
vt 0.896484 0.890625
f 1005/1005/5 1008/1008/5 1007/1007/5 1006/1006/5
v -5.500000 -3.375000 1.750000
v -5.250000 -3.375000 1.750000
v -5.250000 -3.375000 -1.750000
v -5.500000 -3.375000 -1.750000
vt 0.896484 1.000000
vt 0.904297 1.000000
vt 0.904297 0.890625
vt 0.896484 0.890625
f 1009/1009/6 1012/1012/6 1011/1011/6 1010/1010/6
v 1.750000 -2.250000 -5.500000
v -1.750000 -2.250000 -5.500000
v -1.750000 -3.375000 -5.500000
v 1.750000 -3.375000 -5.500000
vt 0.890625 0.179688
vt 1.000000 0.179688
vt 1.000000 0.144531
vt 0.890625 0.144531
f 1013/1013/1 1016/1016/1 1015/1015/1 1014/1014/1
v -1.750000 -2.250000 -5.500000
v -1.750000 -2.250000 -5.250000
v -1.750000 -3.375000 -5.250000
v -1.750000 -3.375000 -5.500000
vt 0.990234 1.000000
vt 0.998047 1.000000
vt 0.998047 0.964844
vt 0.990234 0.964844
f 1017/1017/3 1020/1020/3 1019/1019/3 1018/1018/3
v 1.750000 -2.250000 -5.250000
v 1.750000 -2.250000 -5.500000
v 1.750000 -3.375000 -5.500000
v 1.750000 -3.375000 -5.250000
vt 0.990234 1.000000
vt 0.998047 1.000000
vt 0.998047 0.964844
vt 0.990234 0.964844
f 1021/1021/4 1024/1024/4 1023/1023/4 1022/1022/4
v -1.750000 -2.250000 -5.500000
v 1.750000 -2.250000 -5.500000
v 1.750000 -2.250000 -5.250000
v -1.750000 -2.250000 -5.250000
vt 0.359375 0.050781
vt 0.468750 0.050781
vt 0.468750 0.042969
vt 0.359375 0.042969
f 1025/1025/5 1028/1028/5 1027/1027/5 1026/1026/5
v -1.750000 -3.375000 -5.250000
v 1.750000 -3.375000 -5.250000
v 1.750000 -3.375000 -5.500000
v -1.750000 -3.375000 -5.500000
vt 0.359375 0.050781
vt 0.468750 0.050781
vt 0.468750 0.042969
vt 0.359375 0.042969
f 1029/1029/6 1032/1032/6 1031/1031/6 1030/1030/6
v 5.593750 -2.625000 -0.250000
v 5.500000 -2.625000 -0.250000
v 5.500000 -3.000000 -0.250000
v 5.593750 -3.000000 -0.250000
vt 0.996094 0.144531
vt 1.000000 0.144531
vt 1.000000 0.132812
vt 0.996094 0.132812
f 1033/1033/1 1036/1036/1 1035/1035/1 1034/1034/1
v 5.500000 -2.625000 0.250000
v 5.593750 -2.625000 0.250000
v 5.593750 -3.000000 0.250000
v 5.500000 -3.000000 0.250000
vt 0.996094 0.144531
vt 1.000000 0.144531
vt 1.000000 0.132812
vt 0.996094 0.132812
f 1037/1037/2 1040/1040/2 1039/1039/2 1038/1038/2
v 5.593750 -2.625000 0.250000
v 5.593750 -2.625000 -0.250000
v 5.593750 -3.000000 -0.250000
v 5.593750 -3.000000 0.250000
vt 0.955078 0.076172
vt 0.970703 0.076172
vt 0.970703 0.064453
vt 0.955078 0.064453
f 1041/1041/4 1044/1044/4 1043/1043/4 1042/1042/4
v 5.500000 -2.625000 -0.250000
v 5.593750 -2.625000 -0.250000
v 5.593750 -2.625000 0.250000
v 5.500000 -2.625000 0.250000
vt 0.996094 0.273438
vt 1.000000 0.273438
vt 1.000000 0.257812
vt 0.996094 0.257812
f 1045/1045/5 1048/1048/5 1047/1047/5 1046/1046/5
v 5.500000 -3.000000 0.250000
v 5.593750 -3.000000 0.250000
v 5.593750 -3.000000 -0.250000
v 5.500000 -3.000000 -0.250000
vt 0.996094 0.273438
vt 1.000000 0.273438
vt 1.000000 0.257812
vt 0.996094 0.257812
f 1049/1049/6 1052/1052/6 1051/1051/6 1050/1050/6
v -0.250000 -2.625000 5.593750
v 0.250000 -2.625000 5.593750
v 0.250000 -3.000000 5.593750
v -0.250000 -3.000000 5.593750
vt 0.955078 0.076172
vt 0.970703 0.076172
vt 0.970703 0.064453
vt 0.955078 0.064453
f 1053/1053/2 1056/1056/2 1055/1055/2 1054/1054/2
v -0.250000 -2.625000 5.500000
v -0.250000 -2.625000 5.593750
v -0.250000 -3.000000 5.593750
v -0.250000 -3.000000 5.500000
vt 0.996094 0.144531
vt 1.000000 0.144531
vt 1.000000 0.132812
vt 0.996094 0.132812
f 1057/1057/3 1060/1060/3 1059/1059/3 1058/1058/3
v 0.250000 -2.625000 5.593750
v 0.250000 -2.625000 5.500000
v 0.250000 -3.000000 5.500000
v 0.250000 -3.000000 5.593750
vt 0.996094 0.144531
vt 1.000000 0.144531
vt 1.000000 0.132812
vt 0.996094 0.132812
f 1061/1061/4 1064/1064/4 1063/1063/4 1062/1062/4
v -0.250000 -2.625000 5.500000
v 0.250000 -2.625000 5.500000
v 0.250000 -2.625000 5.593750
v -0.250000 -2.625000 5.593750
vt 0.697266 0.039062
vt 0.712891 0.039062
vt 0.712891 0.035156
vt 0.697266 0.035156
f 1065/1065/5 1068/1068/5 1067/1067/5 1066/1066/5
v -0.250000 -3.000000 5.593750
v 0.250000 -3.000000 5.593750
v 0.250000 -3.000000 5.500000
v -0.250000 -3.000000 5.500000
vt 0.697266 0.039062
vt 0.712891 0.039062
vt 0.712891 0.035156
vt 0.697266 0.035156
f 1069/1069/6 1072/1072/6 1071/1071/6 1070/1070/6
v -5.500000 -2.625000 -0.250000
v -5.593750 -2.625000 -0.250000
v -5.593750 -3.000000 -0.250000
v -5.500000 -3.000000 -0.250000
vt 0.996094 0.144531
vt 1.000000 0.144531
vt 1.000000 0.132812
vt 0.996094 0.132812
f 1073/1073/1 1076/1076/1 1075/1075/1 1074/1074/1
v -5.593750 -2.625000 0.250000
v -5.500000 -2.625000 0.250000
v -5.500000 -3.000000 0.250000
v -5.593750 -3.000000 0.250000
vt 0.996094 0.144531
vt 1.000000 0.144531
vt 1.000000 0.132812
vt 0.996094 0.132812
f 1077/1077/2 1080/1080/2 1079/1079/2 1078/1078/2
v -5.593750 -2.625000 -0.250000
v -5.593750 -2.625000 0.250000
v -5.593750 -3.000000 0.250000
v -5.593750 -3.000000 -0.250000
vt 0.955078 0.076172
vt 0.970703 0.076172
vt 0.970703 0.064453
vt 0.955078 0.064453
f 1081/1081/3 1084/1084/3 1083/1083/3 1082/1082/3
v -5.593750 -2.625000 -0.250000
v -5.500000 -2.625000 -0.250000
v -5.500000 -2.625000 0.250000
v -5.593750 -2.625000 0.250000
vt 0.996094 0.273438
vt 1.000000 0.273438
vt 1.000000 0.257812
vt 0.996094 0.257812
f 1085/1085/5 1088/1088/5 1087/1087/5 1086/1086/5
v -5.593750 -3.000000 0.250000
v -5.500000 -3.000000 0.250000
v -5.500000 -3.000000 -0.250000
v -5.593750 -3.000000 -0.250000
vt 0.996094 0.273438
vt 1.000000 0.273438
vt 1.000000 0.257812
vt 0.996094 0.257812
f 1089/1089/6 1092/1092/6 1091/1091/6 1090/1090/6
v 0.250000 -2.625000 -5.593750
v -0.250000 -2.625000 -5.593750
v -0.250000 -3.000000 -5.593750
v 0.250000 -3.000000 -5.593750
vt 0.955078 0.076172
vt 0.970703 0.076172
vt 0.970703 0.064453
vt 0.955078 0.064453
f 1093/1093/1 1096/1096/1 1095/1095/1 1094/1094/1
v -0.250000 -2.625000 -5.593750
v -0.250000 -2.625000 -5.500000
v -0.250000 -3.000000 -5.500000
v -0.250000 -3.000000 -5.593750
vt 0.996094 0.144531
vt 1.000000 0.144531
vt 1.000000 0.132812
vt 0.996094 0.132812
f 1097/1097/3 1100/1100/3 1099/1099/3 1098/1098/3
v 0.250000 -2.625000 -5.500000
v 0.250000 -2.625000 -5.593750
v 0.250000 -3.000000 -5.593750
v 0.250000 -3.000000 -5.500000
vt 0.996094 0.144531
vt 1.000000 0.144531
vt 1.000000 0.132812
vt 0.996094 0.132812
f 1101/1101/4 1104/1104/4 1103/1103/4 1102/1102/4
v -0.250000 -2.625000 -5.593750
v 0.250000 -2.625000 -5.593750
v 0.250000 -2.625000 -5.500000
v -0.250000 -2.625000 -5.500000
vt 0.697266 0.039062
vt 0.712891 0.039062
vt 0.712891 0.035156
vt 0.697266 0.035156
f 1105/1105/5 1108/1108/5 1107/1107/5 1106/1106/5
v -0.250000 -3.000000 -5.500000
v 0.250000 -3.000000 -5.500000
v 0.250000 -3.000000 -5.593750
v -0.250000 -3.000000 -5.593750
vt 0.697266 0.039062
vt 0.712891 0.039062
vt 0.712891 0.035156
vt 0.697266 0.035156
f 1109/1109/6 1112/1112/6 1111/1111/6 1110/1110/6
v 5.500000 5.375000 -1.750000
v 5.250000 5.375000 -1.750000
v 5.250000 4.250000 -1.750000
v 5.500000 4.250000 -1.750000
vt 0.990234 1.000000
vt 0.998047 1.000000
vt 0.998047 0.964844
vt 0.990234 0.964844
f 1113/1113/1 1116/1116/1 1115/1115/1 1114/1114/1
v 5.250000 5.375000 1.750000
v 5.500000 5.375000 1.750000
v 5.500000 4.250000 1.750000
v 5.250000 4.250000 1.750000
vt 0.990234 1.000000
vt 0.998047 1.000000
vt 0.998047 0.964844
vt 0.990234 0.964844
f 1117/1117/2 1120/1120/2 1119/1119/2 1118/1118/2
v 5.500000 5.375000 1.750000
v 5.500000 5.375000 -1.750000
v 5.500000 4.250000 -1.750000
v 5.500000 4.250000 1.750000
vt 0.890625 0.179688
vt 1.000000 0.179688
vt 1.000000 0.144531
vt 0.890625 0.144531
f 1121/1121/4 1124/1124/4 1123/1123/4 1122/1122/4
v 5.250000 5.375000 -1.750000
v 5.500000 5.375000 -1.750000
v 5.500000 5.375000 1.750000
v 5.250000 5.375000 1.750000
vt 0.896484 1.000000
vt 0.904297 1.000000
vt 0.904297 0.890625
vt 0.896484 0.890625
f 1125/1125/5 1128/1128/5 1127/1127/5 1126/1126/5
v 5.250000 4.250000 1.750000
v 5.500000 4.250000 1.750000
v 5.500000 4.250000 -1.750000
v 5.250000 4.250000 -1.750000
vt 0.896484 1.000000
vt 0.904297 1.000000
vt 0.904297 0.890625
vt 0.896484 0.890625
f 1129/1129/6 1132/1132/6 1131/1131/6 1130/1130/6
v -1.750000 5.375000 5.500000
v 1.750000 5.375000 5.500000
v 1.750000 4.250000 5.500000
v -1.750000 4.250000 5.500000
vt 0.890625 0.179688
vt 1.000000 0.179688
vt 1.000000 0.144531
vt 0.890625 0.144531
f 1133/1133/2 1136/1136/2 1135/1135/2 1134/1134/2
v -1.750000 5.375000 5.250000
v -1.750000 5.375000 5.500000
v -1.750000 4.250000 5.500000
v -1.750000 4.250000 5.250000
vt 0.990234 1.000000
vt 0.998047 1.000000
vt 0.998047 0.964844
vt 0.990234 0.964844
f 1137/1137/3 1140/1140/3 1139/1139/3 1138/1138/3
v 1.750000 5.375000 5.500000
v 1.750000 5.375000 5.250000
v 1.750000 4.250000 5.250000
v 1.750000 4.250000 5.500000
vt 0.990234 1.000000
vt 0.998047 1.000000
vt 0.998047 0.964844
vt 0.990234 0.964844
f 1141/1141/4 1144/1144/4 1143/1143/4 1142/1142/4
v -1.750000 5.375000 5.250000
v 1.750000 5.375000 5.250000
v 1.750000 5.375000 5.500000
v -1.750000 5.375000 5.500000
vt 0.359375 0.050781
vt 0.468750 0.050781
vt 0.468750 0.042969
vt 0.359375 0.042969
f 1145/1145/5 1148/1148/5 1147/1147/5 1146/1146/5
v -1.750000 4.250000 5.500000
v 1.750000 4.250000 5.500000
v 1.750000 4.250000 5.250000
v -1.750000 4.250000 5.250000
vt 0.359375 0.050781
vt 0.468750 0.050781
vt 0.468750 0.042969
vt 0.359375 0.042969
f 1149/1149/6 1152/1152/6 1151/1151/6 1150/1150/6
v -5.250000 5.375000 -1.750000
v -5.500000 5.375000 -1.750000
v -5.500000 4.250000 -1.750000
v -5.250000 4.250000 -1.750000
vt 0.990234 1.000000
vt 0.998047 1.000000
vt 0.998047 0.964844
vt 0.990234 0.964844
f 1153/1153/1 1156/1156/1 1155/1155/1 1154/1154/1
v -5.500000 5.375000 1.750000
v -5.250000 5.375000 1.750000
v -5.250000 4.250000 1.750000
v -5.500000 4.250000 1.750000
vt 0.990234 1.000000
vt 0.998047 1.000000
vt 0.998047 0.964844
vt 0.990234 0.964844
f 1157/1157/2 1160/1160/2 1159/1159/2 1158/1158/2
v -5.500000 5.375000 -1.750000
v -5.500000 5.375000 1.750000
v -5.500000 4.250000 1.750000
v -5.500000 4.250000 -1.750000
vt 0.890625 0.179688
vt 1.000000 0.179688
vt 1.000000 0.144531
vt 0.890625 0.144531
f 1161/1161/3 1164/1164/3 1163/1163/3 1162/1162/3
v -5.500000 5.375000 -1.750000
v -5.250000 5.375000 -1.750000
v -5.250000 5.375000 1.750000
v -5.500000 5.375000 1.750000
vt 0.896484 1.000000
vt 0.904297 1.000000
vt 0.904297 0.890625
vt 0.896484 0.890625
f 1165/1165/5 1168/1168/5 1167/1167/5 1166/1166/5
v -5.500000 4.250000 1.750000
v -5.250000 4.250000 1.750000
v -5.250000 4.250000 -1.750000
v -5.500000 4.250000 -1.750000
vt 0.896484 1.000000
vt 0.904297 1.000000
vt 0.904297 0.890625
vt 0.896484 0.890625
f 1169/1169/6 1172/1172/6 1171/1171/6 1170/1170/6
v 1.750000 5.375000 -5.500000
v -1.750000 5.375000 -5.500000
v -1.750000 4.250000 -5.500000
v 1.750000 4.250000 -5.500000
vt 0.890625 0.179688
vt 1.000000 0.179688
vt 1.000000 0.144531
vt 0.890625 0.144531
f 1173/1173/1 1176/1176/1 1175/1175/1 1174/1174/1
v -1.750000 5.375000 -5.500000
v -1.750000 5.375000 -5.250000
v -1.750000 4.250000 -5.250000
v -1.750000 4.250000 -5.500000
vt 0.990234 1.000000
vt 0.998047 1.000000
vt 0.998047 0.964844
vt 0.990234 0.964844
f 1177/1177/3 1180/1180/3 1179/1179/3 1178/1178/3
v 1.750000 5.375000 -5.250000
v 1.750000 5.375000 -5.500000
v 1.750000 4.250000 -5.500000
v 1.750000 4.250000 -5.250000
vt 0.990234 1.000000
vt 0.998047 1.000000
vt 0.998047 0.964844
vt 0.990234 0.964844
f 1181/1181/4 1184/1184/4 1183/1183/4 1182/1182/4
v -1.750000 5.375000 -5.500000
v 1.750000 5.375000 -5.500000
v 1.750000 5.375000 -5.250000
v -1.750000 5.375000 -5.250000
vt 0.359375 0.050781
vt 0.468750 0.050781
vt 0.468750 0.042969
vt 0.359375 0.042969
f 1185/1185/5 1188/1188/5 1187/1187/5 1186/1186/5
v -1.750000 4.250000 -5.250000
v 1.750000 4.250000 -5.250000
v 1.750000 4.250000 -5.500000
v -1.750000 4.250000 -5.500000
vt 0.359375 0.050781
vt 0.468750 0.050781
vt 0.468750 0.042969
vt 0.359375 0.042969
f 1189/1189/6 1192/1192/6 1191/1191/6 1190/1190/6
v 4.750000 7.625000 -0.812500
v 3.125000 7.625000 -0.812500
v 3.125000 7.093750 -0.812500
v 4.750000 7.093750 -0.812500
vt 0.310547 0.076172
vt 0.361328 0.076172
vt 0.361328 0.058594
vt 0.310547 0.058594
f 1193/1193/1 1196/1196/1 1195/1195/1 1194/1194/1
v 3.125000 7.625000 0.812500
v 4.750000 7.625000 0.812500
v 4.750000 7.093750 0.812500
v 3.125000 7.093750 0.812500
vt 0.310547 0.076172
vt 0.361328 0.076172
vt 0.361328 0.058594
vt 0.310547 0.058594
f 1197/1197/2 1200/1200/2 1199/1199/2 1198/1198/2
v 3.125000 7.625000 -0.812500
v 3.125000 7.625000 0.812500
v 3.125000 7.093750 0.812500
v 3.125000 7.093750 -0.812500
vt 0.310547 0.076172
vt 0.361328 0.076172
vt 0.361328 0.058594
vt 0.310547 0.058594
f 1201/1201/3 1204/1204/3 1203/1203/3 1202/1202/3
v 4.750000 7.625000 0.812500
v 4.750000 7.625000 -0.812500
v 4.750000 7.093750 -0.812500
v 4.750000 7.093750 0.812500
vt 0.310547 0.076172
vt 0.361328 0.076172
vt 0.361328 0.058594
vt 0.310547 0.058594
f 1205/1205/4 1208/1208/4 1207/1207/4 1206/1206/4
v 3.125000 7.625000 -0.812500
v 4.750000 7.625000 -0.812500
v 4.750000 7.625000 0.812500
v 3.125000 7.625000 0.812500
vt 0.945312 0.386719
vt 0.996094 0.386719
vt 0.996094 0.335938
vt 0.945312 0.335938
f 1209/1209/5 1212/1212/5 1211/1211/5 1210/1210/5
v 0.812500 7.625000 3.125000
v -0.812500 7.625000 3.125000
v -0.812500 7.093750 3.125000
v 0.812500 7.093750 3.125000
vt 0.310547 0.076172
vt 0.361328 0.076172
vt 0.361328 0.058594
vt 0.310547 0.058594
f 1213/1213/1 1216/1216/1 1215/1215/1 1214/1214/1
v -0.812500 7.625000 4.750000
v 0.812500 7.625000 4.750000
v 0.812500 7.093750 4.750000
v -0.812500 7.093750 4.750000
vt 0.310547 0.076172
vt 0.361328 0.076172
vt 0.361328 0.058594
vt 0.310547 0.058594
f 1217/1217/2 1220/1220/2 1219/1219/2 1218/1218/2
v -0.812500 7.625000 3.125000
v -0.812500 7.625000 4.750000
v -0.812500 7.093750 4.750000
v -0.812500 7.093750 3.125000
vt 0.310547 0.076172
vt 0.361328 0.076172
vt 0.361328 0.058594
vt 0.310547 0.058594
f 1221/1221/3 1224/1224/3 1223/1223/3 1222/1222/3
v 0.812500 7.625000 4.750000
v 0.812500 7.625000 3.125000
v 0.812500 7.093750 3.125000
v 0.812500 7.093750 4.750000
vt 0.310547 0.076172
vt 0.361328 0.076172
vt 0.361328 0.058594
vt 0.310547 0.058594
f 1225/1225/4 1228/1228/4 1227/1227/4 1226/1226/4
v -0.812500 7.625000 3.125000
v 0.812500 7.625000 3.125000
v 0.812500 7.625000 4.750000
v -0.812500 7.625000 4.750000
vt 0.945312 0.386719
vt 0.996094 0.386719
vt 0.996094 0.335938
vt 0.945312 0.335938
f 1229/1229/5 1232/1232/5 1231/1231/5 1230/1230/5
v -3.125000 7.625000 -0.812500
v -4.750000 7.625000 -0.812500
v -4.750000 7.093750 -0.812500
v -3.125000 7.093750 -0.812500
vt 0.310547 0.076172
vt 0.361328 0.076172
vt 0.361328 0.058594
vt 0.310547 0.058594
f 1233/1233/1 1236/1236/1 1235/1235/1 1234/1234/1
v -4.750000 7.625000 0.812500
v -3.125000 7.625000 0.812500
v -3.125000 7.093750 0.812500
v -4.750000 7.093750 0.812500
vt 0.310547 0.076172
vt 0.361328 0.076172
vt 0.361328 0.058594
vt 0.310547 0.058594
f 1237/1237/2 1240/1240/2 1239/1239/2 1238/1238/2
v -4.750000 7.625000 -0.812500
v -4.750000 7.625000 0.812500
v -4.750000 7.093750 0.812500
v -4.750000 7.093750 -0.812500
vt 0.310547 0.076172
vt 0.361328 0.076172
vt 0.361328 0.058594
vt 0.310547 0.058594
f 1241/1241/3 1244/1244/3 1243/1243/3 1242/1242/3
v -3.125000 7.625000 0.812500
v -3.125000 7.625000 -0.812500
v -3.125000 7.093750 -0.812500
v -3.125000 7.093750 0.812500
vt 0.310547 0.076172
vt 0.361328 0.076172
vt 0.361328 0.058594
vt 0.310547 0.058594
f 1245/1245/4 1248/1248/4 1247/1247/4 1246/1246/4
v -4.750000 7.625000 -0.812500
v -3.125000 7.625000 -0.812500
v -3.125000 7.625000 0.812500
v -4.750000 7.625000 0.812500
vt 0.945312 0.386719
vt 0.996094 0.386719
vt 0.996094 0.335938
vt 0.945312 0.335938
f 1249/1249/5 1252/1252/5 1251/1251/5 1250/1250/5
v 0.812500 7.625000 -4.750000
v -0.812500 7.625000 -4.750000
v -0.812500 7.093750 -4.750000
v 0.812500 7.093750 -4.750000
vt 0.310547 0.076172
vt 0.361328 0.076172
vt 0.361328 0.058594
vt 0.310547 0.058594
f 1253/1253/1 1256/1256/1 1255/1255/1 1254/1254/1
v -0.812500 7.625000 -3.125000
v 0.812500 7.625000 -3.125000
v 0.812500 7.093750 -3.125000
v -0.812500 7.093750 -3.125000
vt 0.310547 0.076172
vt 0.361328 0.076172
vt 0.361328 0.058594
vt 0.310547 0.058594
f 1257/1257/2 1260/1260/2 1259/1259/2 1258/1258/2
v -0.812500 7.625000 -4.750000
v -0.812500 7.625000 -3.125000
v -0.812500 7.093750 -3.125000
v -0.812500 7.093750 -4.750000
vt 0.310547 0.076172
vt 0.361328 0.076172
vt 0.361328 0.058594
vt 0.310547 0.058594
f 1261/1261/3 1264/1264/3 1263/1263/3 1262/1262/3
v 0.812500 7.625000 -3.125000
v 0.812500 7.625000 -4.750000
v 0.812500 7.093750 -4.750000
v 0.812500 7.093750 -3.125000
vt 0.310547 0.076172
vt 0.361328 0.076172
vt 0.361328 0.058594
vt 0.310547 0.058594
f 1265/1265/4 1268/1268/4 1267/1267/4 1266/1266/4
v -0.812500 7.625000 -4.750000
v 0.812500 7.625000 -4.750000
v 0.812500 7.625000 -3.125000
v -0.812500 7.625000 -3.125000
vt 0.945312 0.386719
vt 0.996094 0.386719
vt 0.996094 0.335938
vt 0.945312 0.335938
f 1269/1269/5 1272/1272/5 1271/1271/5 1270/1270/5
v 3.375000 7.625000 -3.375000
v 1.750000 7.625000 -3.375000
v 1.750000 7.093750 -3.375000
v 3.375000 7.093750 -3.375000
vt 0.310547 0.076172
vt 0.361328 0.076172
vt 0.361328 0.058594
vt 0.310547 0.058594
f 1273/1273/1 1276/1276/1 1275/1275/1 1274/1274/1
v 1.750000 7.625000 -1.750000
v 3.375000 7.625000 -1.750000
v 3.375000 7.093750 -1.750000
v 1.750000 7.093750 -1.750000
vt 0.310547 0.076172
vt 0.361328 0.076172
vt 0.361328 0.058594
vt 0.310547 0.058594
f 1277/1277/2 1280/1280/2 1279/1279/2 1278/1278/2
v 1.750000 7.625000 -3.375000
v 1.750000 7.625000 -1.750000
v 1.750000 7.093750 -1.750000
v 1.750000 7.093750 -3.375000
vt 0.310547 0.076172
vt 0.361328 0.076172
vt 0.361328 0.058594
vt 0.310547 0.058594
f 1281/1281/3 1284/1284/3 1283/1283/3 1282/1282/3
v 3.375000 7.625000 -1.750000
v 3.375000 7.625000 -3.375000
v 3.375000 7.093750 -3.375000
v 3.375000 7.093750 -1.750000
vt 0.310547 0.076172
vt 0.361328 0.076172
vt 0.361328 0.058594
vt 0.310547 0.058594
f 1285/1285/4 1288/1288/4 1287/1287/4 1286/1286/4
v 1.750000 7.625000 -3.375000
v 3.375000 7.625000 -3.375000
v 3.375000 7.625000 -1.750000
v 1.750000 7.625000 -1.750000
vt 0.945312 0.386719
vt 0.996094 0.386719
vt 0.996094 0.335938
vt 0.945312 0.335938
f 1289/1289/5 1292/1292/5 1291/1291/5 1290/1290/5
v 3.375000 7.625000 1.750000
v 1.750000 7.625000 1.750000
v 1.750000 7.093750 1.750000
v 3.375000 7.093750 1.750000
vt 0.310547 0.076172
vt 0.361328 0.076172
vt 0.361328 0.058594
vt 0.310547 0.058594
f 1293/1293/1 1296/1296/1 1295/1295/1 1294/1294/1
v 1.750000 7.625000 3.375000
v 3.375000 7.625000 3.375000
v 3.375000 7.093750 3.375000
v 1.750000 7.093750 3.375000
vt 0.310547 0.076172
vt 0.361328 0.076172
vt 0.361328 0.058594
vt 0.310547 0.058594
f 1297/1297/2 1300/1300/2 1299/1299/2 1298/1298/2
v 1.750000 7.625000 1.750000
v 1.750000 7.625000 3.375000
v 1.750000 7.093750 3.375000
v 1.750000 7.093750 1.750000
vt 0.310547 0.076172
vt 0.361328 0.076172
vt 0.361328 0.058594
vt 0.310547 0.058594
f 1301/1301/3 1304/1304/3 1303/1303/3 1302/1302/3
v 3.375000 7.625000 3.375000
v 3.375000 7.625000 1.750000
v 3.375000 7.093750 1.750000
v 3.375000 7.093750 3.375000
vt 0.310547 0.076172
vt 0.361328 0.076172
vt 0.361328 0.058594
vt 0.310547 0.058594
f 1305/1305/4 1308/1308/4 1307/1307/4 1306/1306/4
v 1.750000 7.625000 1.750000
v 3.375000 7.625000 1.750000
v 3.375000 7.625000 3.375000
v 1.750000 7.625000 3.375000
vt 0.945312 0.386719
vt 0.996094 0.386719
vt 0.996094 0.335938
vt 0.945312 0.335938
f 1309/1309/5 1312/1312/5 1311/1311/5 1310/1310/5
v -1.750000 7.625000 1.750000
v -3.375000 7.625000 1.750000
v -3.375000 7.093750 1.750000
v -1.750000 7.093750 1.750000
vt 0.310547 0.076172
vt 0.361328 0.076172
vt 0.361328 0.058594
vt 0.310547 0.058594
f 1313/1313/1 1316/1316/1 1315/1315/1 1314/1314/1
v -3.375000 7.625000 3.375000
v -1.750000 7.625000 3.375000
v -1.750000 7.093750 3.375000
v -3.375000 7.093750 3.375000
vt 0.310547 0.076172
vt 0.361328 0.076172
vt 0.361328 0.058594
vt 0.310547 0.058594
f 1317/1317/2 1320/1320/2 1319/1319/2 1318/1318/2
v -3.375000 7.625000 1.750000
v -3.375000 7.625000 3.375000
v -3.375000 7.093750 3.375000
v -3.375000 7.093750 1.750000
vt 0.310547 0.076172
vt 0.361328 0.076172
vt 0.361328 0.058594
vt 0.310547 0.058594
f 1321/1321/3 1324/1324/3 1323/1323/3 1322/1322/3
v -1.750000 7.625000 3.375000
v -1.750000 7.625000 1.750000
v -1.750000 7.093750 1.750000
v -1.750000 7.093750 3.375000
vt 0.310547 0.076172
vt 0.361328 0.076172
vt 0.361328 0.058594
vt 0.310547 0.058594
f 1325/1325/4 1328/1328/4 1327/1327/4 1326/1326/4
v -3.375000 7.625000 1.750000
v -1.750000 7.625000 1.750000
v -1.750000 7.625000 3.375000
v -3.375000 7.625000 3.375000
vt 0.945312 0.386719
vt 0.996094 0.386719
vt 0.996094 0.335938
vt 0.945312 0.335938
f 1329/1329/5 1332/1332/5 1331/1331/5 1330/1330/5
v -1.750000 7.625000 -3.375000
v -3.375000 7.625000 -3.375000
v -3.375000 7.093750 -3.375000
v -1.750000 7.093750 -3.375000
vt 0.310547 0.076172
vt 0.361328 0.076172
vt 0.361328 0.058594
vt 0.310547 0.058594
f 1333/1333/1 1336/1336/1 1335/1335/1 1334/1334/1
v -3.375000 7.625000 -1.750000
v -1.750000 7.625000 -1.750000
v -1.750000 7.093750 -1.750000
v -3.375000 7.093750 -1.750000
vt 0.310547 0.076172
vt 0.361328 0.076172
vt 0.361328 0.058594
vt 0.310547 0.058594
f 1337/1337/2 1340/1340/2 1339/1339/2 1338/1338/2
v -3.375000 7.625000 -3.375000
v -3.375000 7.625000 -1.750000
v -3.375000 7.093750 -1.750000
v -3.375000 7.093750 -3.375000
vt 0.310547 0.076172
vt 0.361328 0.076172
vt 0.361328 0.058594
vt 0.310547 0.058594
f 1341/1341/3 1344/1344/3 1343/1343/3 1342/1342/3
v -1.750000 7.625000 -1.750000
v -1.750000 7.625000 -3.375000
v -1.750000 7.093750 -3.375000
v -1.750000 7.093750 -1.750000
vt 0.310547 0.076172
vt 0.361328 0.076172
vt 0.361328 0.058594
vt 0.310547 0.058594
f 1345/1345/4 1348/1348/4 1347/1347/4 1346/1346/4
v -3.375000 7.625000 -3.375000
v -1.750000 7.625000 -3.375000
v -1.750000 7.625000 -1.750000
v -3.375000 7.625000 -1.750000
vt 0.945312 0.386719
vt 0.996094 0.386719
vt 0.996094 0.335938
vt 0.945312 0.335938
f 1349/1349/5 1352/1352/5 1351/1351/5 1350/1350/5
o Fan
v 4.625000 7.718750 -0.125000
v 3.250000 7.718750 -0.125000
v 3.250000 7.625000 -0.125000
v 4.625000 7.625000 -0.125000
vt 0.654297 0.039062
vt 0.697266 0.039062
vt 0.697266 0.035156
vt 0.654297 0.035156
f 1353/1353/1 1356/1356/1 1355/1355/1 1354/1354/1
v 3.250000 7.718750 0.125000
v 4.625000 7.718750 0.125000
v 4.625000 7.625000 0.125000
v 3.250000 7.625000 0.125000
vt 0.654297 0.039062
vt 0.697266 0.039062
vt 0.697266 0.035156
vt 0.654297 0.035156
f 1357/1357/2 1360/1360/2 1359/1359/2 1358/1358/2
v 3.250000 7.718750 -0.125000
v 3.250000 7.718750 0.125000
v 3.250000 7.625000 0.125000
v 3.250000 7.625000 -0.125000
vt 0.712891 0.039062
vt 0.720703 0.039062
vt 0.720703 0.035156
vt 0.712891 0.035156
f 1361/1361/3 1364/1364/3 1363/1363/3 1362/1362/3
v 4.625000 7.718750 0.125000
v 4.625000 7.718750 -0.125000
v 4.625000 7.625000 -0.125000
v 4.625000 7.625000 0.125000
vt 0.712891 0.039062
vt 0.720703 0.039062
vt 0.720703 0.035156
vt 0.712891 0.035156
f 1365/1365/4 1368/1368/4 1367/1367/4 1366/1366/4
v 3.250000 7.718750 -0.125000
v 4.625000 7.718750 -0.125000
v 4.625000 7.718750 0.125000
v 3.250000 7.718750 0.125000
vt 0.566406 0.050781
vt 0.609375 0.050781
vt 0.609375 0.042969
vt 0.566406 0.042969
f 1369/1369/5 1372/1372/5 1371/1371/5 1370/1370/5
v 4.062500 7.750000 -0.687500
v 3.812500 7.750000 -0.687500
v 3.812500 7.656250 -0.687500
v 4.062500 7.656250 -0.687500
vt 0.712891 0.039062
vt 0.720703 0.039062
vt 0.720703 0.035156
vt 0.712891 0.035156
f 1373/1373/1 1376/1376/1 1375/1375/1 1374/1374/1
v 3.812500 7.750000 0.687500
v 4.062500 7.750000 0.687500
v 4.062500 7.656250 0.687500
v 3.812500 7.656250 0.687500
vt 0.712891 0.039062
vt 0.720703 0.039062
vt 0.720703 0.035156
vt 0.712891 0.035156
f 1377/1377/2 1380/1380/2 1379/1379/2 1378/1378/2
v 3.812500 7.750000 -0.687500
v 3.812500 7.750000 0.687500
v 3.812500 7.656250 0.687500
v 3.812500 7.656250 -0.687500
vt 0.654297 0.039062
vt 0.697266 0.039062
vt 0.697266 0.035156
vt 0.654297 0.035156
f 1381/1381/3 1384/1384/3 1383/1383/3 1382/1382/3
v 4.062500 7.750000 0.687500
v 4.062500 7.750000 -0.687500
v 4.062500 7.656250 -0.687500
v 4.062500 7.656250 0.687500
vt 0.654297 0.039062
vt 0.697266 0.039062
vt 0.697266 0.035156
vt 0.654297 0.035156
f 1385/1385/4 1388/1388/4 1387/1387/4 1386/1386/4
v 3.812500 7.750000 -0.687500
v 4.062500 7.750000 -0.687500
v 4.062500 7.750000 0.687500
v 3.812500 7.750000 0.687500
vt 0.982422 1.000000
vt 0.990234 1.000000
vt 0.990234 0.957031
vt 0.982422 0.957031
f 1389/1389/5 1392/1392/5 1391/1391/5 1390/1390/5
v 4.125000 7.781250 -0.187500
v 3.750000 7.781250 -0.187500
v 3.750000 7.625000 -0.187500
v 4.125000 7.625000 -0.187500
vt 0.642578 0.039062
vt 0.654297 0.039062
vt 0.654297 0.033203
vt 0.642578 0.033203
f 1393/1393/1 1396/1396/1 1395/1395/1 1394/1394/1
v 3.750000 7.781250 0.187500
v 4.125000 7.781250 0.187500
v 4.125000 7.625000 0.187500
v 3.750000 7.625000 0.187500
vt 0.642578 0.039062
vt 0.654297 0.039062
vt 0.654297 0.033203
vt 0.642578 0.033203
f 1397/1397/2 1400/1400/2 1399/1399/2 1398/1398/2
v 3.750000 7.781250 -0.187500
v 3.750000 7.781250 0.187500
v 3.750000 7.625000 0.187500
v 3.750000 7.625000 -0.187500
vt 0.642578 0.039062
vt 0.654297 0.039062
vt 0.654297 0.033203
vt 0.642578 0.033203
f 1401/1401/3 1404/1404/3 1403/1403/3 1402/1402/3
v 4.125000 7.781250 0.187500
v 4.125000 7.781250 -0.187500
v 4.125000 7.625000 -0.187500
v 4.125000 7.625000 0.187500
vt 0.642578 0.039062
vt 0.654297 0.039062
vt 0.654297 0.033203
vt 0.642578 0.033203
f 1405/1405/4 1408/1408/4 1407/1407/4 1406/1406/4
v 3.750000 7.781250 -0.187500
v 4.125000 7.781250 -0.187500
v 4.125000 7.781250 0.187500
v 3.750000 7.781250 0.187500
vt 0.970703 0.076172
vt 0.982422 0.076172
vt 0.982422 0.064453
vt 0.970703 0.064453
f 1409/1409/5 1412/1412/5 1411/1411/5 1410/1410/5
v 0.687500 7.718750 3.812500
v -0.687500 7.718750 3.812500
v -0.687500 7.625000 3.812500
v 0.687500 7.625000 3.812500
vt 0.654297 0.039062
vt 0.697266 0.039062
vt 0.697266 0.035156
vt 0.654297 0.035156
f 1413/1413/1 1416/1416/1 1415/1415/1 1414/1414/1
v -0.687500 7.718750 4.062500
v 0.687500 7.718750 4.062500
v 0.687500 7.625000 4.062500
v -0.687500 7.625000 4.062500
vt 0.654297 0.039062
vt 0.697266 0.039062
vt 0.697266 0.035156
vt 0.654297 0.035156
f 1417/1417/2 1420/1420/2 1419/1419/2 1418/1418/2
v -0.687500 7.718750 3.812500
v -0.687500 7.718750 4.062500
v -0.687500 7.625000 4.062500
v -0.687500 7.625000 3.812500
vt 0.712891 0.039062
vt 0.720703 0.039062
vt 0.720703 0.035156
vt 0.712891 0.035156
f 1421/1421/3 1424/1424/3 1423/1423/3 1422/1422/3
v 0.687500 7.718750 4.062500
v 0.687500 7.718750 3.812500
v 0.687500 7.625000 3.812500
v 0.687500 7.625000 4.062500
vt 0.712891 0.039062
vt 0.720703 0.039062
vt 0.720703 0.035156
vt 0.712891 0.035156
f 1425/1425/4 1428/1428/4 1427/1427/4 1426/1426/4
v -0.687500 7.718750 3.812500
v 0.687500 7.718750 3.812500
v 0.687500 7.718750 4.062500
v -0.687500 7.718750 4.062500
vt 0.566406 0.050781
vt 0.609375 0.050781
vt 0.609375 0.042969
vt 0.566406 0.042969
f 1429/1429/5 1432/1432/5 1431/1431/5 1430/1430/5
v 0.125000 7.750000 3.250000
v -0.125000 7.750000 3.250000
v -0.125000 7.656250 3.250000
v 0.125000 7.656250 3.250000
vt 0.712891 0.039062
vt 0.720703 0.039062
vt 0.720703 0.035156
vt 0.712891 0.035156
f 1433/1433/1 1436/1436/1 1435/1435/1 1434/1434/1
v -0.125000 7.750000 4.625000
v 0.125000 7.750000 4.625000
v 0.125000 7.656250 4.625000
v -0.125000 7.656250 4.625000
vt 0.712891 0.039062
vt 0.720703 0.039062
vt 0.720703 0.035156
vt 0.712891 0.035156
f 1437/1437/2 1440/1440/2 1439/1439/2 1438/1438/2
v -0.125000 7.750000 3.250000
v -0.125000 7.750000 4.625000
v -0.125000 7.656250 4.625000
v -0.125000 7.656250 3.250000
vt 0.654297 0.039062
vt 0.697266 0.039062
vt 0.697266 0.035156
vt 0.654297 0.035156
f 1441/1441/3 1444/1444/3 1443/1443/3 1442/1442/3
v 0.125000 7.750000 4.625000
v 0.125000 7.750000 3.250000
v 0.125000 7.656250 3.250000
v 0.125000 7.656250 4.625000
vt 0.654297 0.039062
vt 0.697266 0.039062
vt 0.697266 0.035156
vt 0.654297 0.035156
f 1445/1445/4 1448/1448/4 1447/1447/4 1446/1446/4
v -0.125000 7.750000 3.250000
v 0.125000 7.750000 3.250000
v 0.125000 7.750000 4.625000
v -0.125000 7.750000 4.625000
vt 0.982422 1.000000
vt 0.990234 1.000000
vt 0.990234 0.957031
vt 0.982422 0.957031
f 1449/1449/5 1452/1452/5 1451/1451/5 1450/1450/5
v 0.187500 7.781250 3.750000
v -0.187500 7.781250 3.750000
v -0.187500 7.625000 3.750000
v 0.187500 7.625000 3.750000
vt 0.642578 0.039062
vt 0.654297 0.039062
vt 0.654297 0.033203
vt 0.642578 0.033203
f 1453/1453/1 1456/1456/1 1455/1455/1 1454/1454/1
v -0.187500 7.781250 4.125000
v 0.187500 7.781250 4.125000
v 0.187500 7.625000 4.125000
v -0.187500 7.625000 4.125000
vt 0.642578 0.039062
vt 0.654297 0.039062
vt 0.654297 0.033203
vt 0.642578 0.033203
f 1457/1457/2 1460/1460/2 1459/1459/2 1458/1458/2
v -0.187500 7.781250 3.750000
v -0.187500 7.781250 4.125000
v -0.187500 7.625000 4.125000
v -0.187500 7.625000 3.750000
vt 0.642578 0.039062
vt 0.654297 0.039062
vt 0.654297 0.033203
vt 0.642578 0.033203
f 1461/1461/3 1464/1464/3 1463/1463/3 1462/1462/3
v 0.187500 7.781250 4.125000
v 0.187500 7.781250 3.750000
v 0.187500 7.625000 3.750000
v 0.187500 7.625000 4.125000
vt 0.642578 0.039062
vt 0.654297 0.039062
vt 0.654297 0.033203
vt 0.642578 0.033203
f 1465/1465/4 1468/1468/4 1467/1467/4 1466/1466/4
v -0.187500 7.781250 3.750000
v 0.187500 7.781250 3.750000
v 0.187500 7.781250 4.125000
v -0.187500 7.781250 4.125000
vt 0.970703 0.076172
vt 0.982422 0.076172
vt 0.982422 0.064453
vt 0.970703 0.064453
f 1469/1469/5 1472/1472/5 1471/1471/5 1470/1470/5
v -3.250000 7.718750 -0.125000
v -4.625000 7.718750 -0.125000
v -4.625000 7.625000 -0.125000
v -3.250000 7.625000 -0.125000
vt 0.654297 0.039062
vt 0.697266 0.039062
vt 0.697266 0.035156
vt 0.654297 0.035156
f 1473/1473/1 1476/1476/1 1475/1475/1 1474/1474/1
v -4.625000 7.718750 0.125000
v -3.250000 7.718750 0.125000
v -3.250000 7.625000 0.125000
v -4.625000 7.625000 0.125000
vt 0.654297 0.039062
vt 0.697266 0.039062
vt 0.697266 0.035156
vt 0.654297 0.035156
f 1477/1477/2 1480/1480/2 1479/1479/2 1478/1478/2
v -4.625000 7.718750 -0.125000
v -4.625000 7.718750 0.125000
v -4.625000 7.625000 0.125000
v -4.625000 7.625000 -0.125000
vt 0.712891 0.039062
vt 0.720703 0.039062
vt 0.720703 0.035156
vt 0.712891 0.035156
f 1481/1481/3 1484/1484/3 1483/1483/3 1482/1482/3
v -3.250000 7.718750 0.125000
v -3.250000 7.718750 -0.125000
v -3.250000 7.625000 -0.125000
v -3.250000 7.625000 0.125000
vt 0.712891 0.039062
vt 0.720703 0.039062
vt 0.720703 0.035156
vt 0.712891 0.035156
f 1485/1485/4 1488/1488/4 1487/1487/4 1486/1486/4
v -4.625000 7.718750 -0.125000
v -3.250000 7.718750 -0.125000
v -3.250000 7.718750 0.125000
v -4.625000 7.718750 0.125000
vt 0.566406 0.050781
vt 0.609375 0.050781
vt 0.609375 0.042969
vt 0.566406 0.042969
f 1489/1489/5 1492/1492/5 1491/1491/5 1490/1490/5
v -3.812500 7.750000 -0.687500
v -4.062500 7.750000 -0.687500
v -4.062500 7.656250 -0.687500
v -3.812500 7.656250 -0.687500
vt 0.712891 0.039062
vt 0.720703 0.039062
vt 0.720703 0.035156
vt 0.712891 0.035156
f 1493/1493/1 1496/1496/1 1495/1495/1 1494/1494/1
v -4.062500 7.750000 0.687500
v -3.812500 7.750000 0.687500
v -3.812500 7.656250 0.687500
v -4.062500 7.656250 0.687500
vt 0.712891 0.039062
vt 0.720703 0.039062
vt 0.720703 0.035156
vt 0.712891 0.035156
f 1497/1497/2 1500/1500/2 1499/1499/2 1498/1498/2
v -4.062500 7.750000 -0.687500
v -4.062500 7.750000 0.687500
v -4.062500 7.656250 0.687500
v -4.062500 7.656250 -0.687500
vt 0.654297 0.039062
vt 0.697266 0.039062
vt 0.697266 0.035156
vt 0.654297 0.035156
f 1501/1501/3 1504/1504/3 1503/1503/3 1502/1502/3
v -3.812500 7.750000 0.687500
v -3.812500 7.750000 -0.687500
v -3.812500 7.656250 -0.687500
v -3.812500 7.656250 0.687500
vt 0.654297 0.039062
vt 0.697266 0.039062
vt 0.697266 0.035156
vt 0.654297 0.035156
f 1505/1505/4 1508/1508/4 1507/1507/4 1506/1506/4
v -4.062500 7.750000 -0.687500
v -3.812500 7.750000 -0.687500
v -3.812500 7.750000 0.687500
v -4.062500 7.750000 0.687500
vt 0.982422 1.000000
vt 0.990234 1.000000
vt 0.990234 0.957031
vt 0.982422 0.957031
f 1509/1509/5 1512/1512/5 1511/1511/5 1510/1510/5
v -3.750000 7.781250 -0.187500
v -4.125000 7.781250 -0.187500
v -4.125000 7.625000 -0.187500
v -3.750000 7.625000 -0.187500
vt 0.642578 0.039062
vt 0.654297 0.039062
vt 0.654297 0.033203
vt 0.642578 0.033203
f 1513/1513/1 1516/1516/1 1515/1515/1 1514/1514/1
v -4.125000 7.781250 0.187500
v -3.750000 7.781250 0.187500
v -3.750000 7.625000 0.187500
v -4.125000 7.625000 0.187500
vt 0.642578 0.039062
vt 0.654297 0.039062
vt 0.654297 0.033203
vt 0.642578 0.033203
f 1517/1517/2 1520/1520/2 1519/1519/2 1518/1518/2
v -4.125000 7.781250 -0.187500
v -4.125000 7.781250 0.187500
v -4.125000 7.625000 0.187500
v -4.125000 7.625000 -0.187500
vt 0.642578 0.039062
vt 0.654297 0.039062
vt 0.654297 0.033203
vt 0.642578 0.033203
f 1521/1521/3 1524/1524/3 1523/1523/3 1522/1522/3
v -3.750000 7.781250 0.187500
v -3.750000 7.781250 -0.187500
v -3.750000 7.625000 -0.187500
v -3.750000 7.625000 0.187500
vt 0.642578 0.039062
vt 0.654297 0.039062
vt 0.654297 0.033203
vt 0.642578 0.033203
f 1525/1525/4 1528/1528/4 1527/1527/4 1526/1526/4
v -4.125000 7.781250 -0.187500
v -3.750000 7.781250 -0.187500
v -3.750000 7.781250 0.187500
v -4.125000 7.781250 0.187500
vt 0.970703 0.076172
vt 0.982422 0.076172
vt 0.982422 0.064453
vt 0.970703 0.064453
f 1529/1529/5 1532/1532/5 1531/1531/5 1530/1530/5
v 0.687500 7.718750 -4.062500
v -0.687500 7.718750 -4.062500
v -0.687500 7.625000 -4.062500
v 0.687500 7.625000 -4.062500
vt 0.654297 0.039062
vt 0.697266 0.039062
vt 0.697266 0.035156
vt 0.654297 0.035156
f 1533/1533/1 1536/1536/1 1535/1535/1 1534/1534/1
v -0.687500 7.718750 -3.812500
v 0.687500 7.718750 -3.812500
v 0.687500 7.625000 -3.812500
v -0.687500 7.625000 -3.812500
vt 0.654297 0.039062
vt 0.697266 0.039062
vt 0.697266 0.035156
vt 0.654297 0.035156
f 1537/1537/2 1540/1540/2 1539/1539/2 1538/1538/2
v -0.687500 7.718750 -4.062500
v -0.687500 7.718750 -3.812500
v -0.687500 7.625000 -3.812500
v -0.687500 7.625000 -4.062500
vt 0.712891 0.039062
vt 0.720703 0.039062
vt 0.720703 0.035156
vt 0.712891 0.035156
f 1541/1541/3 1544/1544/3 1543/1543/3 1542/1542/3
v 0.687500 7.718750 -3.812500
v 0.687500 7.718750 -4.062500
v 0.687500 7.625000 -4.062500
v 0.687500 7.625000 -3.812500
vt 0.712891 0.039062
vt 0.720703 0.039062
vt 0.720703 0.035156
vt 0.712891 0.035156
f 1545/1545/4 1548/1548/4 1547/1547/4 1546/1546/4
v -0.687500 7.718750 -4.062500
v 0.687500 7.718750 -4.062500
v 0.687500 7.718750 -3.812500
v -0.687500 7.718750 -3.812500
vt 0.566406 0.050781
vt 0.609375 0.050781
vt 0.609375 0.042969
vt 0.566406 0.042969
f 1549/1549/5 1552/1552/5 1551/1551/5 1550/1550/5
v 0.125000 7.750000 -4.625000
v -0.125000 7.750000 -4.625000
v -0.125000 7.656250 -4.625000
v 0.125000 7.656250 -4.625000
vt 0.712891 0.039062
vt 0.720703 0.039062
vt 0.720703 0.035156
vt 0.712891 0.035156
f 1553/1553/1 1556/1556/1 1555/1555/1 1554/1554/1
v -0.125000 7.750000 -3.250000
v 0.125000 7.750000 -3.250000
v 0.125000 7.656250 -3.250000
v -0.125000 7.656250 -3.250000
vt 0.712891 0.039062
vt 0.720703 0.039062
vt 0.720703 0.035156
vt 0.712891 0.035156
f 1557/1557/2 1560/1560/2 1559/1559/2 1558/1558/2
v -0.125000 7.750000 -4.625000
v -0.125000 7.750000 -3.250000
v -0.125000 7.656250 -3.250000
v -0.125000 7.656250 -4.625000
vt 0.654297 0.039062
vt 0.697266 0.039062
vt 0.697266 0.035156
vt 0.654297 0.035156
f 1561/1561/3 1564/1564/3 1563/1563/3 1562/1562/3
v 0.125000 7.750000 -3.250000
v 0.125000 7.750000 -4.625000
v 0.125000 7.656250 -4.625000
v 0.125000 7.656250 -3.250000
vt 0.654297 0.039062
vt 0.697266 0.039062
vt 0.697266 0.035156
vt 0.654297 0.035156
f 1565/1565/4 1568/1568/4 1567/1567/4 1566/1566/4
v -0.125000 7.750000 -4.625000
v 0.125000 7.750000 -4.625000
v 0.125000 7.750000 -3.250000
v -0.125000 7.750000 -3.250000
vt 0.982422 1.000000
vt 0.990234 1.000000
vt 0.990234 0.957031
vt 0.982422 0.957031
f 1569/1569/5 1572/1572/5 1571/1571/5 1570/1570/5
v 0.187500 7.781250 -4.125000
v -0.187500 7.781250 -4.125000
v -0.187500 7.625000 -4.125000
v 0.187500 7.625000 -4.125000
vt 0.642578 0.039062
vt 0.654297 0.039062
vt 0.654297 0.033203
vt 0.642578 0.033203
f 1573/1573/1 1576/1576/1 1575/1575/1 1574/1574/1
v -0.187500 7.781250 -3.750000
v 0.187500 7.781250 -3.750000
v 0.187500 7.625000 -3.750000
v -0.187500 7.625000 -3.750000
vt 0.642578 0.039062
vt 0.654297 0.039062
vt 0.654297 0.033203
vt 0.642578 0.033203
f 1577/1577/2 1580/1580/2 1579/1579/2 1578/1578/2
v -0.187500 7.781250 -4.125000
v -0.187500 7.781250 -3.750000
v -0.187500 7.625000 -3.750000
v -0.187500 7.625000 -4.125000
vt 0.642578 0.039062
vt 0.654297 0.039062
vt 0.654297 0.033203
vt 0.642578 0.033203
f 1581/1581/3 1584/1584/3 1583/1583/3 1582/1582/3
v 0.187500 7.781250 -3.750000
v 0.187500 7.781250 -4.125000
v 0.187500 7.625000 -4.125000
v 0.187500 7.625000 -3.750000
vt 0.642578 0.039062
vt 0.654297 0.039062
vt 0.654297 0.033203
vt 0.642578 0.033203
f 1585/1585/4 1588/1588/4 1587/1587/4 1586/1586/4
v -0.187500 7.781250 -4.125000
v 0.187500 7.781250 -4.125000
v 0.187500 7.781250 -3.750000
v -0.187500 7.781250 -3.750000
vt 0.970703 0.076172
vt 0.982422 0.076172
vt 0.982422 0.064453
vt 0.970703 0.064453
f 1589/1589/5 1592/1592/5 1591/1591/5 1590/1590/5
v 3.250000 7.718750 2.437500
v 1.875000 7.718750 2.437500
v 1.875000 7.625000 2.437500
v 3.250000 7.625000 2.437500
vt 0.654297 0.039062
vt 0.697266 0.039062
vt 0.697266 0.035156
vt 0.654297 0.035156
f 1593/1593/1 1596/1596/1 1595/1595/1 1594/1594/1
v 1.875000 7.718750 2.687500
v 3.250000 7.718750 2.687500
v 3.250000 7.625000 2.687500
v 1.875000 7.625000 2.687500
vt 0.654297 0.039062
vt 0.697266 0.039062
vt 0.697266 0.035156
vt 0.654297 0.035156
f 1597/1597/2 1600/1600/2 1599/1599/2 1598/1598/2
v 1.875000 7.718750 2.437500
v 1.875000 7.718750 2.687500
v 1.875000 7.625000 2.687500
v 1.875000 7.625000 2.437500
vt 0.712891 0.039062
vt 0.720703 0.039062
vt 0.720703 0.035156
vt 0.712891 0.035156
f 1601/1601/3 1604/1604/3 1603/1603/3 1602/1602/3
v 3.250000 7.718750 2.687500
v 3.250000 7.718750 2.437500
v 3.250000 7.625000 2.437500
v 3.250000 7.625000 2.687500
vt 0.712891 0.039062
vt 0.720703 0.039062
vt 0.720703 0.035156
vt 0.712891 0.035156
f 1605/1605/4 1608/1608/4 1607/1607/4 1606/1606/4
v 1.875000 7.718750 2.437500
v 3.250000 7.718750 2.437500
v 3.250000 7.718750 2.687500
v 1.875000 7.718750 2.687500
vt 0.566406 0.050781
vt 0.609375 0.050781
vt 0.609375 0.042969
vt 0.566406 0.042969
f 1609/1609/5 1612/1612/5 1611/1611/5 1610/1610/5
v 2.687500 7.750000 1.875000
v 2.437500 7.750000 1.875000
v 2.437500 7.656250 1.875000
v 2.687500 7.656250 1.875000
vt 0.712891 0.039062
vt 0.720703 0.039062
vt 0.720703 0.035156
vt 0.712891 0.035156
f 1613/1613/1 1616/1616/1 1615/1615/1 1614/1614/1
v 2.437500 7.750000 3.250000
v 2.687500 7.750000 3.250000
v 2.687500 7.656250 3.250000
v 2.437500 7.656250 3.250000
vt 0.712891 0.039062
vt 0.720703 0.039062
vt 0.720703 0.035156
vt 0.712891 0.035156
f 1617/1617/2 1620/1620/2 1619/1619/2 1618/1618/2
v 2.437500 7.750000 1.875000
v 2.437500 7.750000 3.250000
v 2.437500 7.656250 3.250000
v 2.437500 7.656250 1.875000
vt 0.654297 0.039062
vt 0.697266 0.039062
vt 0.697266 0.035156
vt 0.654297 0.035156
f 1621/1621/3 1624/1624/3 1623/1623/3 1622/1622/3
v 2.687500 7.750000 3.250000
v 2.687500 7.750000 1.875000
v 2.687500 7.656250 1.875000
v 2.687500 7.656250 3.250000
vt 0.654297 0.039062
vt 0.697266 0.039062
vt 0.697266 0.035156
vt 0.654297 0.035156
f 1625/1625/4 1628/1628/4 1627/1627/4 1626/1626/4
v 2.437500 7.750000 1.875000
v 2.687500 7.750000 1.875000
v 2.687500 7.750000 3.250000
v 2.437500 7.750000 3.250000
vt 0.982422 1.000000
vt 0.990234 1.000000
vt 0.990234 0.957031
vt 0.982422 0.957031
f 1629/1629/5 1632/1632/5 1631/1631/5 1630/1630/5
v 2.750000 7.781250 2.375000
v 2.375000 7.781250 2.375000
v 2.375000 7.625000 2.375000
v 2.750000 7.625000 2.375000
vt 0.642578 0.039062
vt 0.654297 0.039062
vt 0.654297 0.033203
vt 0.642578 0.033203
f 1633/1633/1 1636/1636/1 1635/1635/1 1634/1634/1
v 2.375000 7.781250 2.750000
v 2.750000 7.781250 2.750000
v 2.750000 7.625000 2.750000
v 2.375000 7.625000 2.750000
vt 0.642578 0.039062
vt 0.654297 0.039062
vt 0.654297 0.033203
vt 0.642578 0.033203
f 1637/1637/2 1640/1640/2 1639/1639/2 1638/1638/2
v 2.375000 7.781250 2.375000
v 2.375000 7.781250 2.750000
v 2.375000 7.625000 2.750000
v 2.375000 7.625000 2.375000
vt 0.642578 0.039062
vt 0.654297 0.039062
vt 0.654297 0.033203
vt 0.642578 0.033203
f 1641/1641/3 1644/1644/3 1643/1643/3 1642/1642/3
v 2.750000 7.781250 2.750000
v 2.750000 7.781250 2.375000
v 2.750000 7.625000 2.375000
v 2.750000 7.625000 2.750000
vt 0.642578 0.039062
vt 0.654297 0.039062
vt 0.654297 0.033203
vt 0.642578 0.033203
f 1645/1645/4 1648/1648/4 1647/1647/4 1646/1646/4
v 2.375000 7.781250 2.375000
v 2.750000 7.781250 2.375000
v 2.750000 7.781250 2.750000
v 2.375000 7.781250 2.750000
vt 0.970703 0.076172
vt 0.982422 0.076172
vt 0.982422 0.064453
vt 0.970703 0.064453
f 1649/1649/5 1652/1652/5 1651/1651/5 1650/1650/5
v -1.875000 7.718750 2.437500
v -3.250000 7.718750 2.437500
v -3.250000 7.625000 2.437500
v -1.875000 7.625000 2.437500
vt 0.654297 0.039062
vt 0.697266 0.039062
vt 0.697266 0.035156
vt 0.654297 0.035156
f 1653/1653/1 1656/1656/1 1655/1655/1 1654/1654/1
v -3.250000 7.718750 2.687500
v -1.875000 7.718750 2.687500
v -1.875000 7.625000 2.687500
v -3.250000 7.625000 2.687500
vt 0.654297 0.039062
vt 0.697266 0.039062
vt 0.697266 0.035156
vt 0.654297 0.035156
f 1657/1657/2 1660/1660/2 1659/1659/2 1658/1658/2
v -3.250000 7.718750 2.437500
v -3.250000 7.718750 2.687500
v -3.250000 7.625000 2.687500
v -3.250000 7.625000 2.437500
vt 0.712891 0.039062
vt 0.720703 0.039062
vt 0.720703 0.035156
vt 0.712891 0.035156
f 1661/1661/3 1664/1664/3 1663/1663/3 1662/1662/3
v -1.875000 7.718750 2.687500
v -1.875000 7.718750 2.437500
v -1.875000 7.625000 2.437500
v -1.875000 7.625000 2.687500
vt 0.712891 0.039062
vt 0.720703 0.039062
vt 0.720703 0.035156
vt 0.712891 0.035156
f 1665/1665/4 1668/1668/4 1667/1667/4 1666/1666/4
v -3.250000 7.718750 2.437500
v -1.875000 7.718750 2.437500
v -1.875000 7.718750 2.687500
v -3.250000 7.718750 2.687500
vt 0.566406 0.050781
vt 0.609375 0.050781
vt 0.609375 0.042969
vt 0.566406 0.042969
f 1669/1669/5 1672/1672/5 1671/1671/5 1670/1670/5
v -2.437500 7.750000 1.875000
v -2.687500 7.750000 1.875000
v -2.687500 7.656250 1.875000
v -2.437500 7.656250 1.875000
vt 0.712891 0.039062
vt 0.720703 0.039062
vt 0.720703 0.035156
vt 0.712891 0.035156
f 1673/1673/1 1676/1676/1 1675/1675/1 1674/1674/1
v -2.687500 7.750000 3.250000
v -2.437500 7.750000 3.250000
v -2.437500 7.656250 3.250000
v -2.687500 7.656250 3.250000
vt 0.712891 0.039062
vt 0.720703 0.039062
vt 0.720703 0.035156
vt 0.712891 0.035156
f 1677/1677/2 1680/1680/2 1679/1679/2 1678/1678/2
v -2.687500 7.750000 1.875000
v -2.687500 7.750000 3.250000
v -2.687500 7.656250 3.250000
v -2.687500 7.656250 1.875000
vt 0.654297 0.039062
vt 0.697266 0.039062
vt 0.697266 0.035156
vt 0.654297 0.035156
f 1681/1681/3 1684/1684/3 1683/1683/3 1682/1682/3
v -2.437500 7.750000 3.250000
v -2.437500 7.750000 1.875000
v -2.437500 7.656250 1.875000
v -2.437500 7.656250 3.250000
vt 0.654297 0.039062
vt 0.697266 0.039062
vt 0.697266 0.035156
vt 0.654297 0.035156
f 1685/1685/4 1688/1688/4 1687/1687/4 1686/1686/4
v -2.687500 7.750000 1.875000
v -2.437500 7.750000 1.875000
v -2.437500 7.750000 3.250000
v -2.687500 7.750000 3.250000
vt 0.982422 1.000000
vt 0.990234 1.000000
vt 0.990234 0.957031
vt 0.982422 0.957031
f 1689/1689/5 1692/1692/5 1691/1691/5 1690/1690/5
v -2.375000 7.781250 2.375000
v -2.750000 7.781250 2.375000
v -2.750000 7.625000 2.375000
v -2.375000 7.625000 2.375000
vt 0.642578 0.039062
vt 0.654297 0.039062
vt 0.654297 0.033203
vt 0.642578 0.033203
f 1693/1693/1 1696/1696/1 1695/1695/1 1694/1694/1
v -2.750000 7.781250 2.750000
v -2.375000 7.781250 2.750000
v -2.375000 7.625000 2.750000
v -2.750000 7.625000 2.750000
vt 0.642578 0.039062
vt 0.654297 0.039062
vt 0.654297 0.033203
vt 0.642578 0.033203
f 1697/1697/2 1700/1700/2 1699/1699/2 1698/1698/2
v -2.750000 7.781250 2.375000
v -2.750000 7.781250 2.750000
v -2.750000 7.625000 2.750000
v -2.750000 7.625000 2.375000
vt 0.642578 0.039062
vt 0.654297 0.039062
vt 0.654297 0.033203
vt 0.642578 0.033203
f 1701/1701/3 1704/1704/3 1703/1703/3 1702/1702/3
v -2.375000 7.781250 2.750000
v -2.375000 7.781250 2.375000
v -2.375000 7.625000 2.375000
v -2.375000 7.625000 2.750000
vt 0.642578 0.039062
vt 0.654297 0.039062
vt 0.654297 0.033203
vt 0.642578 0.033203
f 1705/1705/4 1708/1708/4 1707/1707/4 1706/1706/4
v -2.750000 7.781250 2.375000
v -2.375000 7.781250 2.375000
v -2.375000 7.781250 2.750000
v -2.750000 7.781250 2.750000
vt 0.970703 0.076172
vt 0.982422 0.076172
vt 0.982422 0.064453
vt 0.970703 0.064453
f 1709/1709/5 1712/1712/5 1711/1711/5 1710/1710/5
v -1.875000 7.718750 -2.687500
v -3.250000 7.718750 -2.687500
v -3.250000 7.625000 -2.687500
v -1.875000 7.625000 -2.687500
vt 0.654297 0.039062
vt 0.697266 0.039062
vt 0.697266 0.035156
vt 0.654297 0.035156
f 1713/1713/1 1716/1716/1 1715/1715/1 1714/1714/1
v -3.250000 7.718750 -2.437500
v -1.875000 7.718750 -2.437500
v -1.875000 7.625000 -2.437500
v -3.250000 7.625000 -2.437500
vt 0.654297 0.039062
vt 0.697266 0.039062
vt 0.697266 0.035156
vt 0.654297 0.035156
f 1717/1717/2 1720/1720/2 1719/1719/2 1718/1718/2
v -3.250000 7.718750 -2.687500
v -3.250000 7.718750 -2.437500
v -3.250000 7.625000 -2.437500
v -3.250000 7.625000 -2.687500
vt 0.712891 0.039062
vt 0.720703 0.039062
vt 0.720703 0.035156
vt 0.712891 0.035156
f 1721/1721/3 1724/1724/3 1723/1723/3 1722/1722/3
v -1.875000 7.718750 -2.437500
v -1.875000 7.718750 -2.687500
v -1.875000 7.625000 -2.687500
v -1.875000 7.625000 -2.437500
vt 0.712891 0.039062
vt 0.720703 0.039062
vt 0.720703 0.035156
vt 0.712891 0.035156
f 1725/1725/4 1728/1728/4 1727/1727/4 1726/1726/4
v -3.250000 7.718750 -2.687500
v -1.875000 7.718750 -2.687500
v -1.875000 7.718750 -2.437500
v -3.250000 7.718750 -2.437500
vt 0.566406 0.050781
vt 0.609375 0.050781
vt 0.609375 0.042969
vt 0.566406 0.042969
f 1729/1729/5 1732/1732/5 1731/1731/5 1730/1730/5
v -2.437500 7.750000 -3.250000
v -2.687500 7.750000 -3.250000
v -2.687500 7.656250 -3.250000
v -2.437500 7.656250 -3.250000
vt 0.712891 0.039062
vt 0.720703 0.039062
vt 0.720703 0.035156
vt 0.712891 0.035156
f 1733/1733/1 1736/1736/1 1735/1735/1 1734/1734/1
v -2.687500 7.750000 -1.875000
v -2.437500 7.750000 -1.875000
v -2.437500 7.656250 -1.875000
v -2.687500 7.656250 -1.875000
vt 0.712891 0.039062
vt 0.720703 0.039062
vt 0.720703 0.035156
vt 0.712891 0.035156
f 1737/1737/2 1740/1740/2 1739/1739/2 1738/1738/2
v -2.687500 7.750000 -3.250000
v -2.687500 7.750000 -1.875000
v -2.687500 7.656250 -1.875000
v -2.687500 7.656250 -3.250000
vt 0.654297 0.039062
vt 0.697266 0.039062
vt 0.697266 0.035156
vt 0.654297 0.035156
f 1741/1741/3 1744/1744/3 1743/1743/3 1742/1742/3
v -2.437500 7.750000 -1.875000
v -2.437500 7.750000 -3.250000
v -2.437500 7.656250 -3.250000
v -2.437500 7.656250 -1.875000
vt 0.654297 0.039062
vt 0.697266 0.039062
vt 0.697266 0.035156
vt 0.654297 0.035156
f 1745/1745/4 1748/1748/4 1747/1747/4 1746/1746/4
v -2.687500 7.750000 -3.250000
v -2.437500 7.750000 -3.250000
v -2.437500 7.750000 -1.875000
v -2.687500 7.750000 -1.875000
vt 0.982422 1.000000
vt 0.990234 1.000000
vt 0.990234 0.957031
vt 0.982422 0.957031
f 1749/1749/5 1752/1752/5 1751/1751/5 1750/1750/5
v -2.375000 7.781250 -2.750000
v -2.750000 7.781250 -2.750000
v -2.750000 7.625000 -2.750000
v -2.375000 7.625000 -2.750000
vt 0.642578 0.039062
vt 0.654297 0.039062
vt 0.654297 0.033203
vt 0.642578 0.033203
f 1753/1753/1 1756/1756/1 1755/1755/1 1754/1754/1
v -2.750000 7.781250 -2.375000
v -2.375000 7.781250 -2.375000
v -2.375000 7.625000 -2.375000
v -2.750000 7.625000 -2.375000
vt 0.642578 0.039062
vt 0.654297 0.039062
vt 0.654297 0.033203
vt 0.642578 0.033203
f 1757/1757/2 1760/1760/2 1759/1759/2 1758/1758/2
v -2.750000 7.781250 -2.750000
v -2.750000 7.781250 -2.375000
v -2.750000 7.625000 -2.375000
v -2.750000 7.625000 -2.750000
vt 0.642578 0.039062
vt 0.654297 0.039062
vt 0.654297 0.033203
vt 0.642578 0.033203
f 1761/1761/3 1764/1764/3 1763/1763/3 1762/1762/3
v -2.375000 7.781250 -2.375000
v -2.375000 7.781250 -2.750000
v -2.375000 7.625000 -2.750000
v -2.375000 7.625000 -2.375000
vt 0.642578 0.039062
vt 0.654297 0.039062
vt 0.654297 0.033203
vt 0.642578 0.033203
f 1765/1765/4 1768/1768/4 1767/1767/4 1766/1766/4
v -2.750000 7.781250 -2.750000
v -2.375000 7.781250 -2.750000
v -2.375000 7.781250 -2.375000
v -2.750000 7.781250 -2.375000
vt 0.970703 0.076172
vt 0.982422 0.076172
vt 0.982422 0.064453
vt 0.970703 0.064453
f 1769/1769/5 1772/1772/5 1771/1771/5 1770/1770/5
v 3.250000 7.718750 -2.687500
v 1.875000 7.718750 -2.687500
v 1.875000 7.625000 -2.687500
v 3.250000 7.625000 -2.687500
vt 0.654297 0.039062
vt 0.697266 0.039062
vt 0.697266 0.035156
vt 0.654297 0.035156
f 1773/1773/1 1776/1776/1 1775/1775/1 1774/1774/1
v 1.875000 7.718750 -2.437500
v 3.250000 7.718750 -2.437500
v 3.250000 7.625000 -2.437500
v 1.875000 7.625000 -2.437500
vt 0.654297 0.039062
vt 0.697266 0.039062
vt 0.697266 0.035156
vt 0.654297 0.035156
f 1777/1777/2 1780/1780/2 1779/1779/2 1778/1778/2
v 1.875000 7.718750 -2.687500
v 1.875000 7.718750 -2.437500
v 1.875000 7.625000 -2.437500
v 1.875000 7.625000 -2.687500
vt 0.712891 0.039062
vt 0.720703 0.039062
vt 0.720703 0.035156
vt 0.712891 0.035156
f 1781/1781/3 1784/1784/3 1783/1783/3 1782/1782/3
v 3.250000 7.718750 -2.437500
v 3.250000 7.718750 -2.687500
v 3.250000 7.625000 -2.687500
v 3.250000 7.625000 -2.437500
vt 0.712891 0.039062
vt 0.720703 0.039062
vt 0.720703 0.035156
vt 0.712891 0.035156
f 1785/1785/4 1788/1788/4 1787/1787/4 1786/1786/4
v 1.875000 7.718750 -2.687500
v 3.250000 7.718750 -2.687500
v 3.250000 7.718750 -2.437500
v 1.875000 7.718750 -2.437500
vt 0.566406 0.050781
vt 0.609375 0.050781
vt 0.609375 0.042969
vt 0.566406 0.042969
f 1789/1789/5 1792/1792/5 1791/1791/5 1790/1790/5
v 2.687500 7.750000 -3.250000
v 2.437500 7.750000 -3.250000
v 2.437500 7.656250 -3.250000
v 2.687500 7.656250 -3.250000
vt 0.712891 0.039062
vt 0.720703 0.039062
vt 0.720703 0.035156
vt 0.712891 0.035156
f 1793/1793/1 1796/1796/1 1795/1795/1 1794/1794/1
v 2.437500 7.750000 -1.875000
v 2.687500 7.750000 -1.875000
v 2.687500 7.656250 -1.875000
v 2.437500 7.656250 -1.875000
vt 0.712891 0.039062
vt 0.720703 0.039062
vt 0.720703 0.035156
vt 0.712891 0.035156
f 1797/1797/2 1800/1800/2 1799/1799/2 1798/1798/2
v 2.437500 7.750000 -3.250000
v 2.437500 7.750000 -1.875000
v 2.437500 7.656250 -1.875000
v 2.437500 7.656250 -3.250000
vt 0.654297 0.039062
vt 0.697266 0.039062
vt 0.697266 0.035156
vt 0.654297 0.035156
f 1801/1801/3 1804/1804/3 1803/1803/3 1802/1802/3
v 2.687500 7.750000 -1.875000
v 2.687500 7.750000 -3.250000
v 2.687500 7.656250 -3.250000
v 2.687500 7.656250 -1.875000
vt 0.654297 0.039062
vt 0.697266 0.039062
vt 0.697266 0.035156
vt 0.654297 0.035156
f 1805/1805/4 1808/1808/4 1807/1807/4 1806/1806/4
v 2.437500 7.750000 -3.250000
v 2.687500 7.750000 -3.250000
v 2.687500 7.750000 -1.875000
v 2.437500 7.750000 -1.875000
vt 0.982422 1.000000
vt 0.990234 1.000000
vt 0.990234 0.957031
vt 0.982422 0.957031
f 1809/1809/5 1812/1812/5 1811/1811/5 1810/1810/5
v 2.750000 7.781250 -2.750000
v 2.375000 7.781250 -2.750000
v 2.375000 7.625000 -2.750000
v 2.750000 7.625000 -2.750000
vt 0.642578 0.039062
vt 0.654297 0.039062
vt 0.654297 0.033203
vt 0.642578 0.033203
f 1813/1813/1 1816/1816/1 1815/1815/1 1814/1814/1
v 2.375000 7.781250 -2.375000
v 2.750000 7.781250 -2.375000
v 2.750000 7.625000 -2.375000
v 2.375000 7.625000 -2.375000
vt 0.642578 0.039062
vt 0.654297 0.039062
vt 0.654297 0.033203
vt 0.642578 0.033203
f 1817/1817/2 1820/1820/2 1819/1819/2 1818/1818/2
v 2.375000 7.781250 -2.750000
v 2.375000 7.781250 -2.375000
v 2.375000 7.625000 -2.375000
v 2.375000 7.625000 -2.750000
vt 0.642578 0.039062
vt 0.654297 0.039062
vt 0.654297 0.033203
vt 0.642578 0.033203
f 1821/1821/3 1824/1824/3 1823/1823/3 1822/1822/3
v 2.750000 7.781250 -2.375000
v 2.750000 7.781250 -2.750000
v 2.750000 7.625000 -2.750000
v 2.750000 7.625000 -2.375000
vt 0.642578 0.039062
vt 0.654297 0.039062
vt 0.654297 0.033203
vt 0.642578 0.033203
f 1825/1825/4 1828/1828/4 1827/1827/4 1826/1826/4
v 2.375000 7.781250 -2.750000
v 2.750000 7.781250 -2.750000
v 2.750000 7.781250 -2.375000
v 2.375000 7.781250 -2.375000
vt 0.970703 0.076172
vt 0.982422 0.076172
vt 0.982422 0.064453
vt 0.970703 0.064453
f 1829/1829/5 1832/1832/5 1831/1831/5 1830/1830/5
o Tubes
v 7.562500 -2.687500 0.750000
v 5.250000 -2.687500 0.750000
v 5.250000 -3.437500 0.750000
v 7.562500 -3.437500 0.750000
vt 0.925781 0.109375
vt 0.998047 0.109375
vt 0.998047 0.085938
vt 0.925781 0.085938
f 1833/1833/1 1836/1836/1 1835/1835/1 1834/1834/1
v 5.250000 -2.687500 1.500000
v 7.562500 -2.687500 1.500000
v 7.562500 -3.437500 1.500000
v 5.250000 -3.437500 1.500000
vt 0.925781 0.109375
vt 0.998047 0.109375
vt 0.998047 0.085938
vt 0.925781 0.085938
f 1837/1837/2 1840/1840/2 1839/1839/2 1838/1838/2
v 5.250000 -2.687500 0.750000
v 7.562500 -2.687500 0.750000
v 7.562500 -2.687500 1.500000
v 5.250000 -2.687500 1.500000
vt 0.925781 0.109375
vt 0.998047 0.109375
vt 0.998047 0.085938
vt 0.925781 0.085938
f 1841/1841/5 1844/1844/5 1843/1843/5 1842/1842/5
v 5.250000 -3.437500 1.500000
v 7.562500 -3.437500 1.500000
v 7.562500 -3.437500 0.750000
v 5.250000 -3.437500 0.750000
vt 0.925781 0.109375
vt 0.998047 0.109375
vt 0.998047 0.085938
vt 0.925781 0.085938
f 1845/1845/6 1848/1848/6 1847/1847/6 1846/1846/6
v 8.312500 5.312500 0.750000
v 7.562500 5.312500 0.750000
v 7.562500 -3.437500 0.750000
v 8.312500 -3.437500 0.750000
vt 0.000000 1.000000
vt 0.023438 1.000000
vt 0.023438 0.726562
vt 0.000000 0.726562
f 1849/1849/1 1852/1852/1 1851/1851/1 1850/1850/1
v 7.562500 5.312500 1.500000
v 8.312500 5.312500 1.500000
v 8.312500 -3.437500 1.500000
v 7.562500 -3.437500 1.500000
vt 0.000000 1.000000
vt 0.023438 1.000000
vt 0.023438 0.726562
vt 0.000000 0.726562
f 1853/1853/2 1856/1856/2 1855/1855/2 1854/1854/2
v 7.562500 5.312500 0.750000
v 7.562500 5.312500 1.500000
v 7.562500 -3.437500 1.500000
v 7.562500 -3.437500 0.750000
vt 0.000000 1.000000
vt 0.023438 1.000000
vt 0.023438 0.726562
vt 0.000000 0.726562
f 1857/1857/3 1860/1860/3 1859/1859/3 1858/1858/3
v 8.312500 5.312500 1.500000
v 8.312500 5.312500 0.750000
v 8.312500 -3.437500 0.750000
v 8.312500 -3.437500 1.500000
vt 0.000000 1.000000
vt 0.023438 1.000000
vt 0.023438 0.726562
vt 0.000000 0.726562
f 1861/1861/4 1864/1864/4 1863/1863/4 1862/1862/4
v 7.562500 5.312500 0.750000
v 8.312500 5.312500 0.750000
v 8.312500 5.312500 1.500000
v 7.562500 5.312500 1.500000
vt 0.212891 0.076172
vt 0.236328 0.076172
vt 0.236328 0.052734
vt 0.212891 0.052734
f 1865/1865/5 1868/1868/5 1867/1867/5 1866/1866/5
v 7.562500 -3.437500 1.500000
v 8.312500 -3.437500 1.500000
v 8.312500 -3.437500 0.750000
v 7.562500 -3.437500 0.750000
vt 0.212891 0.076172
vt 0.236328 0.076172
vt 0.236328 0.052734
vt 0.212891 0.052734
f 1869/1869/6 1872/1872/6 1871/1871/6 1870/1870/6
v 7.562500 5.312500 0.750000
v 5.250000 5.312500 0.750000
v 5.250000 4.562500 0.750000
v 7.562500 4.562500 0.750000
vt 0.109375 0.076172
vt 0.181641 0.076172
vt 0.181641 0.052734
vt 0.109375 0.052734
f 1873/1873/1 1876/1876/1 1875/1875/1 1874/1874/1
v 5.250000 5.312500 1.500000
v 7.562500 5.312500 1.500000
v 7.562500 4.562500 1.500000
v 5.250000 4.562500 1.500000
vt 0.109375 0.076172
vt 0.181641 0.076172
vt 0.181641 0.052734
vt 0.109375 0.052734
f 1877/1877/2 1880/1880/2 1879/1879/2 1878/1878/2
v 5.250000 5.312500 0.750000
v 7.562500 5.312500 0.750000
v 7.562500 5.312500 1.500000
v 5.250000 5.312500 1.500000
vt 0.109375 0.076172
vt 0.181641 0.076172
vt 0.181641 0.052734
vt 0.109375 0.052734
f 1881/1881/5 1884/1884/5 1883/1883/5 1882/1882/5
v 5.250000 4.562500 1.500000
v 7.562500 4.562500 1.500000
v 7.562500 4.562500 0.750000
v 5.250000 4.562500 0.750000
vt 0.109375 0.076172
vt 0.181641 0.076172
vt 0.181641 0.052734
vt 0.109375 0.052734
f 1885/1885/6 1888/1888/6 1887/1887/6 1886/1886/6
v 5.750000 -2.625000 0.625000
v 5.500000 -2.625000 0.625000
v 5.500000 -3.500000 0.625000
v 5.750000 -3.500000 0.625000
vt 0.910156 0.109375
vt 0.917969 0.109375
vt 0.917969 0.082031
vt 0.910156 0.082031
f 1889/1889/1 1892/1892/1 1891/1891/1 1890/1890/1
v 5.500000 -2.625000 1.625000
v 5.750000 -2.625000 1.625000
v 5.750000 -3.500000 1.625000
v 5.500000 -3.500000 1.625000
vt 0.910156 0.109375
vt 0.917969 0.109375
vt 0.917969 0.082031
vt 0.910156 0.082031
f 1893/1893/2 1896/1896/2 1895/1895/2 1894/1894/2
v 5.500000 -2.625000 0.625000
v 5.500000 -2.625000 1.625000
v 5.500000 -3.500000 1.625000
v 5.500000 -3.500000 0.625000
vt 0.820312 0.109375
vt 0.851562 0.109375
vt 0.851562 0.082031
vt 0.820312 0.082031
f 1897/1897/3 1900/1900/3 1899/1899/3 1898/1898/3
v 5.750000 -2.625000 1.625000
v 5.750000 -2.625000 0.625000
v 5.750000 -3.500000 0.625000
v 5.750000 -3.500000 1.625000
vt 0.820312 0.109375
vt 0.851562 0.109375
vt 0.851562 0.082031
vt 0.820312 0.082031
f 1901/1901/4 1904/1904/4 1903/1903/4 1902/1902/4
v 5.500000 -2.625000 0.625000
v 5.750000 -2.625000 0.625000
v 5.750000 -2.625000 1.625000
v 5.500000 -2.625000 1.625000
vt 0.992188 0.605469
vt 1.000000 0.605469
vt 1.000000 0.574219
vt 0.992188 0.574219
f 1905/1905/5 1908/1908/5 1907/1907/5 1906/1906/5
v 5.500000 -3.500000 1.625000
v 5.750000 -3.500000 1.625000
v 5.750000 -3.500000 0.625000
v 5.500000 -3.500000 0.625000
vt 0.992188 0.605469
vt 1.000000 0.605469
vt 1.000000 0.574219
vt 0.992188 0.574219
f 1909/1909/6 1912/1912/6 1911/1911/6 1910/1910/6
v 5.750000 5.375000 0.625000
v 5.500000 5.375000 0.625000
v 5.500000 4.500000 0.625000
v 5.750000 4.500000 0.625000
vt 0.917969 0.109375
vt 0.925781 0.109375
vt 0.925781 0.082031
vt 0.917969 0.082031
f 1913/1913/1 1916/1916/1 1915/1915/1 1914/1914/1
v 5.500000 5.375000 1.625000
v 5.750000 5.375000 1.625000
v 5.750000 4.500000 1.625000
v 5.500000 4.500000 1.625000
vt 0.917969 0.109375
vt 0.925781 0.109375
vt 0.925781 0.082031
vt 0.917969 0.082031
f 1917/1917/2 1920/1920/2 1919/1919/2 1918/1918/2
v 5.500000 5.375000 0.625000
v 5.500000 5.375000 1.625000
v 5.500000 4.500000 1.625000
v 5.500000 4.500000 0.625000
vt 0.851562 0.109375
vt 0.882812 0.109375
vt 0.882812 0.082031
vt 0.851562 0.082031
f 1921/1921/3 1924/1924/3 1923/1923/3 1922/1922/3
v 5.750000 5.375000 1.625000
v 5.750000 5.375000 0.625000
v 5.750000 4.500000 0.625000
v 5.750000 4.500000 1.625000
vt 0.851562 0.109375
vt 0.882812 0.109375
vt 0.882812 0.082031
vt 0.851562 0.082031
f 1925/1925/4 1928/1928/4 1927/1927/4 1926/1926/4
v 5.500000 5.375000 0.625000
v 5.750000 5.375000 0.625000
v 5.750000 5.375000 1.625000
v 5.500000 5.375000 1.625000
vt 0.988281 0.273438
vt 0.996094 0.273438
vt 0.996094 0.242188
vt 0.988281 0.242188
f 1929/1929/5 1932/1932/5 1931/1931/5 1930/1930/5
v 5.500000 4.500000 1.625000
v 5.750000 4.500000 1.625000
v 5.750000 4.500000 0.625000
v 5.500000 4.500000 0.625000
vt 0.988281 0.273438
vt 0.996094 0.273438
vt 0.996094 0.242188
vt 0.988281 0.242188
f 1933/1933/6 1936/1936/6 1935/1935/6 1934/1934/6
v 8.375000 0.500000 0.687500
v 7.500000 0.500000 0.687500
v 7.500000 0.250000 0.687500
v 8.375000 0.250000 0.687500
vt 0.671875 0.050781
vt 0.699219 0.050781
vt 0.699219 0.042969
vt 0.671875 0.042969
f 1937/1937/1 1940/1940/1 1939/1939/1 1938/1938/1
v 7.500000 0.500000 1.562500
v 8.375000 0.500000 1.562500
v 8.375000 0.250000 1.562500
v 7.500000 0.250000 1.562500
vt 0.671875 0.050781
vt 0.699219 0.050781
vt 0.699219 0.042969
vt 0.671875 0.042969
f 1941/1941/2 1944/1944/2 1943/1943/2 1942/1942/2
v 7.500000 0.500000 0.687500
v 7.500000 0.500000 1.562500
v 7.500000 0.250000 1.562500
v 7.500000 0.250000 0.687500
vt 0.671875 0.050781
vt 0.699219 0.050781
vt 0.699219 0.042969
vt 0.671875 0.042969
f 1945/1945/3 1948/1948/3 1947/1947/3 1946/1946/3
v 8.375000 0.500000 1.562500
v 8.375000 0.500000 0.687500
v 8.375000 0.250000 0.687500
v 8.375000 0.250000 1.562500
vt 0.671875 0.050781
vt 0.699219 0.050781
vt 0.699219 0.042969
vt 0.671875 0.042969
f 1949/1949/4 1952/1952/4 1951/1951/4 1950/1950/4
v 7.500000 0.500000 0.687500
v 8.375000 0.500000 0.687500
v 8.375000 0.500000 1.562500
v 7.500000 0.500000 1.562500
vt 0.882812 0.109375
vt 0.910156 0.109375
vt 0.910156 0.082031
vt 0.882812 0.082031
f 1953/1953/5 1956/1956/5 1955/1955/5 1954/1954/5
v 7.500000 0.250000 1.562500
v 8.375000 0.250000 1.562500
v 8.375000 0.250000 0.687500
v 7.500000 0.250000 0.687500
vt 0.882812 0.109375
vt 0.910156 0.109375
vt 0.910156 0.082031
vt 0.882812 0.082031
f 1957/1957/6 1960/1960/6 1959/1959/6 1958/1958/6
v 7.562500 -2.687500 -1.500000
v 5.250000 -2.687500 -1.500000
v 5.250000 -3.437500 -1.500000
v 7.562500 -3.437500 -1.500000
vt 0.925781 0.109375
vt 0.998047 0.109375
vt 0.998047 0.085938
vt 0.925781 0.085938
f 1961/1961/1 1964/1964/1 1963/1963/1 1962/1962/1
v 5.250000 -2.687500 -0.750000
v 7.562500 -2.687500 -0.750000
v 7.562500 -3.437500 -0.750000
v 5.250000 -3.437500 -0.750000
vt 0.925781 0.109375
vt 0.998047 0.109375
vt 0.998047 0.085938
vt 0.925781 0.085938
f 1965/1965/2 1968/1968/2 1967/1967/2 1966/1966/2
v 5.250000 -2.687500 -1.500000
v 7.562500 -2.687500 -1.500000
v 7.562500 -2.687500 -0.750000
v 5.250000 -2.687500 -0.750000
vt 0.925781 0.109375
vt 0.998047 0.109375
vt 0.998047 0.085938
vt 0.925781 0.085938
f 1969/1969/5 1972/1972/5 1971/1971/5 1970/1970/5
v 5.250000 -3.437500 -0.750000
v 7.562500 -3.437500 -0.750000
v 7.562500 -3.437500 -1.500000
v 5.250000 -3.437500 -1.500000
vt 0.925781 0.109375
vt 0.998047 0.109375
vt 0.998047 0.085938
vt 0.925781 0.085938
f 1973/1973/6 1976/1976/6 1975/1975/6 1974/1974/6
v 8.312500 5.312500 -1.500000
v 7.562500 5.312500 -1.500000
v 7.562500 -3.437500 -1.500000
v 8.312500 -3.437500 -1.500000
vt 0.000000 1.000000
vt 0.023438 1.000000
vt 0.023438 0.726562
vt 0.000000 0.726562
f 1977/1977/1 1980/1980/1 1979/1979/1 1978/1978/1
v 7.562500 5.312500 -0.750000
v 8.312500 5.312500 -0.750000
v 8.312500 -3.437500 -0.750000
v 7.562500 -3.437500 -0.750000
vt 0.000000 1.000000
vt 0.023438 1.000000
vt 0.023438 0.726562
vt 0.000000 0.726562
f 1981/1981/2 1984/1984/2 1983/1983/2 1982/1982/2
v 7.562500 5.312500 -1.500000
v 7.562500 5.312500 -0.750000
v 7.562500 -3.437500 -0.750000
v 7.562500 -3.437500 -1.500000
vt 0.000000 1.000000
vt 0.023438 1.000000
vt 0.023438 0.726562
vt 0.000000 0.726562
f 1985/1985/3 1988/1988/3 1987/1987/3 1986/1986/3
v 8.312500 5.312500 -0.750000
v 8.312500 5.312500 -1.500000
v 8.312500 -3.437500 -1.500000
v 8.312500 -3.437500 -0.750000
vt 0.000000 1.000000
vt 0.023438 1.000000
vt 0.023438 0.726562
vt 0.000000 0.726562
f 1989/1989/4 1992/1992/4 1991/1991/4 1990/1990/4
v 7.562500 5.312500 -1.500000
v 8.312500 5.312500 -1.500000
v 8.312500 5.312500 -0.750000
v 7.562500 5.312500 -0.750000
vt 0.212891 0.076172
vt 0.236328 0.076172
vt 0.236328 0.052734
vt 0.212891 0.052734
f 1993/1993/5 1996/1996/5 1995/1995/5 1994/1994/5
v 7.562500 -3.437500 -0.750000
v 8.312500 -3.437500 -0.750000
v 8.312500 -3.437500 -1.500000
v 7.562500 -3.437500 -1.500000
vt 0.212891 0.076172
vt 0.236328 0.076172
vt 0.236328 0.052734
vt 0.212891 0.052734
f 1997/1997/6 2000/2000/6 1999/1999/6 1998/1998/6
v 7.562500 5.312500 -1.500000
v 5.250000 5.312500 -1.500000
v 5.250000 4.562500 -1.500000
v 7.562500 4.562500 -1.500000
vt 0.109375 0.076172
vt 0.181641 0.076172
vt 0.181641 0.052734
vt 0.109375 0.052734
f 2001/2001/1 2004/2004/1 2003/2003/1 2002/2002/1
v 5.250000 5.312500 -0.750000
v 7.562500 5.312500 -0.750000
v 7.562500 4.562500 -0.750000
v 5.250000 4.562500 -0.750000
vt 0.109375 0.076172
vt 0.181641 0.076172
vt 0.181641 0.052734
vt 0.109375 0.052734
f 2005/2005/2 2008/2008/2 2007/2007/2 2006/2006/2
v 5.250000 5.312500 -1.500000
v 7.562500 5.312500 -1.500000
v 7.562500 5.312500 -0.750000
v 5.250000 5.312500 -0.750000
vt 0.109375 0.076172
vt 0.181641 0.076172
vt 0.181641 0.052734
vt 0.109375 0.052734
f 2009/2009/5 2012/2012/5 2011/2011/5 2010/2010/5
v 5.250000 4.562500 -0.750000
v 7.562500 4.562500 -0.750000
v 7.562500 4.562500 -1.500000
v 5.250000 4.562500 -1.500000
vt 0.109375 0.076172
vt 0.181641 0.076172
vt 0.181641 0.052734
vt 0.109375 0.052734
f 2013/2013/6 2016/2016/6 2015/2015/6 2014/2014/6
v 5.750000 -2.625000 -1.625000
v 5.500000 -2.625000 -1.625000
v 5.500000 -3.500000 -1.625000
v 5.750000 -3.500000 -1.625000
vt 0.910156 0.109375
vt 0.917969 0.109375
vt 0.917969 0.082031
vt 0.910156 0.082031
f 2017/2017/1 2020/2020/1 2019/2019/1 2018/2018/1
v 5.500000 -2.625000 -0.625000
v 5.750000 -2.625000 -0.625000
v 5.750000 -3.500000 -0.625000
v 5.500000 -3.500000 -0.625000
vt 0.910156 0.109375
vt 0.917969 0.109375
vt 0.917969 0.082031
vt 0.910156 0.082031
f 2021/2021/2 2024/2024/2 2023/2023/2 2022/2022/2
v 5.500000 -2.625000 -1.625000
v 5.500000 -2.625000 -0.625000
v 5.500000 -3.500000 -0.625000
v 5.500000 -3.500000 -1.625000
vt 0.820312 0.109375
vt 0.851562 0.109375
vt 0.851562 0.082031
vt 0.820312 0.082031
f 2025/2025/3 2028/2028/3 2027/2027/3 2026/2026/3
v 5.750000 -2.625000 -0.625000
v 5.750000 -2.625000 -1.625000
v 5.750000 -3.500000 -1.625000
v 5.750000 -3.500000 -0.625000
vt 0.820312 0.109375
vt 0.851562 0.109375
vt 0.851562 0.082031
vt 0.820312 0.082031
f 2029/2029/4 2032/2032/4 2031/2031/4 2030/2030/4
v 5.500000 -2.625000 -1.625000
v 5.750000 -2.625000 -1.625000
v 5.750000 -2.625000 -0.625000
v 5.500000 -2.625000 -0.625000
vt 0.992188 0.605469
vt 1.000000 0.605469
vt 1.000000 0.574219
vt 0.992188 0.574219
f 2033/2033/5 2036/2036/5 2035/2035/5 2034/2034/5
v 5.500000 -3.500000 -0.625000
v 5.750000 -3.500000 -0.625000
v 5.750000 -3.500000 -1.625000
v 5.500000 -3.500000 -1.625000
vt 0.992188 0.605469
vt 1.000000 0.605469
vt 1.000000 0.574219
vt 0.992188 0.574219
f 2037/2037/6 2040/2040/6 2039/2039/6 2038/2038/6
v 5.750000 5.375000 -1.625000
v 5.500000 5.375000 -1.625000
v 5.500000 4.500000 -1.625000
v 5.750000 4.500000 -1.625000
vt 0.917969 0.109375
vt 0.925781 0.109375
vt 0.925781 0.082031
vt 0.917969 0.082031
f 2041/2041/1 2044/2044/1 2043/2043/1 2042/2042/1
v 5.500000 5.375000 -0.625000
v 5.750000 5.375000 -0.625000
v 5.750000 4.500000 -0.625000
v 5.500000 4.500000 -0.625000
vt 0.917969 0.109375
vt 0.925781 0.109375
vt 0.925781 0.082031
vt 0.917969 0.082031
f 2045/2045/2 2048/2048/2 2047/2047/2 2046/2046/2
v 5.500000 5.375000 -1.625000
v 5.500000 5.375000 -0.625000
v 5.500000 4.500000 -0.625000
v 5.500000 4.500000 -1.625000
vt 0.851562 0.109375
vt 0.882812 0.109375
vt 0.882812 0.082031
vt 0.851562 0.082031
f 2049/2049/3 2052/2052/3 2051/2051/3 2050/2050/3
v 5.750000 5.375000 -0.625000
v 5.750000 5.375000 -1.625000
v 5.750000 4.500000 -1.625000
v 5.750000 4.500000 -0.625000
vt 0.851562 0.109375
vt 0.882812 0.109375
vt 0.882812 0.082031
vt 0.851562 0.082031
f 2053/2053/4 2056/2056/4 2055/2055/4 2054/2054/4
v 5.500000 5.375000 -1.625000
v 5.750000 5.375000 -1.625000
v 5.750000 5.375000 -0.625000
v 5.500000 5.375000 -0.625000
vt 0.988281 0.273438
vt 0.996094 0.273438
vt 0.996094 0.242188
vt 0.988281 0.242188
f 2057/2057/5 2060/2060/5 2059/2059/5 2058/2058/5
v 5.500000 4.500000 -0.625000
v 5.750000 4.500000 -0.625000
v 5.750000 4.500000 -1.625000
v 5.500000 4.500000 -1.625000
vt 0.988281 0.273438
vt 0.996094 0.273438
vt 0.996094 0.242188
vt 0.988281 0.242188
f 2061/2061/6 2064/2064/6 2063/2063/6 2062/2062/6
v 8.375000 0.500000 -1.562500
v 7.500000 0.500000 -1.562500
v 7.500000 0.250000 -1.562500
v 8.375000 0.250000 -1.562500
vt 0.671875 0.050781
vt 0.699219 0.050781
vt 0.699219 0.042969
vt 0.671875 0.042969
f 2065/2065/1 2068/2068/1 2067/2067/1 2066/2066/1
v 7.500000 0.500000 -0.687500
v 8.375000 0.500000 -0.687500
v 8.375000 0.250000 -0.687500
v 7.500000 0.250000 -0.687500
vt 0.671875 0.050781
vt 0.699219 0.050781
vt 0.699219 0.042969
vt 0.671875 0.042969
f 2069/2069/2 2072/2072/2 2071/2071/2 2070/2070/2
v 7.500000 0.500000 -1.562500
v 7.500000 0.500000 -0.687500
v 7.500000 0.250000 -0.687500
v 7.500000 0.250000 -1.562500
vt 0.671875 0.050781
vt 0.699219 0.050781
vt 0.699219 0.042969
vt 0.671875 0.042969
f 2073/2073/3 2076/2076/3 2075/2075/3 2074/2074/3
v 8.375000 0.500000 -0.687500
v 8.375000 0.500000 -1.562500
v 8.375000 0.250000 -1.562500
v 8.375000 0.250000 -0.687500
vt 0.671875 0.050781
vt 0.699219 0.050781
vt 0.699219 0.042969
vt 0.671875 0.042969
f 2077/2077/4 2080/2080/4 2079/2079/4 2078/2078/4
v 7.500000 0.500000 -1.562500
v 8.375000 0.500000 -1.562500
v 8.375000 0.500000 -0.687500
v 7.500000 0.500000 -0.687500
vt 0.882812 0.109375
vt 0.910156 0.109375
vt 0.910156 0.082031
vt 0.882812 0.082031
f 2081/2081/5 2084/2084/5 2083/2083/5 2082/2082/5
v 7.500000 0.250000 -0.687500
v 8.375000 0.250000 -0.687500
v 8.375000 0.250000 -1.562500
v 7.500000 0.250000 -1.562500
vt 0.882812 0.109375
vt 0.910156 0.109375
vt 0.910156 0.082031
vt 0.882812 0.082031
f 2085/2085/6 2088/2088/6 2087/2087/6 2086/2086/6
v -1.500000 -2.687500 5.250000
v -1.500000 -2.687500 7.562500
v -1.500000 -3.437500 7.562500
v -1.500000 -3.437500 5.250000
vt 0.925781 0.109375
vt 0.998047 0.109375
vt 0.998047 0.085938
vt 0.925781 0.085938
f 2089/2089/3 2092/2092/3 2091/2091/3 2090/2090/3
v -0.750000 -2.687500 7.562500
v -0.750000 -2.687500 5.250000
v -0.750000 -3.437500 5.250000
v -0.750000 -3.437500 7.562500
vt 0.925781 0.109375
vt 0.998047 0.109375
vt 0.998047 0.085938
vt 0.925781 0.085938
f 2093/2093/4 2096/2096/4 2095/2095/4 2094/2094/4
v -1.500000 -2.687500 5.250000
v -0.750000 -2.687500 5.250000
v -0.750000 -2.687500 7.562500
v -1.500000 -2.687500 7.562500
vt 0.945312 0.605469
vt 0.968750 0.605469
vt 0.968750 0.533203
vt 0.945312 0.533203
f 2097/2097/5 2100/2100/5 2099/2099/5 2098/2098/5
v -1.500000 -3.437500 7.562500
v -0.750000 -3.437500 7.562500
v -0.750000 -3.437500 5.250000
v -1.500000 -3.437500 5.250000
vt 0.945312 0.605469
vt 0.968750 0.605469
vt 0.968750 0.533203
vt 0.945312 0.533203
f 2101/2101/6 2104/2104/6 2103/2103/6 2102/2102/6
v -0.750000 5.312500 7.562500
v -1.500000 5.312500 7.562500
v -1.500000 -3.437500 7.562500
v -0.750000 -3.437500 7.562500
vt 0.000000 1.000000
vt 0.023438 1.000000
vt 0.023438 0.726562
vt 0.000000 0.726562
f 2105/2105/1 2108/2108/1 2107/2107/1 2106/2106/1
v -1.500000 5.312500 8.312500
v -0.750000 5.312500 8.312500
v -0.750000 -3.437500 8.312500
v -1.500000 -3.437500 8.312500
vt 0.000000 1.000000
vt 0.023438 1.000000
vt 0.023438 0.726562
vt 0.000000 0.726562
f 2109/2109/2 2112/2112/2 2111/2111/2 2110/2110/2
v -1.500000 5.312500 7.562500
v -1.500000 5.312500 8.312500
v -1.500000 -3.437500 8.312500
v -1.500000 -3.437500 7.562500
vt 0.000000 1.000000
vt 0.023438 1.000000
vt 0.023438 0.726562
vt 0.000000 0.726562
f 2113/2113/3 2116/2116/3 2115/2115/3 2114/2114/3
v -0.750000 5.312500 8.312500
v -0.750000 5.312500 7.562500
v -0.750000 -3.437500 7.562500
v -0.750000 -3.437500 8.312500
vt 0.000000 1.000000
vt 0.023438 1.000000
vt 0.023438 0.726562
vt 0.000000 0.726562
f 2117/2117/4 2120/2120/4 2119/2119/4 2118/2118/4
v -1.500000 5.312500 7.562500
v -0.750000 5.312500 7.562500
v -0.750000 5.312500 8.312500
v -1.500000 5.312500 8.312500
vt 0.212891 0.076172
vt 0.236328 0.076172
vt 0.236328 0.052734
vt 0.212891 0.052734
f 2121/2121/5 2124/2124/5 2123/2123/5 2122/2122/5
v -1.500000 -3.437500 8.312500
v -0.750000 -3.437500 8.312500
v -0.750000 -3.437500 7.562500
v -1.500000 -3.437500 7.562500
vt 0.212891 0.076172
vt 0.236328 0.076172
vt 0.236328 0.052734
vt 0.212891 0.052734
f 2125/2125/6 2128/2128/6 2127/2127/6 2126/2126/6
v -1.500000 5.312500 5.250000
v -1.500000 5.312500 7.562500
v -1.500000 4.562500 7.562500
v -1.500000 4.562500 5.250000
vt 0.109375 0.076172
vt 0.181641 0.076172
vt 0.181641 0.052734
vt 0.109375 0.052734
f 2129/2129/3 2132/2132/3 2131/2131/3 2130/2130/3
v -0.750000 5.312500 7.562500
v -0.750000 5.312500 5.250000
v -0.750000 4.562500 5.250000
v -0.750000 4.562500 7.562500
vt 0.109375 0.076172
vt 0.181641 0.076172
vt 0.181641 0.052734
vt 0.109375 0.052734
f 2133/2133/4 2136/2136/4 2135/2135/4 2134/2134/4
v -1.500000 5.312500 5.250000
v -0.750000 5.312500 5.250000
v -0.750000 5.312500 7.562500
v -1.500000 5.312500 7.562500
vt 0.968750 0.605469
vt 0.992188 0.605469
vt 0.992188 0.533203
vt 0.968750 0.533203
f 2137/2137/5 2140/2140/5 2139/2139/5 2138/2138/5
v -1.500000 4.562500 7.562500
v -0.750000 4.562500 7.562500
v -0.750000 4.562500 5.250000
v -1.500000 4.562500 5.250000
vt 0.968750 0.605469
vt 0.992188 0.605469
vt 0.992188 0.533203
vt 0.968750 0.533203
f 2141/2141/6 2144/2144/6 2143/2143/6 2142/2142/6
v -0.625000 -2.625000 5.500000
v -1.625000 -2.625000 5.500000
v -1.625000 -3.500000 5.500000
v -0.625000 -3.500000 5.500000
vt 0.820312 0.109375
vt 0.851562 0.109375
vt 0.851562 0.082031
vt 0.820312 0.082031
f 2145/2145/1 2148/2148/1 2147/2147/1 2146/2146/1
v -1.625000 -2.625000 5.750000
v -0.625000 -2.625000 5.750000
v -0.625000 -3.500000 5.750000
v -1.625000 -3.500000 5.750000
vt 0.820312 0.109375
vt 0.851562 0.109375
vt 0.851562 0.082031
vt 0.820312 0.082031
f 2149/2149/2 2152/2152/2 2151/2151/2 2150/2150/2
v -1.625000 -2.625000 5.500000
v -1.625000 -2.625000 5.750000
v -1.625000 -3.500000 5.750000
v -1.625000 -3.500000 5.500000
vt 0.910156 0.109375
vt 0.917969 0.109375
vt 0.917969 0.082031
vt 0.910156 0.082031
f 2153/2153/3 2156/2156/3 2155/2155/3 2154/2154/3
v -0.625000 -2.625000 5.750000
v -0.625000 -2.625000 5.500000
v -0.625000 -3.500000 5.500000
v -0.625000 -3.500000 5.750000
vt 0.910156 0.109375
vt 0.917969 0.109375
vt 0.917969 0.082031
vt 0.910156 0.082031
f 2157/2157/4 2160/2160/4 2159/2159/4 2158/2158/4
v -1.625000 -2.625000 5.500000
v -0.625000 -2.625000 5.500000
v -0.625000 -2.625000 5.750000
v -1.625000 -2.625000 5.750000
vt 0.609375 0.050781
vt 0.640625 0.050781
vt 0.640625 0.042969
vt 0.609375 0.042969
f 2161/2161/5 2164/2164/5 2163/2163/5 2162/2162/5
v -1.625000 -3.500000 5.750000
v -0.625000 -3.500000 5.750000
v -0.625000 -3.500000 5.500000
v -1.625000 -3.500000 5.500000
vt 0.609375 0.050781
vt 0.640625 0.050781
vt 0.640625 0.042969
vt 0.609375 0.042969
f 2165/2165/6 2168/2168/6 2167/2167/6 2166/2166/6
v -0.625000 5.375000 5.500000
v -1.625000 5.375000 5.500000
v -1.625000 4.500000 5.500000
v -0.625000 4.500000 5.500000
vt 0.851562 0.109375
vt 0.882812 0.109375
vt 0.882812 0.082031
vt 0.851562 0.082031
f 2169/2169/1 2172/2172/1 2171/2171/1 2170/2170/1
v -1.625000 5.375000 5.750000
v -0.625000 5.375000 5.750000
v -0.625000 4.500000 5.750000
v -1.625000 4.500000 5.750000
vt 0.851562 0.109375
vt 0.882812 0.109375
vt 0.882812 0.082031
vt 0.851562 0.082031
f 2173/2173/2 2176/2176/2 2175/2175/2 2174/2174/2
v -1.625000 5.375000 5.500000
v -1.625000 5.375000 5.750000
v -1.625000 4.500000 5.750000
v -1.625000 4.500000 5.500000
vt 0.917969 0.109375
vt 0.925781 0.109375
vt 0.925781 0.082031
vt 0.917969 0.082031
f 2177/2177/3 2180/2180/3 2179/2179/3 2178/2178/3
v -0.625000 5.375000 5.750000
v -0.625000 5.375000 5.500000
v -0.625000 4.500000 5.500000
v -0.625000 4.500000 5.750000
vt 0.917969 0.109375
vt 0.925781 0.109375
vt 0.925781 0.082031
vt 0.917969 0.082031
f 2181/2181/4 2184/2184/4 2183/2183/4 2182/2182/4
v -1.625000 5.375000 5.500000
v -0.625000 5.375000 5.500000
v -0.625000 5.375000 5.750000
v -1.625000 5.375000 5.750000
vt 0.640625 0.050781
vt 0.671875 0.050781
vt 0.671875 0.042969
vt 0.640625 0.042969
f 2185/2185/5 2188/2188/5 2187/2187/5 2186/2186/5
v -1.625000 4.500000 5.750000
v -0.625000 4.500000 5.750000
v -0.625000 4.500000 5.500000
v -1.625000 4.500000 5.500000
vt 0.640625 0.050781
vt 0.671875 0.050781
vt 0.671875 0.042969
vt 0.640625 0.042969
f 2189/2189/6 2192/2192/6 2191/2191/6 2190/2190/6
v -0.687500 0.500000 7.500000
v -1.562500 0.500000 7.500000
v -1.562500 0.250000 7.500000
v -0.687500 0.250000 7.500000
vt 0.671875 0.050781
vt 0.699219 0.050781
vt 0.699219 0.042969
vt 0.671875 0.042969
f 2193/2193/1 2196/2196/1 2195/2195/1 2194/2194/1
v -1.562500 0.500000 8.375000
v -0.687500 0.500000 8.375000
v -0.687500 0.250000 8.375000
v -1.562500 0.250000 8.375000
vt 0.671875 0.050781
vt 0.699219 0.050781
vt 0.699219 0.042969
vt 0.671875 0.042969
f 2197/2197/2 2200/2200/2 2199/2199/2 2198/2198/2
v -1.562500 0.500000 7.500000
v -1.562500 0.500000 8.375000
v -1.562500 0.250000 8.375000
v -1.562500 0.250000 7.500000
vt 0.671875 0.050781
vt 0.699219 0.050781
vt 0.699219 0.042969
vt 0.671875 0.042969
f 2201/2201/3 2204/2204/3 2203/2203/3 2202/2202/3
v -0.687500 0.500000 8.375000
v -0.687500 0.500000 7.500000
v -0.687500 0.250000 7.500000
v -0.687500 0.250000 8.375000
vt 0.671875 0.050781
vt 0.699219 0.050781
vt 0.699219 0.042969
vt 0.671875 0.042969
f 2205/2205/4 2208/2208/4 2207/2207/4 2206/2206/4
v -1.562500 0.500000 7.500000
v -0.687500 0.500000 7.500000
v -0.687500 0.500000 8.375000
v -1.562500 0.500000 8.375000
vt 0.882812 0.109375
vt 0.910156 0.109375
vt 0.910156 0.082031
vt 0.882812 0.082031
f 2209/2209/5 2212/2212/5 2211/2211/5 2210/2210/5
v -1.562500 0.250000 8.375000
v -0.687500 0.250000 8.375000
v -0.687500 0.250000 7.500000
v -1.562500 0.250000 7.500000
vt 0.882812 0.109375
vt 0.910156 0.109375
vt 0.910156 0.082031
vt 0.882812 0.082031
f 2213/2213/6 2216/2216/6 2215/2215/6 2214/2214/6
v 0.750000 -2.687500 5.250000
v 0.750000 -2.687500 7.562500
v 0.750000 -3.437500 7.562500
v 0.750000 -3.437500 5.250000
vt 0.925781 0.109375
vt 0.998047 0.109375
vt 0.998047 0.085938
vt 0.925781 0.085938
f 2217/2217/3 2220/2220/3 2219/2219/3 2218/2218/3
v 1.500000 -2.687500 7.562500
v 1.500000 -2.687500 5.250000
v 1.500000 -3.437500 5.250000
v 1.500000 -3.437500 7.562500
vt 0.925781 0.109375
vt 0.998047 0.109375
vt 0.998047 0.085938
vt 0.925781 0.085938
f 2221/2221/4 2224/2224/4 2223/2223/4 2222/2222/4
v 0.750000 -2.687500 5.250000
v 1.500000 -2.687500 5.250000
v 1.500000 -2.687500 7.562500
v 0.750000 -2.687500 7.562500
vt 0.945312 0.605469
vt 0.968750 0.605469
vt 0.968750 0.533203
vt 0.945312 0.533203
f 2225/2225/5 2228/2228/5 2227/2227/5 2226/2226/5
v 0.750000 -3.437500 7.562500
v 1.500000 -3.437500 7.562500
v 1.500000 -3.437500 5.250000
v 0.750000 -3.437500 5.250000
vt 0.945312 0.605469
vt 0.968750 0.605469
vt 0.968750 0.533203
vt 0.945312 0.533203
f 2229/2229/6 2232/2232/6 2231/2231/6 2230/2230/6
v 1.500000 5.312500 7.562500
v 0.750000 5.312500 7.562500
v 0.750000 -3.437500 7.562500
v 1.500000 -3.437500 7.562500
vt 0.000000 1.000000
vt 0.023438 1.000000
vt 0.023438 0.726562
vt 0.000000 0.726562
f 2233/2233/1 2236/2236/1 2235/2235/1 2234/2234/1
v 0.750000 5.312500 8.312500
v 1.500000 5.312500 8.312500
v 1.500000 -3.437500 8.312500
v 0.750000 -3.437500 8.312500
vt 0.000000 1.000000
vt 0.023438 1.000000
vt 0.023438 0.726562
vt 0.000000 0.726562
f 2237/2237/2 2240/2240/2 2239/2239/2 2238/2238/2
v 0.750000 5.312500 7.562500
v 0.750000 5.312500 8.312500
v 0.750000 -3.437500 8.312500
v 0.750000 -3.437500 7.562500
vt 0.000000 1.000000
vt 0.023438 1.000000
vt 0.023438 0.726562
vt 0.000000 0.726562
f 2241/2241/3 2244/2244/3 2243/2243/3 2242/2242/3
v 1.500000 5.312500 8.312500
v 1.500000 5.312500 7.562500
v 1.500000 -3.437500 7.562500
v 1.500000 -3.437500 8.312500
vt 0.000000 1.000000
vt 0.023438 1.000000
vt 0.023438 0.726562
vt 0.000000 0.726562
f 2245/2245/4 2248/2248/4 2247/2247/4 2246/2246/4
v 0.750000 5.312500 7.562500
v 1.500000 5.312500 7.562500
v 1.500000 5.312500 8.312500
v 0.750000 5.312500 8.312500
vt 0.212891 0.076172
vt 0.236328 0.076172
vt 0.236328 0.052734
vt 0.212891 0.052734
f 2249/2249/5 2252/2252/5 2251/2251/5 2250/2250/5
v 0.750000 -3.437500 8.312500
v 1.500000 -3.437500 8.312500
v 1.500000 -3.437500 7.562500
v 0.750000 -3.437500 7.562500
vt 0.212891 0.076172
vt 0.236328 0.076172
vt 0.236328 0.052734
vt 0.212891 0.052734
f 2253/2253/6 2256/2256/6 2255/2255/6 2254/2254/6
v 0.750000 5.312500 5.250000
v 0.750000 5.312500 7.562500
v 0.750000 4.562500 7.562500
v 0.750000 4.562500 5.250000
vt 0.109375 0.076172
vt 0.181641 0.076172
vt 0.181641 0.052734
vt 0.109375 0.052734
f 2257/2257/3 2260/2260/3 2259/2259/3 2258/2258/3
v 1.500000 5.312500 7.562500
v 1.500000 5.312500 5.250000
v 1.500000 4.562500 5.250000
v 1.500000 4.562500 7.562500
vt 0.109375 0.076172
vt 0.181641 0.076172
vt 0.181641 0.052734
vt 0.109375 0.052734
f 2261/2261/4 2264/2264/4 2263/2263/4 2262/2262/4
v 0.750000 5.312500 5.250000
v 1.500000 5.312500 5.250000
v 1.500000 5.312500 7.562500
v 0.750000 5.312500 7.562500
vt 0.968750 0.605469
vt 0.992188 0.605469
vt 0.992188 0.533203
vt 0.968750 0.533203
f 2265/2265/5 2268/2268/5 2267/2267/5 2266/2266/5
v 0.750000 4.562500 7.562500
v 1.500000 4.562500 7.562500
v 1.500000 4.562500 5.250000
v 0.750000 4.562500 5.250000
vt 0.968750 0.605469
vt 0.992188 0.605469
vt 0.992188 0.533203
vt 0.968750 0.533203
f 2269/2269/6 2272/2272/6 2271/2271/6 2270/2270/6
v 1.625000 -2.625000 5.500000
v 0.625000 -2.625000 5.500000
v 0.625000 -3.500000 5.500000
v 1.625000 -3.500000 5.500000
vt 0.820312 0.109375
vt 0.851562 0.109375
vt 0.851562 0.082031
vt 0.820312 0.082031
f 2273/2273/1 2276/2276/1 2275/2275/1 2274/2274/1
v 0.625000 -2.625000 5.750000
v 1.625000 -2.625000 5.750000
v 1.625000 -3.500000 5.750000
v 0.625000 -3.500000 5.750000
vt 0.820312 0.109375
vt 0.851562 0.109375
vt 0.851562 0.082031
vt 0.820312 0.082031
f 2277/2277/2 2280/2280/2 2279/2279/2 2278/2278/2
v 0.625000 -2.625000 5.500000
v 0.625000 -2.625000 5.750000
v 0.625000 -3.500000 5.750000
v 0.625000 -3.500000 5.500000
vt 0.910156 0.109375
vt 0.917969 0.109375
vt 0.917969 0.082031
vt 0.910156 0.082031
f 2281/2281/3 2284/2284/3 2283/2283/3 2282/2282/3
v 1.625000 -2.625000 5.750000
v 1.625000 -2.625000 5.500000
v 1.625000 -3.500000 5.500000
v 1.625000 -3.500000 5.750000
vt 0.910156 0.109375
vt 0.917969 0.109375
vt 0.917969 0.082031
vt 0.910156 0.082031
f 2285/2285/4 2288/2288/4 2287/2287/4 2286/2286/4
v 0.625000 -2.625000 5.500000
v 1.625000 -2.625000 5.500000
v 1.625000 -2.625000 5.750000
v 0.625000 -2.625000 5.750000
vt 0.609375 0.050781
vt 0.640625 0.050781
vt 0.640625 0.042969
vt 0.609375 0.042969
f 2289/2289/5 2292/2292/5 2291/2291/5 2290/2290/5
v 0.625000 -3.500000 5.750000
v 1.625000 -3.500000 5.750000
v 1.625000 -3.500000 5.500000
v 0.625000 -3.500000 5.500000
vt 0.609375 0.050781
vt 0.640625 0.050781
vt 0.640625 0.042969
vt 0.609375 0.042969
f 2293/2293/6 2296/2296/6 2295/2295/6 2294/2294/6
v 1.625000 5.375000 5.500000
v 0.625000 5.375000 5.500000
v 0.625000 4.500000 5.500000
v 1.625000 4.500000 5.500000
vt 0.851562 0.109375
vt 0.882812 0.109375
vt 0.882812 0.082031
vt 0.851562 0.082031
f 2297/2297/1 2300/2300/1 2299/2299/1 2298/2298/1
v 0.625000 5.375000 5.750000
v 1.625000 5.375000 5.750000
v 1.625000 4.500000 5.750000
v 0.625000 4.500000 5.750000
vt 0.851562 0.109375
vt 0.882812 0.109375
vt 0.882812 0.082031
vt 0.851562 0.082031
f 2301/2301/2 2304/2304/2 2303/2303/2 2302/2302/2
v 0.625000 5.375000 5.500000
v 0.625000 5.375000 5.750000
v 0.625000 4.500000 5.750000
v 0.625000 4.500000 5.500000
vt 0.917969 0.109375
vt 0.925781 0.109375
vt 0.925781 0.082031
vt 0.917969 0.082031
f 2305/2305/3 2308/2308/3 2307/2307/3 2306/2306/3
v 1.625000 5.375000 5.750000
v 1.625000 5.375000 5.500000
v 1.625000 4.500000 5.500000
v 1.625000 4.500000 5.750000
vt 0.917969 0.109375
vt 0.925781 0.109375
vt 0.925781 0.082031
vt 0.917969 0.082031
f 2309/2309/4 2312/2312/4 2311/2311/4 2310/2310/4
v 0.625000 5.375000 5.500000
v 1.625000 5.375000 5.500000
v 1.625000 5.375000 5.750000
v 0.625000 5.375000 5.750000
vt 0.640625 0.050781
vt 0.671875 0.050781
vt 0.671875 0.042969
vt 0.640625 0.042969
f 2313/2313/5 2316/2316/5 2315/2315/5 2314/2314/5
v 0.625000 4.500000 5.750000
v 1.625000 4.500000 5.750000
v 1.625000 4.500000 5.500000
v 0.625000 4.500000 5.500000
vt 0.640625 0.050781
vt 0.671875 0.050781
vt 0.671875 0.042969
vt 0.640625 0.042969
f 2317/2317/6 2320/2320/6 2319/2319/6 2318/2318/6
v 1.562500 0.500000 7.500000
v 0.687500 0.500000 7.500000
v 0.687500 0.250000 7.500000
v 1.562500 0.250000 7.500000
vt 0.671875 0.050781
vt 0.699219 0.050781
vt 0.699219 0.042969
vt 0.671875 0.042969
f 2321/2321/1 2324/2324/1 2323/2323/1 2322/2322/1
v 0.687500 0.500000 8.375000
v 1.562500 0.500000 8.375000
v 1.562500 0.250000 8.375000
v 0.687500 0.250000 8.375000
vt 0.671875 0.050781
vt 0.699219 0.050781
vt 0.699219 0.042969
vt 0.671875 0.042969
f 2325/2325/2 2328/2328/2 2327/2327/2 2326/2326/2
v 0.687500 0.500000 7.500000
v 0.687500 0.500000 8.375000
v 0.687500 0.250000 8.375000
v 0.687500 0.250000 7.500000
vt 0.671875 0.050781
vt 0.699219 0.050781
vt 0.699219 0.042969
vt 0.671875 0.042969
f 2329/2329/3 2332/2332/3 2331/2331/3 2330/2330/3
v 1.562500 0.500000 8.375000
v 1.562500 0.500000 7.500000
v 1.562500 0.250000 7.500000
v 1.562500 0.250000 8.375000
vt 0.671875 0.050781
vt 0.699219 0.050781
vt 0.699219 0.042969
vt 0.671875 0.042969
f 2333/2333/4 2336/2336/4 2335/2335/4 2334/2334/4
v 0.687500 0.500000 7.500000
v 1.562500 0.500000 7.500000
v 1.562500 0.500000 8.375000
v 0.687500 0.500000 8.375000
vt 0.882812 0.109375
vt 0.910156 0.109375
vt 0.910156 0.082031
vt 0.882812 0.082031
f 2337/2337/5 2340/2340/5 2339/2339/5 2338/2338/5
v 0.687500 0.250000 8.375000
v 1.562500 0.250000 8.375000
v 1.562500 0.250000 7.500000
v 0.687500 0.250000 7.500000
vt 0.882812 0.109375
vt 0.910156 0.109375
vt 0.910156 0.082031
vt 0.882812 0.082031
f 2341/2341/6 2344/2344/6 2343/2343/6 2342/2342/6
v -5.250000 -2.687500 -1.500000
v -7.562500 -2.687500 -1.500000
v -7.562500 -3.437500 -1.500000
v -5.250000 -3.437500 -1.500000
vt 0.925781 0.109375
vt 0.998047 0.109375
vt 0.998047 0.085938
vt 0.925781 0.085938
f 2345/2345/1 2348/2348/1 2347/2347/1 2346/2346/1
v -7.562500 -2.687500 -0.750000
v -5.250000 -2.687500 -0.750000
v -5.250000 -3.437500 -0.750000
v -7.562500 -3.437500 -0.750000
vt 0.925781 0.109375
vt 0.998047 0.109375
vt 0.998047 0.085938
vt 0.925781 0.085938
f 2349/2349/2 2352/2352/2 2351/2351/2 2350/2350/2
v -7.562500 -2.687500 -1.500000
v -5.250000 -2.687500 -1.500000
v -5.250000 -2.687500 -0.750000
v -7.562500 -2.687500 -0.750000
vt 0.925781 0.109375
vt 0.998047 0.109375
vt 0.998047 0.085938
vt 0.925781 0.085938
f 2353/2353/5 2356/2356/5 2355/2355/5 2354/2354/5
v -7.562500 -3.437500 -0.750000
v -5.250000 -3.437500 -0.750000
v -5.250000 -3.437500 -1.500000
v -7.562500 -3.437500 -1.500000
vt 0.925781 0.109375
vt 0.998047 0.109375
vt 0.998047 0.085938
vt 0.925781 0.085938
f 2357/2357/6 2360/2360/6 2359/2359/6 2358/2358/6
v -7.562500 5.312500 -1.500000
v -8.312500 5.312500 -1.500000
v -8.312500 -3.437500 -1.500000
v -7.562500 -3.437500 -1.500000
vt 0.000000 1.000000
vt 0.023438 1.000000
vt 0.023438 0.726562
vt 0.000000 0.726562
f 2361/2361/1 2364/2364/1 2363/2363/1 2362/2362/1
v -8.312500 5.312500 -0.750000
v -7.562500 5.312500 -0.750000
v -7.562500 -3.437500 -0.750000
v -8.312500 -3.437500 -0.750000
vt 0.000000 1.000000
vt 0.023438 1.000000
vt 0.023438 0.726562
vt 0.000000 0.726562
f 2365/2365/2 2368/2368/2 2367/2367/2 2366/2366/2
v -8.312500 5.312500 -1.500000
v -8.312500 5.312500 -0.750000
v -8.312500 -3.437500 -0.750000
v -8.312500 -3.437500 -1.500000
vt 0.000000 1.000000
vt 0.023438 1.000000
vt 0.023438 0.726562
vt 0.000000 0.726562
f 2369/2369/3 2372/2372/3 2371/2371/3 2370/2370/3
v -7.562500 5.312500 -0.750000
v -7.562500 5.312500 -1.500000
v -7.562500 -3.437500 -1.500000
v -7.562500 -3.437500 -0.750000
vt 0.000000 1.000000
vt 0.023438 1.000000
vt 0.023438 0.726562
vt 0.000000 0.726562
f 2373/2373/4 2376/2376/4 2375/2375/4 2374/2374/4
v -8.312500 5.312500 -1.500000
v -7.562500 5.312500 -1.500000
v -7.562500 5.312500 -0.750000
v -8.312500 5.312500 -0.750000
vt 0.212891 0.076172
vt 0.236328 0.076172
vt 0.236328 0.052734
vt 0.212891 0.052734
f 2377/2377/5 2380/2380/5 2379/2379/5 2378/2378/5
v -8.312500 -3.437500 -0.750000
v -7.562500 -3.437500 -0.750000
v -7.562500 -3.437500 -1.500000
v -8.312500 -3.437500 -1.500000
vt 0.212891 0.076172
vt 0.236328 0.076172
vt 0.236328 0.052734
vt 0.212891 0.052734
f 2381/2381/6 2384/2384/6 2383/2383/6 2382/2382/6
v -5.250000 5.312500 -1.500000
v -7.562500 5.312500 -1.500000
v -7.562500 4.562500 -1.500000
v -5.250000 4.562500 -1.500000
vt 0.109375 0.076172
vt 0.181641 0.076172
vt 0.181641 0.052734
vt 0.109375 0.052734
f 2385/2385/1 2388/2388/1 2387/2387/1 2386/2386/1
v -7.562500 5.312500 -0.750000
v -5.250000 5.312500 -0.750000
v -5.250000 4.562500 -0.750000
v -7.562500 4.562500 -0.750000
vt 0.109375 0.076172
vt 0.181641 0.076172
vt 0.181641 0.052734
vt 0.109375 0.052734
f 2389/2389/2 2392/2392/2 2391/2391/2 2390/2390/2
v -7.562500 5.312500 -1.500000
v -5.250000 5.312500 -1.500000
v -5.250000 5.312500 -0.750000
v -7.562500 5.312500 -0.750000
vt 0.109375 0.076172
vt 0.181641 0.076172
vt 0.181641 0.052734
vt 0.109375 0.052734
f 2393/2393/5 2396/2396/5 2395/2395/5 2394/2394/5
v -7.562500 4.562500 -0.750000
v -5.250000 4.562500 -0.750000
v -5.250000 4.562500 -1.500000
v -7.562500 4.562500 -1.500000
vt 0.109375 0.076172
vt 0.181641 0.076172
vt 0.181641 0.052734
vt 0.109375 0.052734
f 2397/2397/6 2400/2400/6 2399/2399/6 2398/2398/6
v -5.500000 -2.625000 -1.625000
v -5.750000 -2.625000 -1.625000
v -5.750000 -3.500000 -1.625000
v -5.500000 -3.500000 -1.625000
vt 0.910156 0.109375
vt 0.917969 0.109375
vt 0.917969 0.082031
vt 0.910156 0.082031
f 2401/2401/1 2404/2404/1 2403/2403/1 2402/2402/1
v -5.750000 -2.625000 -0.625000
v -5.500000 -2.625000 -0.625000
v -5.500000 -3.500000 -0.625000
v -5.750000 -3.500000 -0.625000
vt 0.910156 0.109375
vt 0.917969 0.109375
vt 0.917969 0.082031
vt 0.910156 0.082031
f 2405/2405/2 2408/2408/2 2407/2407/2 2406/2406/2
v -5.750000 -2.625000 -1.625000
v -5.750000 -2.625000 -0.625000
v -5.750000 -3.500000 -0.625000
v -5.750000 -3.500000 -1.625000
vt 0.820312 0.109375
vt 0.851562 0.109375
vt 0.851562 0.082031
vt 0.820312 0.082031
f 2409/2409/3 2412/2412/3 2411/2411/3 2410/2410/3
v -5.500000 -2.625000 -0.625000
v -5.500000 -2.625000 -1.625000
v -5.500000 -3.500000 -1.625000
v -5.500000 -3.500000 -0.625000
vt 0.820312 0.109375
vt 0.851562 0.109375
vt 0.851562 0.082031
vt 0.820312 0.082031
f 2413/2413/4 2416/2416/4 2415/2415/4 2414/2414/4
v -5.750000 -2.625000 -1.625000
v -5.500000 -2.625000 -1.625000
v -5.500000 -2.625000 -0.625000
v -5.750000 -2.625000 -0.625000
vt 0.992188 0.605469
vt 1.000000 0.605469
vt 1.000000 0.574219
vt 0.992188 0.574219
f 2417/2417/5 2420/2420/5 2419/2419/5 2418/2418/5
v -5.750000 -3.500000 -0.625000
v -5.500000 -3.500000 -0.625000
v -5.500000 -3.500000 -1.625000
v -5.750000 -3.500000 -1.625000
vt 0.992188 0.605469
vt 1.000000 0.605469
vt 1.000000 0.574219
vt 0.992188 0.574219
f 2421/2421/6 2424/2424/6 2423/2423/6 2422/2422/6
v -5.500000 5.375000 -1.625000
v -5.750000 5.375000 -1.625000
v -5.750000 4.500000 -1.625000
v -5.500000 4.500000 -1.625000
vt 0.917969 0.109375
vt 0.925781 0.109375
vt 0.925781 0.082031
vt 0.917969 0.082031
f 2425/2425/1 2428/2428/1 2427/2427/1 2426/2426/1
v -5.750000 5.375000 -0.625000
v -5.500000 5.375000 -0.625000
v -5.500000 4.500000 -0.625000
v -5.750000 4.500000 -0.625000
vt 0.917969 0.109375
vt 0.925781 0.109375
vt 0.925781 0.082031
vt 0.917969 0.082031
f 2429/2429/2 2432/2432/2 2431/2431/2 2430/2430/2
v -5.750000 5.375000 -1.625000
v -5.750000 5.375000 -0.625000
v -5.750000 4.500000 -0.625000
v -5.750000 4.500000 -1.625000
vt 0.851562 0.109375
vt 0.882812 0.109375
vt 0.882812 0.082031
vt 0.851562 0.082031
f 2433/2433/3 2436/2436/3 2435/2435/3 2434/2434/3
v -5.500000 5.375000 -0.625000
v -5.500000 5.375000 -1.625000
v -5.500000 4.500000 -1.625000
v -5.500000 4.500000 -0.625000
vt 0.851562 0.109375
vt 0.882812 0.109375
vt 0.882812 0.082031
vt 0.851562 0.082031
f 2437/2437/4 2440/2440/4 2439/2439/4 2438/2438/4
v -5.750000 5.375000 -1.625000
v -5.500000 5.375000 -1.625000
v -5.500000 5.375000 -0.625000
v -5.750000 5.375000 -0.625000
vt 0.988281 0.273438
vt 0.996094 0.273438
vt 0.996094 0.242188
vt 0.988281 0.242188
f 2441/2441/5 2444/2444/5 2443/2443/5 2442/2442/5
v -5.750000 4.500000 -0.625000
v -5.500000 4.500000 -0.625000
v -5.500000 4.500000 -1.625000
v -5.750000 4.500000 -1.625000
vt 0.988281 0.273438
vt 0.996094 0.273438
vt 0.996094 0.242188
vt 0.988281 0.242188
f 2445/2445/6 2448/2448/6 2447/2447/6 2446/2446/6
v -7.500000 0.500000 -1.562500
v -8.375000 0.500000 -1.562500
v -8.375000 0.250000 -1.562500
v -7.500000 0.250000 -1.562500
vt 0.671875 0.050781
vt 0.699219 0.050781
vt 0.699219 0.042969
vt 0.671875 0.042969
f 2449/2449/1 2452/2452/1 2451/2451/1 2450/2450/1
v -8.375000 0.500000 -0.687500
v -7.500000 0.500000 -0.687500
v -7.500000 0.250000 -0.687500
v -8.375000 0.250000 -0.687500
vt 0.671875 0.050781
vt 0.699219 0.050781
vt 0.699219 0.042969
vt 0.671875 0.042969
f 2453/2453/2 2456/2456/2 2455/2455/2 2454/2454/2
v -8.375000 0.500000 -1.562500
v -8.375000 0.500000 -0.687500
v -8.375000 0.250000 -0.687500
v -8.375000 0.250000 -1.562500
vt 0.671875 0.050781
vt 0.699219 0.050781
vt 0.699219 0.042969
vt 0.671875 0.042969
f 2457/2457/3 2460/2460/3 2459/2459/3 2458/2458/3
v -7.500000 0.500000 -0.687500
v -7.500000 0.500000 -1.562500
v -7.500000 0.250000 -1.562500
v -7.500000 0.250000 -0.687500
vt 0.671875 0.050781
vt 0.699219 0.050781
vt 0.699219 0.042969
vt 0.671875 0.042969
f 2461/2461/4 2464/2464/4 2463/2463/4 2462/2462/4
v -8.375000 0.500000 -1.562500
v -7.500000 0.500000 -1.562500
v -7.500000 0.500000 -0.687500
v -8.375000 0.500000 -0.687500
vt 0.882812 0.109375
vt 0.910156 0.109375
vt 0.910156 0.082031
vt 0.882812 0.082031
f 2465/2465/5 2468/2468/5 2467/2467/5 2466/2466/5
v -8.375000 0.250000 -0.687500
v -7.500000 0.250000 -0.687500
v -7.500000 0.250000 -1.562500
v -8.375000 0.250000 -1.562500
vt 0.882812 0.109375
vt 0.910156 0.109375
vt 0.910156 0.082031
vt 0.882812 0.082031
f 2469/2469/6 2472/2472/6 2471/2471/6 2470/2470/6
v -5.250000 -2.687500 0.750000
v -7.562500 -2.687500 0.750000
v -7.562500 -3.437500 0.750000
v -5.250000 -3.437500 0.750000
vt 0.925781 0.109375
vt 0.998047 0.109375
vt 0.998047 0.085938
vt 0.925781 0.085938
f 2473/2473/1 2476/2476/1 2475/2475/1 2474/2474/1
v -7.562500 -2.687500 1.500000
v -5.250000 -2.687500 1.500000
v -5.250000 -3.437500 1.500000
v -7.562500 -3.437500 1.500000
vt 0.925781 0.109375
vt 0.998047 0.109375
vt 0.998047 0.085938
vt 0.925781 0.085938
f 2477/2477/2 2480/2480/2 2479/2479/2 2478/2478/2
v -7.562500 -2.687500 0.750000
v -5.250000 -2.687500 0.750000
v -5.250000 -2.687500 1.500000
v -7.562500 -2.687500 1.500000
vt 0.925781 0.109375
vt 0.998047 0.109375
vt 0.998047 0.085938
vt 0.925781 0.085938
f 2481/2481/5 2484/2484/5 2483/2483/5 2482/2482/5
v -7.562500 -3.437500 1.500000
v -5.250000 -3.437500 1.500000
v -5.250000 -3.437500 0.750000
v -7.562500 -3.437500 0.750000
vt 0.925781 0.109375
vt 0.998047 0.109375
vt 0.998047 0.085938
vt 0.925781 0.085938
f 2485/2485/6 2488/2488/6 2487/2487/6 2486/2486/6
v -7.562500 5.312500 0.750000
v -8.312500 5.312500 0.750000
v -8.312500 -3.437500 0.750000
v -7.562500 -3.437500 0.750000
vt 0.000000 1.000000
vt 0.023438 1.000000
vt 0.023438 0.726562
vt 0.000000 0.726562
f 2489/2489/1 2492/2492/1 2491/2491/1 2490/2490/1
v -8.312500 5.312500 1.500000
v -7.562500 5.312500 1.500000
v -7.562500 -3.437500 1.500000
v -8.312500 -3.437500 1.500000
vt 0.000000 1.000000
vt 0.023438 1.000000
vt 0.023438 0.726562
vt 0.000000 0.726562
f 2493/2493/2 2496/2496/2 2495/2495/2 2494/2494/2
v -8.312500 5.312500 0.750000
v -8.312500 5.312500 1.500000
v -8.312500 -3.437500 1.500000
v -8.312500 -3.437500 0.750000
vt 0.000000 1.000000
vt 0.023438 1.000000
vt 0.023438 0.726562
vt 0.000000 0.726562
f 2497/2497/3 2500/2500/3 2499/2499/3 2498/2498/3
v -7.562500 5.312500 1.500000
v -7.562500 5.312500 0.750000
v -7.562500 -3.437500 0.750000
v -7.562500 -3.437500 1.500000
vt 0.000000 1.000000
vt 0.023438 1.000000
vt 0.023438 0.726562
vt 0.000000 0.726562
f 2501/2501/4 2504/2504/4 2503/2503/4 2502/2502/4
v -8.312500 5.312500 0.750000
v -7.562500 5.312500 0.750000
v -7.562500 5.312500 1.500000
v -8.312500 5.312500 1.500000
vt 0.212891 0.076172
vt 0.236328 0.076172
vt 0.236328 0.052734
vt 0.212891 0.052734
f 2505/2505/5 2508/2508/5 2507/2507/5 2506/2506/5
v -8.312500 -3.437500 1.500000
v -7.562500 -3.437500 1.500000
v -7.562500 -3.437500 0.750000
v -8.312500 -3.437500 0.750000
vt 0.212891 0.076172
vt 0.236328 0.076172
vt 0.236328 0.052734
vt 0.212891 0.052734
f 2509/2509/6 2512/2512/6 2511/2511/6 2510/2510/6
v -5.250000 5.312500 0.750000
v -7.562500 5.312500 0.750000
v -7.562500 4.562500 0.750000
v -5.250000 4.562500 0.750000
vt 0.109375 0.076172
vt 0.181641 0.076172
vt 0.181641 0.052734
vt 0.109375 0.052734
f 2513/2513/1 2516/2516/1 2515/2515/1 2514/2514/1
v -7.562500 5.312500 1.500000
v -5.250000 5.312500 1.500000
v -5.250000 4.562500 1.500000
v -7.562500 4.562500 1.500000
vt 0.109375 0.076172
vt 0.181641 0.076172
vt 0.181641 0.052734
vt 0.109375 0.052734
f 2517/2517/2 2520/2520/2 2519/2519/2 2518/2518/2
v -7.562500 5.312500 0.750000
v -5.250000 5.312500 0.750000
v -5.250000 5.312500 1.500000
v -7.562500 5.312500 1.500000
vt 0.109375 0.076172
vt 0.181641 0.076172
vt 0.181641 0.052734
vt 0.109375 0.052734
f 2521/2521/5 2524/2524/5 2523/2523/5 2522/2522/5
v -7.562500 4.562500 1.500000
v -5.250000 4.562500 1.500000
v -5.250000 4.562500 0.750000
v -7.562500 4.562500 0.750000
vt 0.109375 0.076172
vt 0.181641 0.076172
vt 0.181641 0.052734
vt 0.109375 0.052734
f 2525/2525/6 2528/2528/6 2527/2527/6 2526/2526/6
v -5.500000 -2.625000 0.625000
v -5.750000 -2.625000 0.625000
v -5.750000 -3.500000 0.625000
v -5.500000 -3.500000 0.625000
vt 0.910156 0.109375
vt 0.917969 0.109375
vt 0.917969 0.082031
vt 0.910156 0.082031
f 2529/2529/1 2532/2532/1 2531/2531/1 2530/2530/1
v -5.750000 -2.625000 1.625000
v -5.500000 -2.625000 1.625000
v -5.500000 -3.500000 1.625000
v -5.750000 -3.500000 1.625000
vt 0.910156 0.109375
vt 0.917969 0.109375
vt 0.917969 0.082031
vt 0.910156 0.082031
f 2533/2533/2 2536/2536/2 2535/2535/2 2534/2534/2
v -5.750000 -2.625000 0.625000
v -5.750000 -2.625000 1.625000
v -5.750000 -3.500000 1.625000
v -5.750000 -3.500000 0.625000
vt 0.820312 0.109375
vt 0.851562 0.109375
vt 0.851562 0.082031
vt 0.820312 0.082031
f 2537/2537/3 2540/2540/3 2539/2539/3 2538/2538/3
v -5.500000 -2.625000 1.625000
v -5.500000 -2.625000 0.625000
v -5.500000 -3.500000 0.625000
v -5.500000 -3.500000 1.625000
vt 0.820312 0.109375
vt 0.851562 0.109375
vt 0.851562 0.082031
vt 0.820312 0.082031
f 2541/2541/4 2544/2544/4 2543/2543/4 2542/2542/4
v -5.750000 -2.625000 0.625000
v -5.500000 -2.625000 0.625000
v -5.500000 -2.625000 1.625000
v -5.750000 -2.625000 1.625000
vt 0.992188 0.605469
vt 1.000000 0.605469
vt 1.000000 0.574219
vt 0.992188 0.574219
f 2545/2545/5 2548/2548/5 2547/2547/5 2546/2546/5
v -5.750000 -3.500000 1.625000
v -5.500000 -3.500000 1.625000
v -5.500000 -3.500000 0.625000
v -5.750000 -3.500000 0.625000
vt 0.992188 0.605469
vt 1.000000 0.605469
vt 1.000000 0.574219
vt 0.992188 0.574219
f 2549/2549/6 2552/2552/6 2551/2551/6 2550/2550/6
v -5.500000 5.375000 0.625000
v -5.750000 5.375000 0.625000
v -5.750000 4.500000 0.625000
v -5.500000 4.500000 0.625000
vt 0.917969 0.109375
vt 0.925781 0.109375
vt 0.925781 0.082031
vt 0.917969 0.082031
f 2553/2553/1 2556/2556/1 2555/2555/1 2554/2554/1
v -5.750000 5.375000 1.625000
v -5.500000 5.375000 1.625000
v -5.500000 4.500000 1.625000
v -5.750000 4.500000 1.625000
vt 0.917969 0.109375
vt 0.925781 0.109375
vt 0.925781 0.082031
vt 0.917969 0.082031
f 2557/2557/2 2560/2560/2 2559/2559/2 2558/2558/2
v -5.750000 5.375000 0.625000
v -5.750000 5.375000 1.625000
v -5.750000 4.500000 1.625000
v -5.750000 4.500000 0.625000
vt 0.851562 0.109375
vt 0.882812 0.109375
vt 0.882812 0.082031
vt 0.851562 0.082031
f 2561/2561/3 2564/2564/3 2563/2563/3 2562/2562/3
v -5.500000 5.375000 1.625000
v -5.500000 5.375000 0.625000
v -5.500000 4.500000 0.625000
v -5.500000 4.500000 1.625000
vt 0.851562 0.109375
vt 0.882812 0.109375
vt 0.882812 0.082031
vt 0.851562 0.082031
f 2565/2565/4 2568/2568/4 2567/2567/4 2566/2566/4
v -5.750000 5.375000 0.625000
v -5.500000 5.375000 0.625000
v -5.500000 5.375000 1.625000
v -5.750000 5.375000 1.625000
vt 0.988281 0.273438
vt 0.996094 0.273438
vt 0.996094 0.242188
vt 0.988281 0.242188
f 2569/2569/5 2572/2572/5 2571/2571/5 2570/2570/5
v -5.750000 4.500000 1.625000
v -5.500000 4.500000 1.625000
v -5.500000 4.500000 0.625000
v -5.750000 4.500000 0.625000
vt 0.988281 0.273438
vt 0.996094 0.273438
vt 0.996094 0.242188
vt 0.988281 0.242188
f 2573/2573/6 2576/2576/6 2575/2575/6 2574/2574/6
v -7.500000 0.500000 0.687500
v -8.375000 0.500000 0.687500
v -8.375000 0.250000 0.687500
v -7.500000 0.250000 0.687500
vt 0.671875 0.050781
vt 0.699219 0.050781
vt 0.699219 0.042969
vt 0.671875 0.042969
f 2577/2577/1 2580/2580/1 2579/2579/1 2578/2578/1
v -8.375000 0.500000 1.562500
v -7.500000 0.500000 1.562500
v -7.500000 0.250000 1.562500
v -8.375000 0.250000 1.562500
vt 0.671875 0.050781
vt 0.699219 0.050781
vt 0.699219 0.042969
vt 0.671875 0.042969
f 2581/2581/2 2584/2584/2 2583/2583/2 2582/2582/2
v -8.375000 0.500000 0.687500
v -8.375000 0.500000 1.562500
v -8.375000 0.250000 1.562500
v -8.375000 0.250000 0.687500
vt 0.671875 0.050781
vt 0.699219 0.050781
vt 0.699219 0.042969
vt 0.671875 0.042969
f 2585/2585/3 2588/2588/3 2587/2587/3 2586/2586/3
v -7.500000 0.500000 1.562500
v -7.500000 0.500000 0.687500
v -7.500000 0.250000 0.687500
v -7.500000 0.250000 1.562500
vt 0.671875 0.050781
vt 0.699219 0.050781
vt 0.699219 0.042969
vt 0.671875 0.042969
f 2589/2589/4 2592/2592/4 2591/2591/4 2590/2590/4
v -8.375000 0.500000 0.687500
v -7.500000 0.500000 0.687500
v -7.500000 0.500000 1.562500
v -8.375000 0.500000 1.562500
vt 0.882812 0.109375
vt 0.910156 0.109375
vt 0.910156 0.082031
vt 0.882812 0.082031
f 2593/2593/5 2596/2596/5 2595/2595/5 2594/2594/5
v -8.375000 0.250000 1.562500
v -7.500000 0.250000 1.562500
v -7.500000 0.250000 0.687500
v -8.375000 0.250000 0.687500
vt 0.882812 0.109375
vt 0.910156 0.109375
vt 0.910156 0.082031
vt 0.882812 0.082031
f 2597/2597/6 2600/2600/6 2599/2599/6 2598/2598/6
v 0.750000 -2.687500 -7.562500
v 0.750000 -2.687500 -5.250000
v 0.750000 -3.437500 -5.250000
v 0.750000 -3.437500 -7.562500
vt 0.925781 0.109375
vt 0.998047 0.109375
vt 0.998047 0.085938
vt 0.925781 0.085938
f 2601/2601/3 2604/2604/3 2603/2603/3 2602/2602/3
v 1.500000 -2.687500 -5.250000
v 1.500000 -2.687500 -7.562500
v 1.500000 -3.437500 -7.562500
v 1.500000 -3.437500 -5.250000
vt 0.925781 0.109375
vt 0.998047 0.109375
vt 0.998047 0.085938
vt 0.925781 0.085938
f 2605/2605/4 2608/2608/4 2607/2607/4 2606/2606/4
v 0.750000 -2.687500 -7.562500
v 1.500000 -2.687500 -7.562500
v 1.500000 -2.687500 -5.250000
v 0.750000 -2.687500 -5.250000
vt 0.945312 0.605469
vt 0.968750 0.605469
vt 0.968750 0.533203
vt 0.945312 0.533203
f 2609/2609/5 2612/2612/5 2611/2611/5 2610/2610/5
v 0.750000 -3.437500 -5.250000
v 1.500000 -3.437500 -5.250000
v 1.500000 -3.437500 -7.562500
v 0.750000 -3.437500 -7.562500
vt 0.945312 0.605469
vt 0.968750 0.605469
vt 0.968750 0.533203
vt 0.945312 0.533203
f 2613/2613/6 2616/2616/6 2615/2615/6 2614/2614/6
v 1.500000 5.312500 -8.312500
v 0.750000 5.312500 -8.312500
v 0.750000 -3.437500 -8.312500
v 1.500000 -3.437500 -8.312500
vt 0.000000 1.000000
vt 0.023438 1.000000
vt 0.023438 0.726562
vt 0.000000 0.726562
f 2617/2617/1 2620/2620/1 2619/2619/1 2618/2618/1
v 0.750000 5.312500 -7.562500
v 1.500000 5.312500 -7.562500
v 1.500000 -3.437500 -7.562500
v 0.750000 -3.437500 -7.562500
vt 0.000000 1.000000
vt 0.023438 1.000000
vt 0.023438 0.726562
vt 0.000000 0.726562
f 2621/2621/2 2624/2624/2 2623/2623/2 2622/2622/2
v 0.750000 5.312500 -8.312500
v 0.750000 5.312500 -7.562500
v 0.750000 -3.437500 -7.562500
v 0.750000 -3.437500 -8.312500
vt 0.000000 1.000000
vt 0.023438 1.000000
vt 0.023438 0.726562
vt 0.000000 0.726562
f 2625/2625/3 2628/2628/3 2627/2627/3 2626/2626/3
v 1.500000 5.312500 -7.562500
v 1.500000 5.312500 -8.312500
v 1.500000 -3.437500 -8.312500
v 1.500000 -3.437500 -7.562500
vt 0.000000 1.000000
vt 0.023438 1.000000
vt 0.023438 0.726562
vt 0.000000 0.726562
f 2629/2629/4 2632/2632/4 2631/2631/4 2630/2630/4
v 0.750000 5.312500 -8.312500
v 1.500000 5.312500 -8.312500
v 1.500000 5.312500 -7.562500
v 0.750000 5.312500 -7.562500
vt 0.212891 0.076172
vt 0.236328 0.076172
vt 0.236328 0.052734
vt 0.212891 0.052734
f 2633/2633/5 2636/2636/5 2635/2635/5 2634/2634/5
v 0.750000 -3.437500 -7.562500
v 1.500000 -3.437500 -7.562500
v 1.500000 -3.437500 -8.312500
v 0.750000 -3.437500 -8.312500
vt 0.212891 0.076172
vt 0.236328 0.076172
vt 0.236328 0.052734
vt 0.212891 0.052734
f 2637/2637/6 2640/2640/6 2639/2639/6 2638/2638/6
v 0.750000 5.312500 -7.562500
v 0.750000 5.312500 -5.250000
v 0.750000 4.562500 -5.250000
v 0.750000 4.562500 -7.562500
vt 0.109375 0.076172
vt 0.181641 0.076172
vt 0.181641 0.052734
vt 0.109375 0.052734
f 2641/2641/3 2644/2644/3 2643/2643/3 2642/2642/3
v 1.500000 5.312500 -5.250000
v 1.500000 5.312500 -7.562500
v 1.500000 4.562500 -7.562500
v 1.500000 4.562500 -5.250000
vt 0.109375 0.076172
vt 0.181641 0.076172
vt 0.181641 0.052734
vt 0.109375 0.052734
f 2645/2645/4 2648/2648/4 2647/2647/4 2646/2646/4
v 0.750000 5.312500 -7.562500
v 1.500000 5.312500 -7.562500
v 1.500000 5.312500 -5.250000
v 0.750000 5.312500 -5.250000
vt 0.968750 0.605469
vt 0.992188 0.605469
vt 0.992188 0.533203
vt 0.968750 0.533203
f 2649/2649/5 2652/2652/5 2651/2651/5 2650/2650/5
v 0.750000 4.562500 -5.250000
v 1.500000 4.562500 -5.250000
v 1.500000 4.562500 -7.562500
v 0.750000 4.562500 -7.562500
vt 0.968750 0.605469
vt 0.992188 0.605469
vt 0.992188 0.533203
vt 0.968750 0.533203
f 2653/2653/6 2656/2656/6 2655/2655/6 2654/2654/6
v 1.625000 -2.625000 -5.750000
v 0.625000 -2.625000 -5.750000
v 0.625000 -3.500000 -5.750000
v 1.625000 -3.500000 -5.750000
vt 0.820312 0.109375
vt 0.851562 0.109375
vt 0.851562 0.082031
vt 0.820312 0.082031
f 2657/2657/1 2660/2660/1 2659/2659/1 2658/2658/1
v 0.625000 -2.625000 -5.500000
v 1.625000 -2.625000 -5.500000
v 1.625000 -3.500000 -5.500000
v 0.625000 -3.500000 -5.500000
vt 0.820312 0.109375
vt 0.851562 0.109375
vt 0.851562 0.082031
vt 0.820312 0.082031
f 2661/2661/2 2664/2664/2 2663/2663/2 2662/2662/2
v 0.625000 -2.625000 -5.750000
v 0.625000 -2.625000 -5.500000
v 0.625000 -3.500000 -5.500000
v 0.625000 -3.500000 -5.750000
vt 0.910156 0.109375
vt 0.917969 0.109375
vt 0.917969 0.082031
vt 0.910156 0.082031
f 2665/2665/3 2668/2668/3 2667/2667/3 2666/2666/3
v 1.625000 -2.625000 -5.500000
v 1.625000 -2.625000 -5.750000
v 1.625000 -3.500000 -5.750000
v 1.625000 -3.500000 -5.500000
vt 0.910156 0.109375
vt 0.917969 0.109375
vt 0.917969 0.082031
vt 0.910156 0.082031
f 2669/2669/4 2672/2672/4 2671/2671/4 2670/2670/4
v 0.625000 -2.625000 -5.750000
v 1.625000 -2.625000 -5.750000
v 1.625000 -2.625000 -5.500000
v 0.625000 -2.625000 -5.500000
vt 0.609375 0.050781
vt 0.640625 0.050781
vt 0.640625 0.042969
vt 0.609375 0.042969
f 2673/2673/5 2676/2676/5 2675/2675/5 2674/2674/5
v 0.625000 -3.500000 -5.500000
v 1.625000 -3.500000 -5.500000
v 1.625000 -3.500000 -5.750000
v 0.625000 -3.500000 -5.750000
vt 0.609375 0.050781
vt 0.640625 0.050781
vt 0.640625 0.042969
vt 0.609375 0.042969
f 2677/2677/6 2680/2680/6 2679/2679/6 2678/2678/6
v 1.625000 5.375000 -5.750000
v 0.625000 5.375000 -5.750000
v 0.625000 4.500000 -5.750000
v 1.625000 4.500000 -5.750000
vt 0.851562 0.109375
vt 0.882812 0.109375
vt 0.882812 0.082031
vt 0.851562 0.082031
f 2681/2681/1 2684/2684/1 2683/2683/1 2682/2682/1
v 0.625000 5.375000 -5.500000
v 1.625000 5.375000 -5.500000
v 1.625000 4.500000 -5.500000
v 0.625000 4.500000 -5.500000
vt 0.851562 0.109375
vt 0.882812 0.109375
vt 0.882812 0.082031
vt 0.851562 0.082031
f 2685/2685/2 2688/2688/2 2687/2687/2 2686/2686/2
v 0.625000 5.375000 -5.750000
v 0.625000 5.375000 -5.500000
v 0.625000 4.500000 -5.500000
v 0.625000 4.500000 -5.750000
vt 0.917969 0.109375
vt 0.925781 0.109375
vt 0.925781 0.082031
vt 0.917969 0.082031
f 2689/2689/3 2692/2692/3 2691/2691/3 2690/2690/3
v 1.625000 5.375000 -5.500000
v 1.625000 5.375000 -5.750000
v 1.625000 4.500000 -5.750000
v 1.625000 4.500000 -5.500000
vt 0.917969 0.109375
vt 0.925781 0.109375
vt 0.925781 0.082031
vt 0.917969 0.082031
f 2693/2693/4 2696/2696/4 2695/2695/4 2694/2694/4
v 0.625000 5.375000 -5.750000
v 1.625000 5.375000 -5.750000
v 1.625000 5.375000 -5.500000
v 0.625000 5.375000 -5.500000
vt 0.640625 0.050781
vt 0.671875 0.050781
vt 0.671875 0.042969
vt 0.640625 0.042969
f 2697/2697/5 2700/2700/5 2699/2699/5 2698/2698/5
v 0.625000 4.500000 -5.500000
v 1.625000 4.500000 -5.500000
v 1.625000 4.500000 -5.750000
v 0.625000 4.500000 -5.750000
vt 0.640625 0.050781
vt 0.671875 0.050781
vt 0.671875 0.042969
vt 0.640625 0.042969
f 2701/2701/6 2704/2704/6 2703/2703/6 2702/2702/6
v 1.562500 0.500000 -8.375000
v 0.687500 0.500000 -8.375000
v 0.687500 0.250000 -8.375000
v 1.562500 0.250000 -8.375000
vt 0.671875 0.050781
vt 0.699219 0.050781
vt 0.699219 0.042969
vt 0.671875 0.042969
f 2705/2705/1 2708/2708/1 2707/2707/1 2706/2706/1
v 0.687500 0.500000 -7.500000
v 1.562500 0.500000 -7.500000
v 1.562500 0.250000 -7.500000
v 0.687500 0.250000 -7.500000
vt 0.671875 0.050781
vt 0.699219 0.050781
vt 0.699219 0.042969
vt 0.671875 0.042969
f 2709/2709/2 2712/2712/2 2711/2711/2 2710/2710/2
v 0.687500 0.500000 -8.375000
v 0.687500 0.500000 -7.500000
v 0.687500 0.250000 -7.500000
v 0.687500 0.250000 -8.375000
vt 0.671875 0.050781
vt 0.699219 0.050781
vt 0.699219 0.042969
vt 0.671875 0.042969
f 2713/2713/3 2716/2716/3 2715/2715/3 2714/2714/3
v 1.562500 0.500000 -7.500000
v 1.562500 0.500000 -8.375000
v 1.562500 0.250000 -8.375000
v 1.562500 0.250000 -7.500000
vt 0.671875 0.050781
vt 0.699219 0.050781
vt 0.699219 0.042969
vt 0.671875 0.042969
f 2717/2717/4 2720/2720/4 2719/2719/4 2718/2718/4
v 0.687500 0.500000 -8.375000
v 1.562500 0.500000 -8.375000
v 1.562500 0.500000 -7.500000
v 0.687500 0.500000 -7.500000
vt 0.882812 0.109375
vt 0.910156 0.109375
vt 0.910156 0.082031
vt 0.882812 0.082031
f 2721/2721/5 2724/2724/5 2723/2723/5 2722/2722/5
v 0.687500 0.250000 -7.500000
v 1.562500 0.250000 -7.500000
v 1.562500 0.250000 -8.375000
v 0.687500 0.250000 -8.375000
vt 0.882812 0.109375
vt 0.910156 0.109375
vt 0.910156 0.082031
vt 0.882812 0.082031
f 2725/2725/6 2728/2728/6 2727/2727/6 2726/2726/6
v -1.500000 -2.687500 -7.562500
v -1.500000 -2.687500 -5.250000
v -1.500000 -3.437500 -5.250000
v -1.500000 -3.437500 -7.562500
vt 0.925781 0.109375
vt 0.998047 0.109375
vt 0.998047 0.085938
vt 0.925781 0.085938
f 2729/2729/3 2732/2732/3 2731/2731/3 2730/2730/3
v -0.750000 -2.687500 -5.250000
v -0.750000 -2.687500 -7.562500
v -0.750000 -3.437500 -7.562500
v -0.750000 -3.437500 -5.250000
vt 0.925781 0.109375
vt 0.998047 0.109375
vt 0.998047 0.085938
vt 0.925781 0.085938
f 2733/2733/4 2736/2736/4 2735/2735/4 2734/2734/4
v -1.500000 -2.687500 -7.562500
v -0.750000 -2.687500 -7.562500
v -0.750000 -2.687500 -5.250000
v -1.500000 -2.687500 -5.250000
vt 0.945312 0.605469
vt 0.968750 0.605469
vt 0.968750 0.533203
vt 0.945312 0.533203
f 2737/2737/5 2740/2740/5 2739/2739/5 2738/2738/5
v -1.500000 -3.437500 -5.250000
v -0.750000 -3.437500 -5.250000
v -0.750000 -3.437500 -7.562500
v -1.500000 -3.437500 -7.562500
vt 0.945312 0.605469
vt 0.968750 0.605469
vt 0.968750 0.533203
vt 0.945312 0.533203
f 2741/2741/6 2744/2744/6 2743/2743/6 2742/2742/6
v -0.750000 5.312500 -8.312500
v -1.500000 5.312500 -8.312500
v -1.500000 -3.437500 -8.312500
v -0.750000 -3.437500 -8.312500
vt 0.000000 1.000000
vt 0.023438 1.000000
vt 0.023438 0.726562
vt 0.000000 0.726562
f 2745/2745/1 2748/2748/1 2747/2747/1 2746/2746/1
v -1.500000 5.312500 -7.562500
v -0.750000 5.312500 -7.562500
v -0.750000 -3.437500 -7.562500
v -1.500000 -3.437500 -7.562500
vt 0.000000 1.000000
vt 0.023438 1.000000
vt 0.023438 0.726562
vt 0.000000 0.726562
f 2749/2749/2 2752/2752/2 2751/2751/2 2750/2750/2
v -1.500000 5.312500 -8.312500
v -1.500000 5.312500 -7.562500
v -1.500000 -3.437500 -7.562500
v -1.500000 -3.437500 -8.312500
vt 0.000000 1.000000
vt 0.023438 1.000000
vt 0.023438 0.726562
vt 0.000000 0.726562
f 2753/2753/3 2756/2756/3 2755/2755/3 2754/2754/3
v -0.750000 5.312500 -7.562500
v -0.750000 5.312500 -8.312500
v -0.750000 -3.437500 -8.312500
v -0.750000 -3.437500 -7.562500
vt 0.000000 1.000000
vt 0.023438 1.000000
vt 0.023438 0.726562
vt 0.000000 0.726562
f 2757/2757/4 2760/2760/4 2759/2759/4 2758/2758/4
v -1.500000 5.312500 -8.312500
v -0.750000 5.312500 -8.312500
v -0.750000 5.312500 -7.562500
v -1.500000 5.312500 -7.562500
vt 0.212891 0.076172
vt 0.236328 0.076172
vt 0.236328 0.052734
vt 0.212891 0.052734
f 2761/2761/5 2764/2764/5 2763/2763/5 2762/2762/5
v -1.500000 -3.437500 -7.562500
v -0.750000 -3.437500 -7.562500
v -0.750000 -3.437500 -8.312500
v -1.500000 -3.437500 -8.312500
vt 0.212891 0.076172
vt 0.236328 0.076172
vt 0.236328 0.052734
vt 0.212891 0.052734
f 2765/2765/6 2768/2768/6 2767/2767/6 2766/2766/6
v -1.500000 5.312500 -7.562500
v -1.500000 5.312500 -5.250000
v -1.500000 4.562500 -5.250000
v -1.500000 4.562500 -7.562500
vt 0.109375 0.076172
vt 0.181641 0.076172
vt 0.181641 0.052734
vt 0.109375 0.052734
f 2769/2769/3 2772/2772/3 2771/2771/3 2770/2770/3
v -0.750000 5.312500 -5.250000
v -0.750000 5.312500 -7.562500
v -0.750000 4.562500 -7.562500
v -0.750000 4.562500 -5.250000
vt 0.109375 0.076172
vt 0.181641 0.076172
vt 0.181641 0.052734
vt 0.109375 0.052734
f 2773/2773/4 2776/2776/4 2775/2775/4 2774/2774/4
v -1.500000 5.312500 -7.562500
v -0.750000 5.312500 -7.562500
v -0.750000 5.312500 -5.250000
v -1.500000 5.312500 -5.250000
vt 0.968750 0.605469
vt 0.992188 0.605469
vt 0.992188 0.533203
vt 0.968750 0.533203
f 2777/2777/5 2780/2780/5 2779/2779/5 2778/2778/5
v -1.500000 4.562500 -5.250000
v -0.750000 4.562500 -5.250000
v -0.750000 4.562500 -7.562500
v -1.500000 4.562500 -7.562500
vt 0.968750 0.605469
vt 0.992188 0.605469
vt 0.992188 0.533203
vt 0.968750 0.533203
f 2781/2781/6 2784/2784/6 2783/2783/6 2782/2782/6
v -0.625000 -2.625000 -5.750000
v -1.625000 -2.625000 -5.750000
v -1.625000 -3.500000 -5.750000
v -0.625000 -3.500000 -5.750000
vt 0.820312 0.109375
vt 0.851562 0.109375
vt 0.851562 0.082031
vt 0.820312 0.082031
f 2785/2785/1 2788/2788/1 2787/2787/1 2786/2786/1
v -1.625000 -2.625000 -5.500000
v -0.625000 -2.625000 -5.500000
v -0.625000 -3.500000 -5.500000
v -1.625000 -3.500000 -5.500000
vt 0.820312 0.109375
vt 0.851562 0.109375
vt 0.851562 0.082031
vt 0.820312 0.082031
f 2789/2789/2 2792/2792/2 2791/2791/2 2790/2790/2
v -1.625000 -2.625000 -5.750000
v -1.625000 -2.625000 -5.500000
v -1.625000 -3.500000 -5.500000
v -1.625000 -3.500000 -5.750000
vt 0.910156 0.109375
vt 0.917969 0.109375
vt 0.917969 0.082031
vt 0.910156 0.082031
f 2793/2793/3 2796/2796/3 2795/2795/3 2794/2794/3
v -0.625000 -2.625000 -5.500000
v -0.625000 -2.625000 -5.750000
v -0.625000 -3.500000 -5.750000
v -0.625000 -3.500000 -5.500000
vt 0.910156 0.109375
vt 0.917969 0.109375
vt 0.917969 0.082031
vt 0.910156 0.082031
f 2797/2797/4 2800/2800/4 2799/2799/4 2798/2798/4
v -1.625000 -2.625000 -5.750000
v -0.625000 -2.625000 -5.750000
v -0.625000 -2.625000 -5.500000
v -1.625000 -2.625000 -5.500000
vt 0.609375 0.050781
vt 0.640625 0.050781
vt 0.640625 0.042969
vt 0.609375 0.042969
f 2801/2801/5 2804/2804/5 2803/2803/5 2802/2802/5
v -1.625000 -3.500000 -5.500000
v -0.625000 -3.500000 -5.500000
v -0.625000 -3.500000 -5.750000
v -1.625000 -3.500000 -5.750000
vt 0.609375 0.050781
vt 0.640625 0.050781
vt 0.640625 0.042969
vt 0.609375 0.042969
f 2805/2805/6 2808/2808/6 2807/2807/6 2806/2806/6
v -0.625000 5.375000 -5.750000
v -1.625000 5.375000 -5.750000
v -1.625000 4.500000 -5.750000
v -0.625000 4.500000 -5.750000
vt 0.851562 0.109375
vt 0.882812 0.109375
vt 0.882812 0.082031
vt 0.851562 0.082031
f 2809/2809/1 2812/2812/1 2811/2811/1 2810/2810/1
v -1.625000 5.375000 -5.500000
v -0.625000 5.375000 -5.500000
v -0.625000 4.500000 -5.500000
v -1.625000 4.500000 -5.500000
vt 0.851562 0.109375
vt 0.882812 0.109375
vt 0.882812 0.082031
vt 0.851562 0.082031
f 2813/2813/2 2816/2816/2 2815/2815/2 2814/2814/2
v -1.625000 5.375000 -5.750000
v -1.625000 5.375000 -5.500000
v -1.625000 4.500000 -5.500000
v -1.625000 4.500000 -5.750000
vt 0.917969 0.109375
vt 0.925781 0.109375
vt 0.925781 0.082031
vt 0.917969 0.082031
f 2817/2817/3 2820/2820/3 2819/2819/3 2818/2818/3
v -0.625000 5.375000 -5.500000
v -0.625000 5.375000 -5.750000
v -0.625000 4.500000 -5.750000
v -0.625000 4.500000 -5.500000
vt 0.917969 0.109375
vt 0.925781 0.109375
vt 0.925781 0.082031
vt 0.917969 0.082031
f 2821/2821/4 2824/2824/4 2823/2823/4 2822/2822/4
v -1.625000 5.375000 -5.750000
v -0.625000 5.375000 -5.750000
v -0.625000 5.375000 -5.500000
v -1.625000 5.375000 -5.500000
vt 0.640625 0.050781
vt 0.671875 0.050781
vt 0.671875 0.042969
vt 0.640625 0.042969
f 2825/2825/5 2828/2828/5 2827/2827/5 2826/2826/5
v -1.625000 4.500000 -5.500000
v -0.625000 4.500000 -5.500000
v -0.625000 4.500000 -5.750000
v -1.625000 4.500000 -5.750000
vt 0.640625 0.050781
vt 0.671875 0.050781
vt 0.671875 0.042969
vt 0.640625 0.042969
f 2829/2829/6 2832/2832/6 2831/2831/6 2830/2830/6
v -0.687500 0.500000 -8.375000
v -1.562500 0.500000 -8.375000
v -1.562500 0.250000 -8.375000
v -0.687500 0.250000 -8.375000
vt 0.671875 0.050781
vt 0.699219 0.050781
vt 0.699219 0.042969
vt 0.671875 0.042969
f 2833/2833/1 2836/2836/1 2835/2835/1 2834/2834/1
v -1.562500 0.500000 -7.500000
v -0.687500 0.500000 -7.500000
v -0.687500 0.250000 -7.500000
v -1.562500 0.250000 -7.500000
vt 0.671875 0.050781
vt 0.699219 0.050781
vt 0.699219 0.042969
vt 0.671875 0.042969
f 2837/2837/2 2840/2840/2 2839/2839/2 2838/2838/2
v -1.562500 0.500000 -8.375000
v -1.562500 0.500000 -7.500000
v -1.562500 0.250000 -7.500000
v -1.562500 0.250000 -8.375000
vt 0.671875 0.050781
vt 0.699219 0.050781
vt 0.699219 0.042969
vt 0.671875 0.042969
f 2841/2841/3 2844/2844/3 2843/2843/3 2842/2842/3
v -0.687500 0.500000 -7.500000
v -0.687500 0.500000 -8.375000
v -0.687500 0.250000 -8.375000
v -0.687500 0.250000 -7.500000
vt 0.671875 0.050781
vt 0.699219 0.050781
vt 0.699219 0.042969
vt 0.671875 0.042969
f 2845/2845/4 2848/2848/4 2847/2847/4 2846/2846/4
v -1.562500 0.500000 -8.375000
v -0.687500 0.500000 -8.375000
v -0.687500 0.500000 -7.500000
v -1.562500 0.500000 -7.500000
vt 0.882812 0.109375
vt 0.910156 0.109375
vt 0.910156 0.082031
vt 0.882812 0.082031
f 2849/2849/5 2852/2852/5 2851/2851/5 2850/2850/5
v -1.562500 0.250000 -7.500000
v -0.687500 0.250000 -7.500000
v -0.687500 0.250000 -8.375000
v -1.562500 0.250000 -8.375000
vt 0.882812 0.109375
vt 0.910156 0.109375
vt 0.910156 0.082031
vt 0.882812 0.082031
f 2853/2853/6 2856/2856/6 2855/2855/6 2854/2854/6
o BlueRing
v 4.750000 7.093750 -1.687500
v -4.750000 7.093750 -1.687500
v -4.750000 6.937500 -1.687500
v 4.750000 6.937500 -1.687500
vt 0.699219 0.050781
vt 0.996094 0.050781
vt 0.996094 0.044922
vt 0.699219 0.044922
f 2857/2857/1 2860/2860/1 2859/2859/1 2858/2858/1
v -4.750000 7.093750 1.687500
v 4.750000 7.093750 1.687500
v 4.750000 6.937500 1.687500
v -4.750000 6.937500 1.687500
vt 0.699219 0.050781
vt 0.996094 0.050781
vt 0.996094 0.044922
vt 0.699219 0.044922
f 2861/2861/2 2864/2864/2 2863/2863/2 2862/2862/2
v -4.750000 7.093750 -1.687500
v -4.750000 7.093750 1.687500
v -4.750000 6.937500 1.687500
v -4.750000 6.937500 -1.687500
vt 0.335938 0.039062
vt 0.441406 0.039062
vt 0.441406 0.033203
vt 0.335938 0.033203
f 2865/2865/3 2868/2868/3 2867/2867/3 2866/2866/3
v 4.750000 7.093750 1.687500
v 4.750000 7.093750 -1.687500
v 4.750000 6.937500 -1.687500
v 4.750000 6.937500 1.687500
vt 0.335938 0.039062
vt 0.441406 0.039062
vt 0.441406 0.033203
vt 0.335938 0.033203
f 2869/2869/4 2872/2872/4 2871/2871/4 2870/2870/4
v -4.750000 7.093750 -1.687500
v 4.750000 7.093750 -1.687500
v 4.750000 7.093750 1.687500
v -4.750000 7.093750 1.687500
vt 0.648438 0.605469
vt 0.945312 0.605469
vt 0.945312 0.500000
vt 0.648438 0.500000
f 2873/2873/5 2876/2876/5 2875/2875/5 2874/2874/5
v 3.375000 7.093750 -3.375000
v -3.375000 7.093750 -3.375000
v -3.375000 6.937500 -3.375000
v 3.375000 6.937500 -3.375000
vt 0.000000 0.039062
vt 0.210938 0.039062
vt 0.210938 0.033203
vt 0.000000 0.033203
f 2877/2877/1 2880/2880/1 2879/2879/1 2878/2878/1
v -3.375000 7.093750 -3.375000
v -3.375000 7.093750 -1.687500
v -3.375000 6.937500 -1.687500
v -3.375000 6.937500 -3.375000
vt 0.546875 0.039062
vt 0.599609 0.039062
vt 0.599609 0.033203
vt 0.546875 0.033203
f 2881/2881/3 2884/2884/3 2883/2883/3 2882/2882/3
v 3.375000 7.093750 -1.687500
v 3.375000 7.093750 -3.375000
v 3.375000 6.937500 -3.375000
v 3.375000 6.937500 -1.687500
vt 0.546875 0.039062
vt 0.599609 0.039062
vt 0.599609 0.033203
vt 0.546875 0.033203
f 2885/2885/4 2888/2888/4 2887/2887/4 2886/2886/4
v -3.375000 7.093750 -3.375000
v 3.375000 7.093750 -3.375000
v 3.375000 7.093750 -1.687500
v -3.375000 7.093750 -1.687500
vt 0.000000 0.326172
vt 0.210938 0.326172
vt 0.210938 0.273438
vt 0.000000 0.273438
f 2889/2889/5 2892/2892/5 2891/2891/5 2890/2890/5
v -3.375000 7.093750 3.375000
v 3.375000 7.093750 3.375000
v 3.375000 6.937500 3.375000
v -3.375000 6.937500 3.375000
vt 0.000000 0.039062
vt 0.210938 0.039062
vt 0.210938 0.033203
vt 0.000000 0.033203
f 2893/2893/2 2896/2896/2 2895/2895/2 2894/2894/2
v -3.375000 7.093750 1.687500
v -3.375000 7.093750 3.375000
v -3.375000 6.937500 3.375000
v -3.375000 6.937500 1.687500
vt 0.546875 0.039062
vt 0.599609 0.039062
vt 0.599609 0.033203
vt 0.546875 0.033203
f 2897/2897/3 2900/2900/3 2899/2899/3 2898/2898/3
v 3.375000 7.093750 3.375000
v 3.375000 7.093750 1.687500
v 3.375000 6.937500 1.687500
v 3.375000 6.937500 3.375000
vt 0.546875 0.039062
vt 0.599609 0.039062
vt 0.599609 0.033203
vt 0.546875 0.033203
f 2901/2901/4 2904/2904/4 2903/2903/4 2902/2902/4
v -3.375000 7.093750 1.687500
v 3.375000 7.093750 1.687500
v 3.375000 7.093750 3.375000
v -3.375000 7.093750 3.375000
vt 0.000000 0.326172
vt 0.210938 0.326172
vt 0.210938 0.273438
vt 0.000000 0.273438
f 2905/2905/5 2908/2908/5 2907/2907/5 2906/2906/5
v 1.687500 7.093750 -4.750000
v -1.687500 7.093750 -4.750000
v -1.687500 6.937500 -4.750000
v 1.687500 6.937500 -4.750000
vt 0.441406 0.039062
vt 0.546875 0.039062
vt 0.546875 0.033203
vt 0.441406 0.033203
f 2909/2909/1 2912/2912/1 2911/2911/1 2910/2910/1
v -1.687500 7.093750 -4.750000
v -1.687500 7.093750 -3.375000
v -1.687500 6.937500 -3.375000
v -1.687500 6.937500 -4.750000
vt 0.599609 0.039062
vt 0.642578 0.039062
vt 0.642578 0.033203
vt 0.599609 0.033203
f 2913/2913/3 2916/2916/3 2915/2915/3 2914/2914/3
v 1.687500 7.093750 -3.375000
v 1.687500 7.093750 -4.750000
v 1.687500 6.937500 -4.750000
v 1.687500 6.937500 -3.375000
vt 0.599609 0.039062
vt 0.642578 0.039062
vt 0.642578 0.033203
vt 0.599609 0.033203
f 2917/2917/4 2920/2920/4 2919/2919/4 2918/2918/4
v -1.687500 7.093750 -4.750000
v 1.687500 7.093750 -4.750000
v 1.687500 7.093750 -3.375000
v -1.687500 7.093750 -3.375000
vt 0.812500 0.226562
vt 0.917969 0.226562
vt 0.917969 0.183594
vt 0.812500 0.183594
f 2921/2921/5 2924/2924/5 2923/2923/5 2922/2922/5
v -1.687500 7.093750 4.750000
v 1.687500 7.093750 4.750000
v 1.687500 6.937500 4.750000
v -1.687500 6.937500 4.750000
vt 0.441406 0.039062
vt 0.546875 0.039062
vt 0.546875 0.033203
vt 0.441406 0.033203
f 2925/2925/2 2928/2928/2 2927/2927/2 2926/2926/2
v -1.687500 7.093750 3.375000
v -1.687500 7.093750 4.750000
v -1.687500 6.937500 4.750000
v -1.687500 6.937500 3.375000
vt 0.599609 0.039062
vt 0.642578 0.039062
vt 0.642578 0.033203
vt 0.599609 0.033203
f 2929/2929/3 2932/2932/3 2931/2931/3 2930/2930/3
v 1.687500 7.093750 4.750000
v 1.687500 7.093750 3.375000
v 1.687500 6.937500 3.375000
v 1.687500 6.937500 4.750000
vt 0.599609 0.039062
vt 0.642578 0.039062
vt 0.642578 0.033203
vt 0.599609 0.033203
f 2933/2933/4 2936/2936/4 2935/2935/4 2934/2934/4
v -1.687500 7.093750 3.375000
v 1.687500 7.093750 3.375000
v 1.687500 7.093750 4.750000
v -1.687500 7.093750 4.750000
vt 0.812500 0.226562
vt 0.917969 0.226562
vt 0.917969 0.183594
vt 0.812500 0.183594
f 2937/2937/5 2940/2940/5 2939/2939/5 2938/2938/5
v 2.000000 8.062500 -2.000000
v -2.000000 8.062500 -2.000000
v -2.000000 7.906250 -2.000000
v 2.000000 7.906250 -2.000000
vt 0.210938 0.039062
vt 0.335938 0.039062
vt 0.335938 0.033203
vt 0.210938 0.033203
f 2941/2941/1 2944/2944/1 2943/2943/1 2942/2942/1
v -2.000000 8.062500 2.000000
v 2.000000 8.062500 2.000000
v 2.000000 7.906250 2.000000
v -2.000000 7.906250 2.000000
vt 0.210938 0.039062
vt 0.335938 0.039062
vt 0.335938 0.033203
vt 0.210938 0.033203
f 2945/2945/2 2948/2948/2 2947/2947/2 2946/2946/2
v -2.000000 8.062500 -2.000000
v -2.000000 8.062500 2.000000
v -2.000000 7.906250 2.000000
v -2.000000 7.906250 -2.000000
vt 0.210938 0.039062
vt 0.335938 0.039062
vt 0.335938 0.033203
vt 0.210938 0.033203
f 2949/2949/3 2952/2952/3 2951/2951/3 2950/2950/3
v 2.000000 8.062500 2.000000
v 2.000000 8.062500 -2.000000
v 2.000000 7.906250 -2.000000
v 2.000000 7.906250 2.000000
vt 0.210938 0.039062
vt 0.335938 0.039062
vt 0.335938 0.033203
vt 0.210938 0.033203
f 2953/2953/4 2956/2956/4 2955/2955/4 2954/2954/4
v -2.000000 8.062500 -2.000000
v 2.000000 8.062500 -2.000000
v 2.000000 8.062500 2.000000
v -2.000000 8.062500 2.000000
vt 0.662109 1.000000
vt 0.787109 1.000000
vt 0.787109 0.875000
vt 0.662109 0.875000
f 2957/2957/5 2960/2960/5 2959/2959/5 2958/2958/5
o Floor
v -5.375000 -1.000000 -1.937500
v 5.375000 -1.000000 -1.937500
v 5.375000 -1.000000 1.937500
v -5.375000 -1.000000 1.937500
vt 0.000000 0.605469
vt 0.335938 0.605469
vt 0.335938 0.484375
vt 0.000000 0.484375
f 2961/2961/5 2964/2964/5 2963/2963/5 2962/2962/5
v -3.875000 -1.000000 -3.875000
v 3.875000 -1.000000 -3.875000
v 3.875000 -1.000000 -1.937500
v -3.875000 -1.000000 -1.937500
vt 0.242188 0.386719
vt 0.484375 0.386719
vt 0.484375 0.326172
vt 0.242188 0.326172
f 2965/2965/5 2968/2968/5 2967/2967/5 2966/2966/5
v -3.875000 -1.000000 1.937500
v 3.875000 -1.000000 1.937500
v 3.875000 -1.000000 3.875000
v -3.875000 -1.000000 3.875000
vt 0.242188 0.386719
vt 0.484375 0.386719
vt 0.484375 0.326172
vt 0.242188 0.326172
f 2969/2969/5 2972/2972/5 2971/2971/5 2970/2970/5
v -1.937500 -1.000000 -5.375000
v 1.937500 -1.000000 -5.375000
v 1.937500 -1.000000 -3.875000
v -1.937500 -1.000000 -3.875000
vt 0.000000 0.226562
vt 0.121094 0.226562
vt 0.121094 0.179688
vt 0.000000 0.179688
f 2973/2973/5 2976/2976/5 2975/2975/5 2974/2974/5
v -1.937500 -1.000000 3.875000
v 1.937500 -1.000000 3.875000
v 1.937500 -1.000000 5.375000
v -1.937500 -1.000000 5.375000
vt 0.000000 0.226562
vt 0.121094 0.226562
vt 0.121094 0.179688
vt 0.000000 0.179688
f 2977/2977/5 2980/2980/5 2979/2979/5 2978/2978/5
