# space_elevator generated by machinegen.py
mtllib space_elevator.mtl
v 5.000000 0.500000 -3.500000
v -4.000000 0.500000 -3.500000
v -4.000000 0.000000 -3.500000
v 5.000000 0.000000 -3.500000
v -4.000000 0.500000 2.500000
v 5.000000 0.500000 2.500000
v 5.000000 0.000000 2.500000
v -4.000000 0.000000 2.500000
v -4.000000 0.500000 -3.500000
v -4.000000 0.500000 2.500000
v -4.000000 0.000000 2.500000
v -4.000000 0.000000 -3.500000
v 5.000000 0.500000 2.500000
v 5.000000 0.500000 -3.500000
v 5.000000 0.000000 -3.500000
v 5.000000 0.000000 2.500000
v -4.000000 0.500000 -3.500000
v 5.000000 0.500000 -3.500000
v 5.000000 0.500000 2.500000
v -4.000000 0.500000 2.500000
v 3.500000 0.500000 -5.000000
v -2.500000 0.500000 -5.000000
v -2.500000 0.000000 -5.000000
v 3.500000 0.000000 -5.000000
v -2.500000 0.500000 -3.500000
v 3.500000 0.500000 -3.500000
v 3.500000 0.000000 -3.500000
v -2.500000 0.000000 -3.500000
v -2.500000 0.500000 -5.000000
v -2.500000 0.500000 -3.500000
v -2.500000 0.000000 -3.500000
v -2.500000 0.000000 -5.000000
v 3.500000 0.500000 -3.500000
v 3.500000 0.500000 -5.000000
v 3.500000 0.000000 -5.000000
v 3.500000 0.000000 -3.500000
v -2.500000 0.500000 -5.000000
v 3.500000 0.500000 -5.000000
v 3.500000 0.500000 -3.500000
v -2.500000 0.500000 -3.500000
v 3.500000 0.500000 2.500000
v -2.500000 0.500000 2.500000
v -2.500000 0.000000 2.500000
v 3.500000 0.000000 2.500000
v -2.500000 0.500000 4.000000
v 3.500000 0.500000 4.000000
v 3.500000 0.000000 4.000000
v -2.500000 0.000000 4.000000
v -2.500000 0.500000 2.500000
v -2.500000 0.500000 4.000000
v -2.500000 0.000000 4.000000
v -2.500000 0.000000 2.500000
v 3.500000 0.500000 4.000000
v 3.500000 0.500000 2.500000
v 3.500000 0.000000 2.500000
v 3.500000 0.000000 4.000000
v -2.500000 0.500000 2.500000
v 3.500000 0.500000 2.500000
v 3.500000 0.500000 4.000000
v -2.500000 0.500000 4.000000
v -2.500000 0.250000 -4.500000
v -3.500000 0.250000 -4.500000
v -3.500000 0.000000 -4.500000
v -2.500000 0.000000 -4.500000
v -3.500000 0.250000 -3.500000
v -2.500000 0.250000 -3.500000
v -2.500000 0.000000 -3.500000
v -3.500000 0.000000 -3.500000
v -3.500000 0.250000 -4.500000
v -3.500000 0.250000 -3.500000
v -3.500000 0.000000 -3.500000
v -3.500000 0.000000 -4.500000
v -2.500000 0.250000 -3.500000
v -2.500000 0.250000 -4.500000
v -2.500000 0.000000 -4.500000
v -2.500000 0.000000 -3.500000
v -3.500000 0.250000 -4.500000
v -2.500000 0.250000 -4.500000
v -2.500000 0.250000 -3.500000
v -3.500000 0.250000 -3.500000
v -2.562500 1.250000 -4.437500
v -3.437500 1.250000 -4.437500
v -3.437500 0.250000 -4.437500
v -2.562500 0.250000 -4.437500
v -3.437500 1.250000 -3.562500
v -2.562500 1.250000 -3.562500
v -2.562500 0.250000 -3.562500
v -3.437500 0.250000 -3.562500
v -3.437500 1.250000 -4.437500
v -3.437500 1.250000 -3.562500
v -3.437500 0.250000 -3.562500
v -3.437500 0.250000 -4.437500
v -2.562500 1.250000 -3.562500
v -2.562500 1.250000 -4.437500
v -2.562500 0.250000 -4.437500
v -2.562500 0.250000 -3.562500
v -2.500000 1.500000 -4.500000
v -3.500000 1.500000 -4.500000
v -3.500000 1.250000 -4.500000
v -2.500000 1.250000 -4.500000
v -3.500000 1.500000 -3.500000
v -2.500000 1.500000 -3.500000
v -2.500000 1.250000 -3.500000
v -3.500000 1.250000 -3.500000
v -3.500000 1.500000 -4.500000
v -3.500000 1.500000 -3.500000
v -3.500000 1.250000 -3.500000
v -3.500000 1.250000 -4.500000
v -2.500000 1.500000 -3.500000
v -2.500000 1.500000 -4.500000
v -2.500000 1.250000 -4.500000
v -2.500000 1.250000 -3.500000
v -3.500000 1.500000 -4.500000
v -2.500000 1.500000 -4.500000
v -2.500000 1.500000 -3.500000
v -3.500000 1.500000 -3.500000
v -3.500000 1.250000 -3.500000
v -2.500000 1.250000 -3.500000
v -2.500000 1.250000 -4.500000
v -3.500000 1.250000 -4.500000
v -2.875000 1.531250 -4.125000
v -3.125000 1.531250 -4.125000
v -3.125000 1.500000 -4.125000
v -2.875000 1.500000 -4.125000
v -3.125000 1.531250 -3.875000
v -2.875000 1.531250 -3.875000
v -2.875000 1.500000 -3.875000
v -3.125000 1.500000 -3.875000
v -3.125000 1.531250 -4.125000
v -3.125000 1.531250 -3.875000
v -3.125000 1.500000 -3.875000
v -3.125000 1.500000 -4.125000
v -2.875000 1.531250 -3.875000
v -2.875000 1.531250 -4.125000
v -2.875000 1.500000 -4.125000
v -2.875000 1.500000 -3.875000
v -3.125000 1.531250 -4.125000
v -2.875000 1.531250 -4.125000
v -2.875000 1.531250 -3.875000
v -3.125000 1.531250 -3.875000
v -2.500000 0.250000 2.500000
v -3.500000 0.250000 2.500000
v -3.500000 0.000000 2.500000
v -2.500000 0.000000 2.500000
v -3.500000 0.250000 3.500000
v -2.500000 0.250000 3.500000
v -2.500000 0.000000 3.500000
v -3.500000 0.000000 3.500000
v -3.500000 0.250000 2.500000
v -3.500000 0.250000 3.500000
v -3.500000 0.000000 3.500000
v -3.500000 0.000000 2.500000
v -2.500000 0.250000 3.500000
v -2.500000 0.250000 2.500000
v -2.500000 0.000000 2.500000
v -2.500000 0.000000 3.500000
v -3.500000 0.250000 2.500000
v -2.500000 0.250000 2.500000
v -2.500000 0.250000 3.500000
v -3.500000 0.250000 3.500000
v -2.562500 1.250000 2.562500
v -3.437500 1.250000 2.562500
v -3.437500 0.250000 2.562500
v -2.562500 0.250000 2.562500
v -3.437500 1.250000 3.437500
v -2.562500 1.250000 3.437500
v -2.562500 0.250000 3.437500
v -3.437500 0.250000 3.437500
v -3.437500 1.250000 2.562500
v -3.437500 1.250000 3.437500
v -3.437500 0.250000 3.437500
v -3.437500 0.250000 2.562500
v -2.562500 1.250000 3.437500
v -2.562500 1.250000 2.562500
v -2.562500 0.250000 2.562500
v -2.562500 0.250000 3.437500
v -2.500000 1.500000 2.500000
v -3.500000 1.500000 2.500000
v -3.500000 1.250000 2.500000
v -2.500000 1.250000 2.500000
v -3.500000 1.500000 3.500000
v -2.500000 1.500000 3.500000
v -2.500000 1.250000 3.500000
v -3.500000 1.250000 3.500000
v -3.500000 1.500000 2.500000
v -3.500000 1.500000 3.500000
v -3.500000 1.250000 3.500000
v -3.500000 1.250000 2.500000
v -2.500000 1.500000 3.500000
v -2.500000 1.500000 2.500000
v -2.500000 1.250000 2.500000
v -2.500000 1.250000 3.500000
v -3.500000 1.500000 2.500000
v -2.500000 1.500000 2.500000
v -2.500000 1.500000 3.500000
v -3.500000 1.500000 3.500000
v -3.500000 1.250000 3.500000
v -2.500000 1.250000 3.500000
v -2.500000 1.250000 2.500000
v -3.500000 1.250000 2.500000
v -2.875000 1.531250 2.875000
v -3.125000 1.531250 2.875000
v -3.125000 1.500000 2.875000
v -2.875000 1.500000 2.875000
v -3.125000 1.531250 3.125000
v -2.875000 1.531250 3.125000
v -2.875000 1.500000 3.125000
v -3.125000 1.500000 3.125000
v -3.125000 1.531250 2.875000
v -3.125000 1.531250 3.125000
v -3.125000 1.500000 3.125000
v -3.125000 1.500000 2.875000
v -2.875000 1.531250 3.125000
v -2.875000 1.531250 2.875000
v -2.875000 1.500000 2.875000
v -2.875000 1.500000 3.125000
v -3.125000 1.531250 2.875000
v -2.875000 1.531250 2.875000
v -2.875000 1.531250 3.125000
v -3.125000 1.531250 3.125000
v 4.500000 0.250000 -4.500000
v 3.500000 0.250000 -4.500000
v 3.500000 0.000000 -4.500000
v 4.500000 0.000000 -4.500000
v 3.500000 0.250000 -3.500000
v 4.500000 0.250000 -3.500000
v 4.500000 0.000000 -3.500000
v 3.500000 0.000000 -3.500000
v 3.500000 0.250000 -4.500000
v 3.500000 0.250000 -3.500000
v 3.500000 0.000000 -3.500000
v 3.500000 0.000000 -4.500000
v 4.500000 0.250000 -3.500000
v 4.500000 0.250000 -4.500000
v 4.500000 0.000000 -4.500000
v 4.500000 0.000000 -3.500000
v 3.500000 0.250000 -4.500000
v 4.500000 0.250000 -4.500000
v 4.500000 0.250000 -3.500000
v 3.500000 0.250000 -3.500000
v 4.437500 1.250000 -4.437500
v 3.562500 1.250000 -4.437500
v 3.562500 0.250000 -4.437500
v 4.437500 0.250000 -4.437500
v 3.562500 1.250000 -3.562500
v 4.437500 1.250000 -3.562500
v 4.437500 0.250000 -3.562500
v 3.562500 0.250000 -3.562500
v 3.562500 1.250000 -4.437500
v 3.562500 1.250000 -3.562500
v 3.562500 0.250000 -3.562500
v 3.562500 0.250000 -4.437500
v 4.437500 1.250000 -3.562500
v 4.437500 1.250000 -4.437500
v 4.437500 0.250000 -4.437500
v 4.437500 0.250000 -3.562500
v 4.500000 1.500000 -4.500000
v 3.500000 1.500000 -4.500000
v 3.500000 1.250000 -4.500000
v 4.500000 1.250000 -4.500000
v 3.500000 1.500000 -3.500000
v 4.500000 1.500000 -3.500000
v 4.500000 1.250000 -3.500000
v 3.500000 1.250000 -3.500000
v 3.500000 1.500000 -4.500000
v 3.500000 1.500000 -3.500000
v 3.500000 1.250000 -3.500000
v 3.500000 1.250000 -4.500000
v 4.500000 1.500000 -3.500000
v 4.500000 1.500000 -4.500000
v 4.500000 1.250000 -4.500000
v 4.500000 1.250000 -3.500000
v 3.500000 1.500000 -4.500000
v 4.500000 1.500000 -4.500000
v 4.500000 1.500000 -3.500000
v 3.500000 1.500000 -3.500000
v 3.500000 1.250000 -3.500000
v 4.500000 1.250000 -3.500000
v 4.500000 1.250000 -4.500000
v 3.500000 1.250000 -4.500000
v 4.125000 1.531250 -4.125000
v 3.875000 1.531250 -4.125000
v 3.875000 1.500000 -4.125000
v 4.125000 1.500000 -4.125000
v 3.875000 1.531250 -3.875000
v 4.125000 1.531250 -3.875000
v 4.125000 1.500000 -3.875000
v 3.875000 1.500000 -3.875000
v 3.875000 1.531250 -4.125000
v 3.875000 1.531250 -3.875000
v 3.875000 1.500000 -3.875000
v 3.875000 1.500000 -4.125000
v 4.125000 1.531250 -3.875000
v 4.125000 1.531250 -4.125000
v 4.125000 1.500000 -4.125000
v 4.125000 1.500000 -3.875000
v 3.875000 1.531250 -4.125000
v 4.125000 1.531250 -4.125000
v 4.125000 1.531250 -3.875000
v 3.875000 1.531250 -3.875000
v 4.500000 0.250000 2.500000
v 3.500000 0.250000 2.500000
v 3.500000 0.000000 2.500000
v 4.500000 0.000000 2.500000
v 3.500000 0.250000 3.500000
v 4.500000 0.250000 3.500000
v 4.500000 0.000000 3.500000
v 3.500000 0.000000 3.500000
v 3.500000 0.250000 2.500000
v 3.500000 0.250000 3.500000
v 3.500000 0.000000 3.500000
v 3.500000 0.000000 2.500000
v 4.500000 0.250000 3.500000
v 4.500000 0.250000 2.500000
v 4.500000 0.000000 2.500000
v 4.500000 0.000000 3.500000
v 3.500000 0.250000 2.500000
v 4.500000 0.250000 2.500000
v 4.500000 0.250000 3.500000
v 3.500000 0.250000 3.500000
v 4.437500 1.250000 2.562500
v 3.562500 1.250000 2.562500
v 3.562500 0.250000 2.562500
v 4.437500 0.250000 2.562500
v 3.562500 1.250000 3.437500
v 4.437500 1.250000 3.437500
v 4.437500 0.250000 3.437500
v 3.562500 0.250000 3.437500
v 3.562500 1.250000 2.562500
v 3.562500 1.250000 3.437500
v 3.562500 0.250000 3.437500
v 3.562500 0.250000 2.562500
v 4.437500 1.250000 3.437500
v 4.437500 1.250000 2.562500
v 4.437500 0.250000 2.562500
v 4.437500 0.250000 3.437500
v 4.500000 1.500000 2.500000
v 3.500000 1.500000 2.500000
v 3.500000 1.250000 2.500000
v 4.500000 1.250000 2.500000
v 3.500000 1.500000 3.500000
v 4.500000 1.500000 3.500000
v 4.500000 1.250000 3.500000
v 3.500000 1.250000 3.500000
v 3.500000 1.500000 2.500000
v 3.500000 1.500000 3.500000
v 3.500000 1.250000 3.500000
v 3.500000 1.250000 2.500000
v 4.500000 1.500000 3.500000
v 4.500000 1.500000 2.500000
v 4.500000 1.250000 2.500000
v 4.500000 1.250000 3.500000
v 3.500000 1.500000 2.500000
v 4.500000 1.500000 2.500000
v 4.500000 1.500000 3.500000
v 3.500000 1.500000 3.500000
v 3.500000 1.250000 3.500000
v 4.500000 1.250000 3.500000
v 4.500000 1.250000 2.500000
v 3.500000 1.250000 2.500000
v 4.125000 1.531250 2.875000
v 3.875000 1.531250 2.875000
v 3.875000 1.500000 2.875000
v 4.125000 1.500000 2.875000
v 3.875000 1.531250 3.125000
v 4.125000 1.531250 3.125000
v 4.125000 1.500000 3.125000
v 3.875000 1.500000 3.125000
v 3.875000 1.531250 2.875000
v 3.875000 1.531250 3.125000
v 3.875000 1.500000 3.125000
v 3.875000 1.500000 2.875000
v 4.125000 1.531250 3.125000
v 4.125000 1.531250 2.875000
v 4.125000 1.500000 2.875000
v 4.125000 1.500000 3.125000
v 3.875000 1.531250 2.875000
v 4.125000 1.531250 2.875000
v 4.125000 1.531250 3.125000
v 3.875000 1.531250 3.125000
v 1.500000 1.000000 -1.500000
v -0.500000 1.000000 -1.500000
v -0.500000 0.500000 -1.500000
v 1.500000 0.500000 -1.500000
v -0.500000 1.000000 0.500000
v 1.500000 1.000000 0.500000
v 1.500000 0.500000 0.500000
v -0.500000 0.500000 0.500000
v -0.500000 1.000000 -1.500000
v -0.500000 1.000000 0.500000
v -0.500000 0.500000 0.500000
v -0.500000 0.500000 -1.500000
v 1.500000 1.000000 0.500000
v 1.500000 1.000000 -1.500000
v 1.500000 0.500000 -1.500000
v 1.500000 0.500000 0.500000
v -0.500000 1.000000 -1.500000
v 1.500000 1.000000 -1.500000
v 1.500000 1.000000 0.500000
v -0.500000 1.000000 0.500000
v 2.000000 0.562500 -2.000000
v -1.000000 0.562500 -2.000000
v -1.000000 0.500000 -2.000000
v 2.000000 0.500000 -2.000000
v -1.000000 0.562500 1.000000
v 2.000000 0.562500 1.000000
v 2.000000 0.500000 1.000000
v -1.000000 0.500000 1.000000
v -1.000000 0.562500 -2.000000
v -1.000000 0.562500 1.000000
v -1.000000 0.500000 1.000000
v -1.000000 0.500000 -2.000000
v 2.000000 0.562500 1.000000
v 2.000000 0.562500 -2.000000
v 2.000000 0.500000 -2.000000
v 2.000000 0.500000 1.000000
v -1.000000 0.562500 -2.000000
v 2.000000 0.562500 -2.000000
v 2.000000 0.562500 1.000000
v -1.000000 0.562500 1.000000
v 0.000000 1.375000 -1.250000
v -0.250000 1.375000 -1.250000
v -0.250000 1.000000 -1.250000
v 0.000000 1.000000 -1.250000
v -0.250000 1.375000 0.250000
v 0.000000 1.375000 0.250000
v 0.000000 1.000000 0.250000
v -0.250000 1.000000 0.250000
v -0.250000 1.375000 -1.250000
v -0.250000 1.375000 0.250000
v -0.250000 1.000000 0.250000
v -0.250000 1.000000 -1.250000
v 0.000000 1.375000 0.250000
v 0.000000 1.375000 -1.250000
v 0.000000 1.000000 -1.250000
v 0.000000 1.000000 0.250000
v -0.250000 1.375000 -1.250000
v 0.000000 1.375000 -1.250000
v 0.000000 1.375000 0.250000
v -0.250000 1.375000 0.250000
v 1.250000 1.375000 -1.250000
v 1.000000 1.375000 -1.250000
v 1.000000 1.000000 -1.250000
v 1.250000 1.000000 -1.250000
v 1.000000 1.375000 0.250000
v 1.250000 1.375000 0.250000
v 1.250000 1.000000 0.250000
v 1.000000 1.000000 0.250000
v 1.000000 1.375000 -1.250000
v 1.000000 1.375000 0.250000
v 1.000000 1.000000 0.250000
v 1.000000 1.000000 -1.250000
v 1.250000 1.375000 0.250000
v 1.250000 1.375000 -1.250000
v 1.250000 1.000000 -1.250000
v 1.250000 1.000000 0.250000
v 1.000000 1.375000 -1.250000
v 1.250000 1.375000 -1.250000
v 1.250000 1.375000 0.250000
v 1.000000 1.375000 0.250000
v 1.000000 1.375000 -1.250000
v 0.000000 1.375000 -1.250000
v 0.000000 1.000000 -1.250000
v 1.000000 1.000000 -1.250000
v 0.000000 1.375000 -1.000000
v 1.000000 1.375000 -1.000000
v 1.000000 1.000000 -1.000000
v 0.000000 1.000000 -1.000000
v 0.000000 1.375000 -1.250000
v 0.000000 1.375000 -1.000000
v 0.000000 1.000000 -1.000000
v 0.000000 1.000000 -1.250000
v 1.000000 1.375000 -1.000000
v 1.000000 1.375000 -1.250000
v 1.000000 1.000000 -1.250000
v 1.000000 1.000000 -1.000000
v 0.000000 1.375000 -1.250000
v 1.000000 1.375000 -1.250000
v 1.000000 1.375000 -1.000000
v 0.000000 1.375000 -1.000000
v 1.000000 1.375000 0.000000
v 0.000000 1.375000 0.000000
v 0.000000 1.000000 0.000000
v 1.000000 1.000000 0.000000
v 0.000000 1.375000 0.250000
v 1.000000 1.375000 0.250000
v 1.000000 1.000000 0.250000
v 0.000000 1.000000 0.250000
v 0.000000 1.375000 0.000000
v 0.000000 1.375000 0.250000
v 0.000000 1.000000 0.250000
v 0.000000 1.000000 0.000000
v 1.000000 1.375000 0.250000
v 1.000000 1.375000 0.000000
v 1.000000 1.000000 0.000000
v 1.000000 1.000000 0.250000
v 0.000000 1.375000 0.000000
v 1.000000 1.375000 0.000000
v 1.000000 1.375000 0.250000
v 0.000000 1.375000 0.250000
v 4.500000 0.750000 -0.750000
v 1.500000 0.750000 -0.750000
v 1.500000 0.562500 -0.750000
v 4.500000 0.562500 -0.750000
v 1.500000 0.750000 -0.250000
v 4.500000 0.750000 -0.250000
v 4.500000 0.562500 -0.250000
v 1.500000 0.562500 -0.250000
v 1.500000 0.750000 -0.750000
v 1.500000 0.750000 -0.250000
v 1.500000 0.562500 -0.250000
v 1.500000 0.562500 -0.750000
v 4.500000 0.750000 -0.250000
v 4.500000 0.750000 -0.750000
v 4.500000 0.562500 -0.750000
v 4.500000 0.562500 -0.250000
v 1.500000 0.750000 -0.750000
v 4.500000 0.750000 -0.750000
v 4.500000 0.750000 -0.250000
v 1.500000 0.750000 -0.250000
v -0.500000 0.750000 -0.750000
v -4.000000 0.750000 -0.750000
v -4.000000 0.562500 -0.750000
v -0.500000 0.562500 -0.750000
v -4.000000 0.750000 -0.250000
v -0.500000 0.750000 -0.250000
v -0.500000 0.562500 -0.250000
v -4.000000 0.562500 -0.250000
v -4.000000 0.750000 -0.750000
v -4.000000 0.750000 -0.250000
v -4.000000 0.562500 -0.250000
v -4.000000 0.562500 -0.750000
v -0.500000 0.750000 -0.250000
v -0.500000 0.750000 -0.750000
v -0.500000 0.562500 -0.750000
v -0.500000 0.562500 -0.250000
v -4.000000 0.750000 -0.750000
v -0.500000 0.750000 -0.750000
v -0.500000 0.750000 -0.250000
v -4.000000 0.750000 -0.250000
v 0.750000 0.750000 -4.500000
v 0.250000 0.750000 -4.500000
v 0.250000 0.562500 -4.500000
v 0.750000 0.562500 -4.500000
v 0.250000 0.750000 -1.500000
v 0.750000 0.750000 -1.500000
v 0.750000 0.562500 -1.500000
v 0.250000 0.562500 -1.500000
v 0.250000 0.750000 -4.500000
v 0.250000 0.750000 -1.500000
v 0.250000 0.562500 -1.500000
v 0.250000 0.562500 -4.500000
v 0.750000 0.750000 -1.500000
v 0.750000 0.750000 -4.500000
v 0.750000 0.562500 -4.500000
v 0.750000 0.562500 -1.500000
v 0.250000 0.750000 -4.500000
v 0.750000 0.750000 -4.500000
v 0.750000 0.750000 -1.500000
v 0.250000 0.750000 -1.500000
v 0.750000 0.750000 0.500000
v 0.250000 0.750000 0.500000
v 0.250000 0.562500 0.500000
v 0.750000 0.562500 0.500000
v 0.250000 0.750000 3.500000
v 0.750000 0.750000 3.500000
v 0.750000 0.562500 3.500000
v 0.250000 0.562500 3.500000
v 0.250000 0.750000 0.500000
v 0.250000 0.750000 3.500000
v 0.250000 0.562500 3.500000
v 0.250000 0.562500 0.500000
v 0.750000 0.750000 3.500000
v 0.750000 0.750000 0.500000
v 0.750000 0.562500 0.500000
v 0.750000 0.562500 3.500000
v 0.250000 0.750000 0.500000
v 0.750000 0.750000 0.500000
v 0.750000 0.750000 3.500000
v 0.250000 0.750000 3.500000
v 4.625000 0.750000 -0.750000
v 4.500000 0.750000 -0.750000
v 4.500000 0.500000 -0.750000
v 4.625000 0.500000 -0.750000
v 4.500000 0.750000 -0.250000
v 4.625000 0.750000 -0.250000
v 4.625000 0.500000 -0.250000
v 4.500000 0.500000 -0.250000
v 4.500000 0.750000 -0.750000
v 4.500000 0.750000 -0.250000
v 4.500000 0.500000 -0.250000
v 4.500000 0.500000 -0.750000
v 4.625000 0.750000 -0.250000
v 4.625000 0.750000 -0.750000
v 4.625000 0.500000 -0.750000
v 4.625000 0.500000 -0.250000
v 4.500000 0.750000 -0.750000
v 4.625000 0.750000 -0.750000
v 4.625000 0.750000 -0.250000
v 4.500000 0.750000 -0.250000
v 0.750000 0.750000 -4.625000
v 0.250000 0.750000 -4.625000
v 0.250000 0.500000 -4.625000
v 0.750000 0.500000 -4.625000
v 0.250000 0.750000 -4.500000
v 0.750000 0.750000 -4.500000
v 0.750000 0.500000 -4.500000
v 0.250000 0.500000 -4.500000
v 0.250000 0.750000 -4.625000
v 0.250000 0.750000 -4.500000
v 0.250000 0.500000 -4.500000
v 0.250000 0.500000 -4.625000
v 0.750000 0.750000 -4.500000
v 0.750000 0.750000 -4.625000
v 0.750000 0.500000 -4.625000
v 0.750000 0.500000 -4.500000
v 0.250000 0.750000 -4.625000
v 0.750000 0.750000 -4.625000
v 0.750000 0.750000 -4.500000
v 0.250000 0.750000 -4.500000
v 0.750000 0.750000 3.500000
v 0.250000 0.750000 3.500000
v 0.250000 0.500000 3.500000
v 0.750000 0.500000 3.500000
v 0.250000 0.750000 3.625000
v 0.750000 0.750000 3.625000
v 0.750000 0.500000 3.625000
v 0.250000 0.500000 3.625000
v 0.250000 0.750000 3.500000
v 0.250000 0.750000 3.625000
v 0.250000 0.500000 3.625000
v 0.250000 0.500000 3.500000
v 0.750000 0.750000 3.625000
v 0.750000 0.750000 3.500000
v 0.750000 0.500000 3.500000
v 0.750000 0.500000 3.625000
v 0.250000 0.750000 3.500000
v 0.750000 0.750000 3.500000
v 0.750000 0.750000 3.625000
v 0.250000 0.750000 3.625000
v -4.000000 0.250000 -2.000000
v -5.000000 0.250000 -2.000000
v -5.000000 0.000000 -2.000000
v -4.000000 0.000000 -2.000000
v -5.000000 0.250000 1.000000
v -4.000000 0.250000 1.000000
v -4.000000 0.000000 1.000000
v -5.000000 0.000000 1.000000
v -5.000000 0.250000 -2.000000
v -5.000000 0.250000 1.000000
v -5.000000 0.000000 1.000000
v -5.000000 0.000000 -2.000000
v -4.000000 0.250000 1.000000
v -4.000000 0.250000 -2.000000
v -4.000000 0.000000 -2.000000
v -4.000000 0.000000 1.000000
v -5.000000 0.250000 -2.000000
v -4.000000 0.250000 -2.000000
v -4.000000 0.250000 1.000000
v -5.000000 0.250000 1.000000
v -4.375000 0.500000 -1.875000
v -5.000000 0.500000 -1.875000
v -5.000000 0.250000 -1.875000
v -4.375000 0.250000 -1.875000
v -5.000000 0.500000 0.875000
v -4.375000 0.500000 0.875000
v -4.375000 0.250000 0.875000
v -5.000000 0.250000 0.875000
v -5.000000 0.500000 -1.875000
v -5.000000 0.500000 0.875000
v -5.000000 0.250000 0.875000
v -5.000000 0.250000 -1.875000
v -4.375000 0.500000 0.875000
v -4.375000 0.500000 -1.875000
v -4.375000 0.250000 -1.875000
v -4.375000 0.250000 0.875000
v -5.000000 0.500000 -1.875000
v -4.375000 0.500000 -1.875000
v -4.375000 0.500000 0.875000
v -5.000000 0.500000 0.875000
v -5.000000 0.250000 0.875000
v -4.375000 0.250000 0.875000
v -4.375000 0.250000 -1.875000
v -5.000000 0.250000 -1.875000
v -4.000000 0.875000 -1.875000
v -4.375000 0.875000 -1.875000
v -4.375000 0.250000 -1.875000
v -4.000000 0.250000 -1.875000
v -4.375000 0.875000 0.875000
v -4.000000 0.875000 0.875000
v -4.000000 0.250000 0.875000
v -4.375000 0.250000 0.875000
v -4.375000 0.875000 -1.875000
v -4.375000 0.875000 0.875000
v -4.375000 0.250000 0.875000
v -4.375000 0.250000 -1.875000
v -4.000000 0.875000 0.875000
v -4.000000 0.875000 -1.875000
v -4.000000 0.250000 -1.875000
v -4.000000 0.250000 0.875000
v -4.375000 0.875000 -1.875000
v -4.000000 0.875000 -1.875000
v -4.000000 0.875000 0.875000
v -4.375000 0.875000 0.875000
v -4.375000 0.250000 0.875000
v -4.000000 0.250000 0.875000
v -4.000000 0.250000 -1.875000
v -4.375000 0.250000 -1.875000
v -4.000000 0.875000 -2.000000
v -5.000000 0.875000 -2.000000
v -5.000000 0.250000 -2.000000
v -4.000000 0.250000 -2.000000
v -5.000000 0.875000 -1.875000
v -4.000000 0.875000 -1.875000
v -4.000000 0.250000 -1.875000
v -5.000000 0.250000 -1.875000
v -5.000000 0.875000 -2.000000
v -5.000000 0.875000 -1.875000
v -5.000000 0.250000 -1.875000
v -5.000000 0.250000 -2.000000
v -4.000000 0.875000 -1.875000
v -4.000000 0.875000 -2.000000
v -4.000000 0.250000 -2.000000
v -4.000000 0.250000 -1.875000
v -5.000000 0.875000 -2.000000
v -4.000000 0.875000 -2.000000
v -4.000000 0.875000 -1.875000
v -5.000000 0.875000 -1.875000
v -5.000000 0.250000 -1.875000
v -4.000000 0.250000 -1.875000
v -4.000000 0.250000 -2.000000
v -5.000000 0.250000 -2.000000
v -4.000000 0.875000 0.875000
v -5.000000 0.875000 0.875000
v -5.000000 0.250000 0.875000
v -4.000000 0.250000 0.875000
v -5.000000 0.875000 1.000000
v -4.000000 0.875000 1.000000
v -4.000000 0.250000 1.000000
v -5.000000 0.250000 1.000000
v -5.000000 0.875000 0.875000
v -5.000000 0.875000 1.000000
v -5.000000 0.250000 1.000000
v -5.000000 0.250000 0.875000
v -4.000000 0.875000 1.000000
v -4.000000 0.875000 0.875000
v -4.000000 0.250000 0.875000
v -4.000000 0.250000 1.000000
v -5.000000 0.875000 0.875000
v -4.000000 0.875000 0.875000
v -4.000000 0.875000 1.000000
v -5.000000 0.875000 1.000000
v -5.000000 0.250000 1.000000
v -4.000000 0.250000 1.000000
v -4.000000 0.250000 0.875000
v -5.000000 0.250000 0.875000
v -4.968750 0.875000 -1.875000
v -4.968750 0.875000 0.875000
v -4.968750 0.500000 0.875000
v -4.968750 0.500000 -1.875000
v -4.937500 0.875000 0.875000
v -4.937500 0.875000 -1.875000
v -4.937500 0.500000 -1.875000
v -4.937500 0.500000 0.875000
v -4.875000 0.875000 -1.875000
v -5.000000 0.875000 -1.875000
v -5.000000 0.500000 -1.875000
v -4.875000 0.500000 -1.875000
v -5.000000 0.875000 -1.750000
v -4.875000 0.875000 -1.750000
v -4.875000 0.500000 -1.750000
v -5.000000 0.500000 -1.750000
v -5.000000 0.875000 -1.875000
v -5.000000 0.875000 -1.750000
v -5.000000 0.500000 -1.750000
v -5.000000 0.500000 -1.875000
v -4.875000 0.875000 -1.750000
v -4.875000 0.875000 -1.875000
v -4.875000 0.500000 -1.875000
v -4.875000 0.500000 -1.750000
v -5.000000 0.875000 -1.875000
v -4.875000 0.875000 -1.875000
v -4.875000 0.875000 -1.750000
v -5.000000 0.875000 -1.750000
v -5.000000 0.500000 -1.750000
v -4.875000 0.500000 -1.750000
v -4.875000 0.500000 -1.875000
v -5.000000 0.500000 -1.875000
v -4.875000 0.875000 -0.562500
v -5.000000 0.875000 -0.562500
v -5.000000 0.500000 -0.562500
v -4.875000 0.500000 -0.562500
v -5.000000 0.875000 -0.437500
v -4.875000 0.875000 -0.437500
v -4.875000 0.500000 -0.437500
v -5.000000 0.500000 -0.437500
v -5.000000 0.875000 -0.562500
v -5.000000 0.875000 -0.437500
v -5.000000 0.500000 -0.437500
v -5.000000 0.500000 -0.562500
v -4.875000 0.875000 -0.437500
v -4.875000 0.875000 -0.562500
v -4.875000 0.500000 -0.562500
v -4.875000 0.500000 -0.437500
v -5.000000 0.875000 -0.562500
v -4.875000 0.875000 -0.562500
v -4.875000 0.875000 -0.437500
v -5.000000 0.875000 -0.437500
v -5.000000 0.500000 -0.437500
v -4.875000 0.500000 -0.437500
v -4.875000 0.500000 -0.562500
v -5.000000 0.500000 -0.562500
v -4.875000 0.875000 0.750000
v -5.000000 0.875000 0.750000
v -5.000000 0.500000 0.750000
v -4.875000 0.500000 0.750000
v -5.000000 0.875000 0.875000
v -4.875000 0.875000 0.875000
v -4.875000 0.500000 0.875000
v -5.000000 0.500000 0.875000
v -5.000000 0.875000 0.750000
v -5.000000 0.875000 0.875000
v -5.000000 0.500000 0.875000
v -5.000000 0.500000 0.750000
v -4.875000 0.875000 0.875000
v -4.875000 0.875000 0.750000
v -4.875000 0.500000 0.750000
v -4.875000 0.500000 0.875000
v -5.000000 0.875000 0.750000
v -4.875000 0.875000 0.750000
v -4.875000 0.875000 0.875000
v -5.000000 0.875000 0.875000
v -5.000000 0.500000 0.875000
v -4.875000 0.500000 0.875000
v -4.875000 0.500000 0.750000
v -5.000000 0.500000 0.750000
v -4.000000 1.000000 -2.000000
v -5.000000 1.000000 -2.000000
v -5.000000 0.875000 -2.000000
v -4.000000 0.875000 -2.000000
v -5.000000 1.000000 1.000000
v -4.000000 1.000000 1.000000
v -4.000000 0.875000 1.000000
v -5.000000 0.875000 1.000000
v -5.000000 1.000000 -2.000000
v -5.000000 1.000000 1.000000
v -5.000000 0.875000 1.000000
v -5.000000 0.875000 -2.000000
v -4.000000 1.000000 1.000000
v -4.000000 1.000000 -2.000000
v -4.000000 0.875000 -2.000000
v -4.000000 0.875000 1.000000
v -5.000000 1.000000 -2.000000
v -4.000000 1.000000 -2.000000
v -4.000000 1.000000 1.000000
v -5.000000 1.000000 1.000000
v -5.000000 0.875000 1.000000
v -4.000000 0.875000 1.000000
v -4.000000 0.875000 -2.000000
v -5.000000 0.875000 -2.000000
v -4.375000 1.062500 -0.625000
v -4.625000 1.062500 -0.625000
v -4.625000 1.000000 -0.625000
v -4.375000 1.000000 -0.625000
v -4.625000 1.062500 -0.375000
v -4.375000 1.062500 -0.375000
v -4.375000 1.000000 -0.375000
v -4.625000 1.000000 -0.375000
v -4.625000 1.062500 -0.625000
v -4.625000 1.062500 -0.375000
v -4.625000 1.000000 -0.375000
v -4.625000 1.000000 -0.625000
v -4.375000 1.062500 -0.375000
v -4.375000 1.062500 -0.625000
v -4.375000 1.000000 -0.625000
v -4.375000 1.000000 -0.375000
v -4.625000 1.062500 -0.625000
v -4.375000 1.062500 -0.625000
v -4.375000 1.062500 -0.375000
v -4.625000 1.062500 -0.375000
v 1.000000 1.250000 -1.000000
v 0.000000 1.250000 -1.000000
v 0.000000 1.000000 -1.000000
v 1.000000 1.000000 -1.000000
v 0.000000 1.250000 0.000000
v 1.000000 1.250000 0.000000
v 1.000000 1.000000 0.000000
v 0.000000 1.000000 0.000000
v 0.000000 1.250000 -1.000000
v 0.000000 1.250000 0.000000
v 0.000000 1.000000 0.000000
v 0.000000 1.000000 -1.000000
v 1.000000 1.250000 0.000000
v 1.000000 1.250000 -1.000000
v 1.000000 1.000000 -1.000000
v 1.000000 1.000000 0.000000
v 0.000000 1.250000 -1.000000
v 1.000000 1.250000 -1.000000
v 1.000000 1.250000 0.000000
v 0.000000 1.250000 0.000000
v 0.000000 1.000000 0.000000
v 1.000000 1.000000 0.000000
v 1.000000 1.000000 -1.000000
v 0.000000 1.000000 -1.000000
v 0.812500 3.000000 -0.812500
v 0.187500 3.000000 -0.812500
v 0.187500 1.250000 -0.812500
v 0.812500 1.250000 -0.812500
v 0.187500 3.000000 -0.187500
v 0.812500 3.000000 -0.187500
v 0.812500 1.250000 -0.187500
v 0.187500 1.250000 -0.187500
v 0.187500 3.000000 -0.812500
v 0.187500 3.000000 -0.187500
v 0.187500 1.250000 -0.187500
v 0.187500 1.250000 -0.812500
v 0.812500 3.000000 -0.187500
v 0.812500 3.000000 -0.812500
v 0.812500 1.250000 -0.812500
v 0.812500 1.250000 -0.187500
v 1.000000 3.250000 -1.000000
v 0.000000 3.250000 -1.000000
v 0.000000 3.000000 -1.000000
v 1.000000 3.000000 -1.000000
v 0.000000 3.250000 0.000000
v 1.000000 3.250000 0.000000
v 1.000000 3.000000 0.000000
v 0.000000 3.000000 0.000000
v 0.000000 3.250000 -1.000000
v 0.000000 3.250000 0.000000
v 0.000000 3.000000 0.000000
v 0.000000 3.000000 -1.000000
v 1.000000 3.250000 0.000000
v 1.000000 3.250000 -1.000000
v 1.000000 3.000000 -1.000000
v 1.000000 3.000000 0.000000
v 0.000000 3.250000 -1.000000
v 1.000000 3.250000 -1.000000
v 1.000000 3.250000 0.000000
v 0.000000 3.250000 0.000000
v 0.000000 3.000000 0.000000
v 1.000000 3.000000 0.000000
v 1.000000 3.000000 -1.000000
v 0.000000 3.000000 -1.000000
v 0.812500 5.000000 -0.812500
v 0.187500 5.000000 -0.812500
v 0.187500 3.250000 -0.812500
v 0.812500 3.250000 -0.812500
v 0.187500 5.000000 -0.187500
v 0.812500 5.000000 -0.187500
v 0.812500 3.250000 -0.187500
v 0.187500 3.250000 -0.187500
v 0.187500 5.000000 -0.812500
v 0.187500 5.000000 -0.187500
v 0.187500 3.250000 -0.187500
v 0.187500 3.250000 -0.812500
v 0.812500 5.000000 -0.187500
v 0.812500 5.000000 -0.812500
v 0.812500 3.250000 -0.812500
v 0.812500 3.250000 -0.187500
v 1.000000 5.250000 -1.000000
v 0.000000 5.250000 -1.000000
v 0.000000 5.000000 -1.000000
v 1.000000 5.000000 -1.000000
v 0.000000 5.250000 0.000000
v 1.000000 5.250000 0.000000
v 1.000000 5.000000 0.000000
v 0.000000 5.000000 0.000000
v 0.000000 5.250000 -1.000000
v 0.000000 5.250000 0.000000
v 0.000000 5.000000 0.000000
v 0.000000 5.000000 -1.000000
v 1.000000 5.250000 0.000000
v 1.000000 5.250000 -1.000000
v 1.000000 5.000000 -1.000000
v 1.000000 5.000000 0.000000
v 0.000000 5.250000 -1.000000
v 1.000000 5.250000 -1.000000
v 1.000000 5.250000 0.000000
v 0.000000 5.250000 0.000000
v 0.000000 5.000000 0.000000
v 1.000000 5.000000 0.000000
v 1.000000 5.000000 -1.000000
v 0.000000 5.000000 -1.000000
v 0.812500 7.000000 -0.812500
v 0.187500 7.000000 -0.812500
v 0.187500 5.250000 -0.812500
v 0.812500 5.250000 -0.812500
v 0.187500 7.000000 -0.187500
v 0.812500 7.000000 -0.187500
v 0.812500 5.250000 -0.187500
v 0.187500 5.250000 -0.187500
v 0.187500 7.000000 -0.812500
v 0.187500 7.000000 -0.187500
v 0.187500 5.250000 -0.187500
v 0.187500 5.250000 -0.812500
v 0.812500 7.000000 -0.187500
v 0.812500 7.000000 -0.812500
v 0.812500 5.250000 -0.812500
v 0.812500 5.250000 -0.187500
v 1.000000 7.250000 -1.000000
v 0.000000 7.250000 -1.000000
v 0.000000 7.000000 -1.000000
v 1.000000 7.000000 -1.000000
v 0.000000 7.250000 0.000000
v 1.000000 7.250000 0.000000
v 1.000000 7.000000 0.000000
v 0.000000 7.000000 0.000000
v 0.000000 7.250000 -1.000000
v 0.000000 7.250000 0.000000
v 0.000000 7.000000 0.000000
v 0.000000 7.000000 -1.000000
v 1.000000 7.250000 0.000000
v 1.000000 7.250000 -1.000000
v 1.000000 7.000000 -1.000000
v 1.000000 7.000000 0.000000
v 0.000000 7.250000 -1.000000
v 1.000000 7.250000 -1.000000
v 1.000000 7.250000 0.000000
v 0.000000 7.250000 0.000000
v 0.000000 7.000000 0.000000
v 1.000000 7.000000 0.000000
v 1.000000 7.000000 -1.000000
v 0.000000 7.000000 -1.000000
v 0.812500 9.000000 -0.812500
v 0.187500 9.000000 -0.812500
v 0.187500 7.250000 -0.812500
v 0.812500 7.250000 -0.812500
v 0.187500 9.000000 -0.187500
v 0.812500 9.000000 -0.187500
v 0.812500 7.250000 -0.187500
v 0.187500 7.250000 -0.187500
v 0.187500 9.000000 -0.812500
v 0.187500 9.000000 -0.187500
v 0.187500 7.250000 -0.187500
v 0.187500 7.250000 -0.812500
v 0.812500 9.000000 -0.187500
v 0.812500 9.000000 -0.812500
v 0.812500 7.250000 -0.812500
v 0.812500 7.250000 -0.187500
v 1.000000 9.250000 -1.000000
v 0.000000 9.250000 -1.000000
v 0.000000 9.000000 -1.000000
v 1.000000 9.000000 -1.000000
v 0.000000 9.250000 0.000000
v 1.000000 9.250000 0.000000
v 1.000000 9.000000 0.000000
v 0.000000 9.000000 0.000000
v 0.000000 9.250000 -1.000000
v 0.000000 9.250000 0.000000
v 0.000000 9.000000 0.000000
v 0.000000 9.000000 -1.000000
v 1.000000 9.250000 0.000000
v 1.000000 9.250000 -1.000000
v 1.000000 9.000000 -1.000000
v 1.000000 9.000000 0.000000
v 0.000000 9.250000 -1.000000
v 1.000000 9.250000 -1.000000
v 1.000000 9.250000 0.000000
v 0.000000 9.250000 0.000000
v 0.000000 9.000000 0.000000
v 1.000000 9.000000 0.000000
v 1.000000 9.000000 -1.000000
v 0.000000 9.000000 -1.000000
v 0.812500 11.000000 -0.812500
v 0.187500 11.000000 -0.812500
v 0.187500 9.250000 -0.812500
v 0.812500 9.250000 -0.812500
v 0.187500 11.000000 -0.187500
v 0.812500 11.000000 -0.187500
v 0.812500 9.250000 -0.187500
v 0.187500 9.250000 -0.187500
v 0.187500 11.000000 -0.812500
v 0.187500 11.000000 -0.187500
v 0.187500 9.250000 -0.187500
v 0.187500 9.250000 -0.812500
v 0.812500 11.000000 -0.187500
v 0.812500 11.000000 -0.812500
v 0.812500 9.250000 -0.812500
v 0.812500 9.250000 -0.187500
v 1.000000 11.250000 -1.000000
v 0.000000 11.250000 -1.000000
v 0.000000 11.000000 -1.000000
v 1.000000 11.000000 -1.000000
v 0.000000 11.250000 0.000000
v 1.000000 11.250000 0.000000
v 1.000000 11.000000 0.000000
v 0.000000 11.000000 0.000000
v 0.000000 11.250000 -1.000000
v 0.000000 11.250000 0.000000
v 0.000000 11.000000 0.000000
v 0.000000 11.000000 -1.000000
v 1.000000 11.250000 0.000000
v 1.000000 11.250000 -1.000000
v 1.000000 11.000000 -1.000000
v 1.000000 11.000000 0.000000
v 0.000000 11.250000 -1.000000
v 1.000000 11.250000 -1.000000
v 1.000000 11.250000 0.000000
v 0.000000 11.250000 0.000000
v 0.000000 11.000000 0.000000
v 1.000000 11.000000 0.000000
v 1.000000 11.000000 -1.000000
v 0.000000 11.000000 -1.000000
v 0.812500 13.000000 -0.812500
v 0.187500 13.000000 -0.812500
v 0.187500 11.250000 -0.812500
v 0.812500 11.250000 -0.812500
v 0.187500 13.000000 -0.187500
v 0.812500 13.000000 -0.187500
v 0.812500 11.250000 -0.187500
v 0.187500 11.250000 -0.187500
v 0.187500 13.000000 -0.812500
v 0.187500 13.000000 -0.187500
v 0.187500 11.250000 -0.187500
v 0.187500 11.250000 -0.812500
v 0.812500 13.000000 -0.187500
v 0.812500 13.000000 -0.812500
v 0.812500 11.250000 -0.812500
v 0.812500 11.250000 -0.187500
v 1.000000 13.250000 -1.000000
v 0.000000 13.250000 -1.000000
v 0.000000 13.000000 -1.000000
v 1.000000 13.000000 -1.000000
v 0.000000 13.250000 0.000000
v 1.000000 13.250000 0.000000
v 1.000000 13.000000 0.000000
v 0.000000 13.000000 0.000000
v 0.000000 13.250000 -1.000000
v 0.000000 13.250000 0.000000
v 0.000000 13.000000 0.000000
v 0.000000 13.000000 -1.000000
v 1.000000 13.250000 0.000000
v 1.000000 13.250000 -1.000000
v 1.000000 13.000000 -1.000000
v 1.000000 13.000000 0.000000
v 0.000000 13.250000 -1.000000
v 1.000000 13.250000 -1.000000
v 1.000000 13.250000 0.000000
v 0.000000 13.250000 0.000000
v 0.000000 13.000000 0.000000
v 1.000000 13.000000 0.000000
v 1.000000 13.000000 -1.000000
v 0.000000 13.000000 -1.000000
v 0.812500 15.000000 -0.812500
v 0.187500 15.000000 -0.812500
v 0.187500 13.250000 -0.812500
v 0.812500 13.250000 -0.812500
v 0.187500 15.000000 -0.187500
v 0.812500 15.000000 -0.187500
v 0.812500 13.250000 -0.187500
v 0.187500 13.250000 -0.187500
v 0.187500 15.000000 -0.812500
v 0.187500 15.000000 -0.187500
v 0.187500 13.250000 -0.187500
v 0.187500 13.250000 -0.812500
v 0.812500 15.000000 -0.187500
v 0.812500 15.000000 -0.812500
v 0.812500 13.250000 -0.812500
v 0.812500 13.250000 -0.187500
v 1.000000 15.250000 -1.000000
v 0.000000 15.250000 -1.000000
v 0.000000 15.000000 -1.000000
v 1.000000 15.000000 -1.000000
v 0.000000 15.250000 0.000000
v 1.000000 15.250000 0.000000
v 1.000000 15.000000 0.000000
v 0.000000 15.000000 0.000000
v 0.000000 15.250000 -1.000000
v 0.000000 15.250000 0.000000
v 0.000000 15.000000 0.000000
v 0.000000 15.000000 -1.000000
v 1.000000 15.250000 0.000000
v 1.000000 15.250000 -1.000000
v 1.000000 15.000000 -1.000000
v 1.000000 15.000000 0.000000
v 0.000000 15.250000 -1.000000
v 1.000000 15.250000 -1.000000
v 1.000000 15.250000 0.000000
v 0.000000 15.250000 0.000000
v 0.000000 15.000000 0.000000
v 1.000000 15.000000 0.000000
v 1.000000 15.000000 -1.000000
v 0.000000 15.000000 -1.000000
v 0.812500 17.000000 -0.812500
v 0.187500 17.000000 -0.812500
v 0.187500 15.250000 -0.812500
v 0.812500 15.250000 -0.812500
v 0.187500 17.000000 -0.187500
v 0.812500 17.000000 -0.187500
v 0.812500 15.250000 -0.187500
v 0.187500 15.250000 -0.187500
v 0.187500 17.000000 -0.812500
v 0.187500 17.000000 -0.187500
v 0.187500 15.250000 -0.187500
v 0.187500 15.250000 -0.812500
v 0.812500 17.000000 -0.187500
v 0.812500 17.000000 -0.812500
v 0.812500 15.250000 -0.812500
v 0.812500 15.250000 -0.187500
v 1.000000 17.250000 -1.000000
v 0.000000 17.250000 -1.000000
v 0.000000 17.000000 -1.000000
v 1.000000 17.000000 -1.000000
v 0.000000 17.250000 0.000000
v 1.000000 17.250000 0.000000
v 1.000000 17.000000 0.000000
v 0.000000 17.000000 0.000000
v 0.000000 17.250000 -1.000000
v 0.000000 17.250000 0.000000
v 0.000000 17.000000 0.000000
v 0.000000 17.000000 -1.000000
v 1.000000 17.250000 0.000000
v 1.000000 17.250000 -1.000000
v 1.000000 17.000000 -1.000000
v 1.000000 17.000000 0.000000
v 0.000000 17.250000 -1.000000
v 1.000000 17.250000 -1.000000
v 1.000000 17.250000 0.000000
v 0.000000 17.250000 0.000000
v 0.000000 17.000000 0.000000
v 1.000000 17.000000 0.000000
v 1.000000 17.000000 -1.000000
v 0.000000 17.000000 -1.000000
v 0.812500 19.000000 -0.812500
v 0.187500 19.000000 -0.812500
v 0.187500 17.250000 -0.812500
v 0.812500 17.250000 -0.812500
v 0.187500 19.000000 -0.187500
v 0.812500 19.000000 -0.187500
v 0.812500 17.250000 -0.187500
v 0.187500 17.250000 -0.187500
v 0.187500 19.000000 -0.812500
v 0.187500 19.000000 -0.187500
v 0.187500 17.250000 -0.187500
v 0.187500 17.250000 -0.812500
v 0.812500 19.000000 -0.187500
v 0.812500 19.000000 -0.812500
v 0.812500 17.250000 -0.812500
v 0.812500 17.250000 -0.187500
v 1.000000 19.250000 -1.000000
v 0.000000 19.250000 -1.000000
v 0.000000 19.000000 -1.000000
v 1.000000 19.000000 -1.000000
v 0.000000 19.250000 0.000000
v 1.000000 19.250000 0.000000
v 1.000000 19.000000 0.000000
v 0.000000 19.000000 0.000000
v 0.000000 19.250000 -1.000000
v 0.000000 19.250000 0.000000
v 0.000000 19.000000 0.000000
v 0.000000 19.000000 -1.000000
v 1.000000 19.250000 0.000000
v 1.000000 19.250000 -1.000000
v 1.000000 19.000000 -1.000000
v 1.000000 19.000000 0.000000
v 0.000000 19.250000 -1.000000
v 1.000000 19.250000 -1.000000
v 1.000000 19.250000 0.000000
v 0.000000 19.250000 0.000000
v 0.000000 19.000000 0.000000
v 1.000000 19.000000 0.000000
v 1.000000 19.000000 -1.000000
v 0.000000 19.000000 -1.000000
v 0.812500 21.000000 -0.812500
v 0.187500 21.000000 -0.812500
v 0.187500 19.250000 -0.812500
v 0.812500 19.250000 -0.812500
v 0.187500 21.000000 -0.187500
v 0.812500 21.000000 -0.187500
v 0.812500 19.250000 -0.187500
v 0.187500 19.250000 -0.187500
v 0.187500 21.000000 -0.812500
v 0.187500 21.000000 -0.187500
v 0.187500 19.250000 -0.187500
v 0.187500 19.250000 -0.812500
v 0.812500 21.000000 -0.187500
v 0.812500 21.000000 -0.812500
v 0.812500 19.250000 -0.812500
v 0.812500 19.250000 -0.187500
v 1.000000 21.250000 -1.000000
v 0.000000 21.250000 -1.000000
v 0.000000 21.000000 -1.000000
v 1.000000 21.000000 -1.000000
v 0.000000 21.250000 0.000000
v 1.000000 21.250000 0.000000
v 1.000000 21.000000 0.000000
v 0.000000 21.000000 0.000000
v 0.000000 21.250000 -1.000000
v 0.000000 21.250000 0.000000
v 0.000000 21.000000 0.000000
v 0.000000 21.000000 -1.000000
v 1.000000 21.250000 0.000000
v 1.000000 21.250000 -1.000000
v 1.000000 21.000000 -1.000000
v 1.000000 21.000000 0.000000
v 0.000000 21.250000 -1.000000
v 1.000000 21.250000 -1.000000
v 1.000000 21.250000 0.000000
v 0.000000 21.250000 0.000000
v 0.000000 21.000000 0.000000
v 1.000000 21.000000 0.000000
v 1.000000 21.000000 -1.000000
v 0.000000 21.000000 -1.000000
v 0.812500 23.000000 -0.812500
v 0.187500 23.000000 -0.812500
v 0.187500 21.250000 -0.812500
v 0.812500 21.250000 -0.812500
v 0.187500 23.000000 -0.187500
v 0.812500 23.000000 -0.187500
v 0.812500 21.250000 -0.187500
v 0.187500 21.250000 -0.187500
v 0.187500 23.000000 -0.812500
v 0.187500 23.000000 -0.187500
v 0.187500 21.250000 -0.187500
v 0.187500 21.250000 -0.812500
v 0.812500 23.000000 -0.187500
v 0.812500 23.000000 -0.812500
v 0.812500 21.250000 -0.812500
v 0.812500 21.250000 -0.187500
v 1.000000 23.250000 -1.000000
v 0.000000 23.250000 -1.000000
v 0.000000 23.000000 -1.000000
v 1.000000 23.000000 -1.000000
v 0.000000 23.250000 0.000000
v 1.000000 23.250000 0.000000
v 1.000000 23.000000 0.000000
v 0.000000 23.000000 0.000000
v 0.000000 23.250000 -1.000000
v 0.000000 23.250000 0.000000
v 0.000000 23.000000 0.000000
v 0.000000 23.000000 -1.000000
v 1.000000 23.250000 0.000000
v 1.000000 23.250000 -1.000000
v 1.000000 23.000000 -1.000000
v 1.000000 23.000000 0.000000
v 0.000000 23.250000 -1.000000
v 1.000000 23.250000 -1.000000
v 1.000000 23.250000 0.000000
v 0.000000 23.250000 0.000000
v 0.000000 23.000000 0.000000
v 1.000000 23.000000 0.000000
v 1.000000 23.000000 -1.000000
v 0.000000 23.000000 -1.000000
v 0.812500 25.000000 -0.812500
v 0.187500 25.000000 -0.812500
v 0.187500 23.250000 -0.812500
v 0.812500 23.250000 -0.812500
v 0.187500 25.000000 -0.187500
v 0.812500 25.000000 -0.187500
v 0.812500 23.250000 -0.187500
v 0.187500 23.250000 -0.187500
v 0.187500 25.000000 -0.812500
v 0.187500 25.000000 -0.187500
v 0.187500 23.250000 -0.187500
v 0.187500 23.250000 -0.812500
v 0.812500 25.000000 -0.187500
v 0.812500 25.000000 -0.812500
v 0.812500 23.250000 -0.812500
v 0.812500 23.250000 -0.187500
v 1.000000 25.250000 -1.000000
v 0.000000 25.250000 -1.000000
v 0.000000 25.000000 -1.000000
v 1.000000 25.000000 -1.000000
v 0.000000 25.250000 0.000000
v 1.000000 25.250000 0.000000
v 1.000000 25.000000 0.000000
v 0.000000 25.000000 0.000000
v 0.000000 25.250000 -1.000000
v 0.000000 25.250000 0.000000
v 0.000000 25.000000 0.000000
v 0.000000 25.000000 -1.000000
v 1.000000 25.250000 0.000000
v 1.000000 25.250000 -1.000000
v 1.000000 25.000000 -1.000000
v 1.000000 25.000000 0.000000
v 0.000000 25.250000 -1.000000
v 1.000000 25.250000 -1.000000
v 1.000000 25.250000 0.000000
v 0.000000 25.250000 0.000000
v 0.000000 25.000000 0.000000
v 1.000000 25.000000 0.000000
v 1.000000 25.000000 -1.000000
v 0.000000 25.000000 -1.000000
v 0.812500 27.000000 -0.812500
v 0.187500 27.000000 -0.812500
v 0.187500 25.250000 -0.812500
v 0.812500 25.250000 -0.812500
v 0.187500 27.000000 -0.187500
v 0.812500 27.000000 -0.187500
v 0.812500 25.250000 -0.187500
v 0.187500 25.250000 -0.187500
v 0.187500 27.000000 -0.812500
v 0.187500 27.000000 -0.187500
v 0.187500 25.250000 -0.187500
v 0.187500 25.250000 -0.812500
v 0.812500 27.000000 -0.187500
v 0.812500 27.000000 -0.812500
v 0.812500 25.250000 -0.812500
v 0.812500 25.250000 -0.187500
v 1.000000 27.250000 -1.000000
v 0.000000 27.250000 -1.000000
v 0.000000 27.000000 -1.000000
v 1.000000 27.000000 -1.000000
v 0.000000 27.250000 0.000000
v 1.000000 27.250000 0.000000
v 1.000000 27.000000 0.000000
v 0.000000 27.000000 0.000000
v 0.000000 27.250000 -1.000000
v 0.000000 27.250000 0.000000
v 0.000000 27.000000 0.000000
v 0.000000 27.000000 -1.000000
v 1.000000 27.250000 0.000000
v 1.000000 27.250000 -1.000000
v 1.000000 27.000000 -1.000000
v 1.000000 27.000000 0.000000
v 0.000000 27.250000 -1.000000
v 1.000000 27.250000 -1.000000
v 1.000000 27.250000 0.000000
v 0.000000 27.250000 0.000000
v 0.000000 27.000000 0.000000
v 1.000000 27.000000 0.000000
v 1.000000 27.000000 -1.000000
v 0.000000 27.000000 -1.000000
v 0.812500 29.000000 -0.812500
v 0.187500 29.000000 -0.812500
v 0.187500 27.250000 -0.812500
v 0.812500 27.250000 -0.812500
v 0.187500 29.000000 -0.187500
v 0.812500 29.000000 -0.187500
v 0.812500 27.250000 -0.187500
v 0.187500 27.250000 -0.187500
v 0.187500 29.000000 -0.812500
v 0.187500 29.000000 -0.187500
v 0.187500 27.250000 -0.187500
v 0.187500 27.250000 -0.812500
v 0.812500 29.000000 -0.187500
v 0.812500 29.000000 -0.812500
v 0.812500 27.250000 -0.812500
v 0.812500 27.250000 -0.187500
v 1.000000 29.250000 -1.000000
v 0.000000 29.250000 -1.000000
v 0.000000 29.000000 -1.000000
v 1.000000 29.000000 -1.000000
v 0.000000 29.250000 0.000000
v 1.000000 29.250000 0.000000
v 1.000000 29.000000 0.000000
v 0.000000 29.000000 0.000000
v 0.000000 29.250000 -1.000000
v 0.000000 29.250000 0.000000
v 0.000000 29.000000 0.000000
v 0.000000 29.000000 -1.000000
v 1.000000 29.250000 0.000000
v 1.000000 29.250000 -1.000000
v 1.000000 29.000000 -1.000000
v 1.000000 29.000000 0.000000
v 0.000000 29.250000 -1.000000
v 1.000000 29.250000 -1.000000
v 1.000000 29.250000 0.000000
v 0.000000 29.250000 0.000000
v 0.000000 29.000000 0.000000
v 1.000000 29.000000 0.000000
v 1.000000 29.000000 -1.000000
v 0.000000 29.000000 -1.000000
v 0.812500 31.000000 -0.812500
v 0.187500 31.000000 -0.812500
v 0.187500 29.250000 -0.812500
v 0.812500 29.250000 -0.812500
v 0.187500 31.000000 -0.187500
v 0.812500 31.000000 -0.187500
v 0.812500 29.250000 -0.187500
v 0.187500 29.250000 -0.187500
v 0.187500 31.000000 -0.812500
v 0.187500 31.000000 -0.187500
v 0.187500 29.250000 -0.187500
v 0.187500 29.250000 -0.812500
v 0.812500 31.000000 -0.187500
v 0.812500 31.000000 -0.812500
v 0.812500 29.250000 -0.812500
v 0.812500 29.250000 -0.187500
v 1.000000 31.250000 -1.000000
v 0.000000 31.250000 -1.000000
v 0.000000 31.000000 -1.000000
v 1.000000 31.000000 -1.000000
v 0.000000 31.250000 0.000000
v 1.000000 31.250000 0.000000
v 1.000000 31.000000 0.000000
v 0.000000 31.000000 0.000000
v 0.000000 31.250000 -1.000000
v 0.000000 31.250000 0.000000
v 0.000000 31.000000 0.000000
v 0.000000 31.000000 -1.000000
v 1.000000 31.250000 0.000000
v 1.000000 31.250000 -1.000000
v 1.000000 31.000000 -1.000000
v 1.000000 31.000000 0.000000
v 0.000000 31.250000 -1.000000
v 1.000000 31.250000 -1.000000
v 1.000000 31.250000 0.000000
v 0.000000 31.250000 0.000000
v 0.000000 31.000000 0.000000
v 1.000000 31.000000 0.000000
v 1.000000 31.000000 -1.000000
v 0.000000 31.000000 -1.000000
v 0.812500 33.000000 -0.812500
v 0.187500 33.000000 -0.812500
v 0.187500 31.250000 -0.812500
v 0.812500 31.250000 -0.812500
v 0.187500 33.000000 -0.187500
v 0.812500 33.000000 -0.187500
v 0.812500 31.250000 -0.187500
v 0.187500 31.250000 -0.187500
v 0.187500 33.000000 -0.812500
v 0.187500 33.000000 -0.187500
v 0.187500 31.250000 -0.187500
v 0.187500 31.250000 -0.812500
v 0.812500 33.000000 -0.187500
v 0.812500 33.000000 -0.812500
v 0.812500 31.250000 -0.812500
v 0.812500 31.250000 -0.187500
v 1.000000 33.250000 -1.000000
v 0.000000 33.250000 -1.000000
v 0.000000 33.000000 -1.000000
v 1.000000 33.000000 -1.000000
v 0.000000 33.250000 0.000000
v 1.000000 33.250000 0.000000
v 1.000000 33.000000 0.000000
v 0.000000 33.000000 0.000000
v 0.000000 33.250000 -1.000000
v 0.000000 33.250000 0.000000
v 0.000000 33.000000 0.000000
v 0.000000 33.000000 -1.000000
v 1.000000 33.250000 0.000000
v 1.000000 33.250000 -1.000000
v 1.000000 33.000000 -1.000000
v 1.000000 33.000000 0.000000
v 0.000000 33.250000 -1.000000
v 1.000000 33.250000 -1.000000
v 1.000000 33.250000 0.000000
v 0.000000 33.250000 0.000000
v 0.000000 33.000000 0.000000
v 1.000000 33.000000 0.000000
v 1.000000 33.000000 -1.000000
v 0.000000 33.000000 -1.000000
v 0.812500 35.000000 -0.812500
v 0.187500 35.000000 -0.812500
v 0.187500 33.250000 -0.812500
v 0.812500 33.250000 -0.812500
v 0.187500 35.000000 -0.187500
v 0.812500 35.000000 -0.187500
v 0.812500 33.250000 -0.187500
v 0.187500 33.250000 -0.187500
v 0.187500 35.000000 -0.812500
v 0.187500 35.000000 -0.187500
v 0.187500 33.250000 -0.187500
v 0.187500 33.250000 -0.812500
v 0.812500 35.000000 -0.187500
v 0.812500 35.000000 -0.812500
v 0.812500 33.250000 -0.812500
v 0.812500 33.250000 -0.187500
v 1.000000 35.250000 -1.000000
v 0.000000 35.250000 -1.000000
v 0.000000 35.000000 -1.000000
v 1.000000 35.000000 -1.000000
v 0.000000 35.250000 0.000000
v 1.000000 35.250000 0.000000
v 1.000000 35.000000 0.000000
v 0.000000 35.000000 0.000000
v 0.000000 35.250000 -1.000000
v 0.000000 35.250000 0.000000
v 0.000000 35.000000 0.000000
v 0.000000 35.000000 -1.000000
v 1.000000 35.250000 0.000000
v 1.000000 35.250000 -1.000000
v 1.000000 35.000000 -1.000000
v 1.000000 35.000000 0.000000
v 0.000000 35.250000 -1.000000
v 1.000000 35.250000 -1.000000
v 1.000000 35.250000 0.000000
v 0.000000 35.250000 0.000000
v 0.000000 35.000000 0.000000
v 1.000000 35.000000 0.000000
v 1.000000 35.000000 -1.000000
v 0.000000 35.000000 -1.000000
v 0.812500 37.000000 -0.812500
v 0.187500 37.000000 -0.812500
v 0.187500 35.250000 -0.812500
v 0.812500 35.250000 -0.812500
v 0.187500 37.000000 -0.187500
v 0.812500 37.000000 -0.187500
v 0.812500 35.250000 -0.187500
v 0.187500 35.250000 -0.187500
v 0.187500 37.000000 -0.812500
v 0.187500 37.000000 -0.187500
v 0.187500 35.250000 -0.187500
v 0.187500 35.250000 -0.812500
v 0.812500 37.000000 -0.187500
v 0.812500 37.000000 -0.812500
v 0.812500 35.250000 -0.812500
v 0.812500 35.250000 -0.187500
v 1.000000 37.250000 -1.000000
v 0.000000 37.250000 -1.000000
v 0.000000 37.000000 -1.000000
v 1.000000 37.000000 -1.000000
v 0.000000 37.250000 0.000000
v 1.000000 37.250000 0.000000
v 1.000000 37.000000 0.000000
v 0.000000 37.000000 0.000000
v 0.000000 37.250000 -1.000000
v 0.000000 37.250000 0.000000
v 0.000000 37.000000 0.000000
v 0.000000 37.000000 -1.000000
v 1.000000 37.250000 0.000000
v 1.000000 37.250000 -1.000000
v 1.000000 37.000000 -1.000000
v 1.000000 37.000000 0.000000
v 0.000000 37.250000 -1.000000
v 1.000000 37.250000 -1.000000
v 1.000000 37.250000 0.000000
v 0.000000 37.250000 0.000000
v 0.000000 37.000000 0.000000
v 1.000000 37.000000 0.000000
v 1.000000 37.000000 -1.000000
v 0.000000 37.000000 -1.000000
v 0.812500 39.000000 -0.812500
v 0.187500 39.000000 -0.812500
v 0.187500 37.250000 -0.812500
v 0.812500 37.250000 -0.812500
v 0.187500 39.000000 -0.187500
v 0.812500 39.000000 -0.187500
v 0.812500 37.250000 -0.187500
v 0.187500 37.250000 -0.187500
v 0.187500 39.000000 -0.812500
v 0.187500 39.000000 -0.187500
v 0.187500 37.250000 -0.187500
v 0.187500 37.250000 -0.812500
v 0.812500 39.000000 -0.187500
v 0.812500 39.000000 -0.812500
v 0.812500 37.250000 -0.812500
v 0.812500 37.250000 -0.187500
v 1.000000 39.250000 -1.000000
v 0.000000 39.250000 -1.000000
v 0.000000 39.000000 -1.000000
v 1.000000 39.000000 -1.000000
v 0.000000 39.250000 0.000000
v 1.000000 39.250000 0.000000
v 1.000000 39.000000 0.000000
v 0.000000 39.000000 0.000000
v 0.000000 39.250000 -1.000000
v 0.000000 39.250000 0.000000
v 0.000000 39.000000 0.000000
v 0.000000 39.000000 -1.000000
v 1.000000 39.250000 0.000000
v 1.000000 39.250000 -1.000000
v 1.000000 39.000000 -1.000000
v 1.000000 39.000000 0.000000
v 0.000000 39.250000 -1.000000
v 1.000000 39.250000 -1.000000
v 1.000000 39.250000 0.000000
v 0.000000 39.250000 0.000000
v 0.000000 39.000000 0.000000
v 1.000000 39.000000 0.000000
v 1.000000 39.000000 -1.000000
v 0.000000 39.000000 -1.000000
v 0.812500 41.000000 -0.812500
v 0.187500 41.000000 -0.812500
v 0.187500 39.250000 -0.812500
v 0.812500 39.250000 -0.812500
v 0.187500 41.000000 -0.187500
v 0.812500 41.000000 -0.187500
v 0.812500 39.250000 -0.187500
v 0.187500 39.250000 -0.187500
v 0.187500 41.000000 -0.812500
v 0.187500 41.000000 -0.187500
v 0.187500 39.250000 -0.187500
v 0.187500 39.250000 -0.812500
v 0.812500 41.000000 -0.187500
v 0.812500 41.000000 -0.812500
v 0.812500 39.250000 -0.812500
v 0.812500 39.250000 -0.187500
v 1.000000 41.250000 -1.000000
v 0.000000 41.250000 -1.000000
v 0.000000 41.000000 -1.000000
v 1.000000 41.000000 -1.000000
v 0.000000 41.250000 0.000000
v 1.000000 41.250000 0.000000
v 1.000000 41.000000 0.000000
v 0.000000 41.000000 0.000000
v 0.000000 41.250000 -1.000000
v 0.000000 41.250000 0.000000
v 0.000000 41.000000 0.000000
v 0.000000 41.000000 -1.000000
v 1.000000 41.250000 0.000000
v 1.000000 41.250000 -1.000000
v 1.000000 41.000000 -1.000000
v 1.000000 41.000000 0.000000
v 0.000000 41.250000 -1.000000
v 1.000000 41.250000 -1.000000
v 1.000000 41.250000 0.000000
v 0.000000 41.250000 0.000000
v 0.000000 41.000000 0.000000
v 1.000000 41.000000 0.000000
v 1.000000 41.000000 -1.000000
v 0.000000 41.000000 -1.000000
v 0.812500 43.000000 -0.812500
v 0.187500 43.000000 -0.812500
v 0.187500 41.250000 -0.812500
v 0.812500 41.250000 -0.812500
v 0.187500 43.000000 -0.187500
v 0.812500 43.000000 -0.187500
v 0.812500 41.250000 -0.187500
v 0.187500 41.250000 -0.187500
v 0.187500 43.000000 -0.812500
v 0.187500 43.000000 -0.187500
v 0.187500 41.250000 -0.187500
v 0.187500 41.250000 -0.812500
v 0.812500 43.000000 -0.187500
v 0.812500 43.000000 -0.812500
v 0.812500 41.250000 -0.812500
v 0.812500 41.250000 -0.187500
v 1.000000 43.250000 -1.000000
v 0.000000 43.250000 -1.000000
v 0.000000 43.000000 -1.000000
v 1.000000 43.000000 -1.000000
v 0.000000 43.250000 0.000000
v 1.000000 43.250000 0.000000
v 1.000000 43.000000 0.000000
v 0.000000 43.000000 0.000000
v 0.000000 43.250000 -1.000000
v 0.000000 43.250000 0.000000
v 0.000000 43.000000 0.000000
v 0.000000 43.000000 -1.000000
v 1.000000 43.250000 0.000000
v 1.000000 43.250000 -1.000000
v 1.000000 43.000000 -1.000000
v 1.000000 43.000000 0.000000
v 0.000000 43.250000 -1.000000
v 1.000000 43.250000 -1.000000
v 1.000000 43.250000 0.000000
v 0.000000 43.250000 0.000000
v 0.000000 43.000000 0.000000
v 1.000000 43.000000 0.000000
v 1.000000 43.000000 -1.000000
v 0.000000 43.000000 -1.000000
v 0.812500 45.000000 -0.812500
v 0.187500 45.000000 -0.812500
v 0.187500 43.250000 -0.812500
v 0.812500 43.250000 -0.812500
v 0.187500 45.000000 -0.187500
v 0.812500 45.000000 -0.187500
v 0.812500 43.250000 -0.187500
v 0.187500 43.250000 -0.187500
v 0.187500 45.000000 -0.812500
v 0.187500 45.000000 -0.187500
v 0.187500 43.250000 -0.187500
v 0.187500 43.250000 -0.812500
v 0.812500 45.000000 -0.187500
v 0.812500 45.000000 -0.812500
v 0.812500 43.250000 -0.812500
v 0.812500 43.250000 -0.187500
v 1.000000 45.250000 -1.000000
v 0.000000 45.250000 -1.000000
v 0.000000 45.000000 -1.000000
v 1.000000 45.000000 -1.000000
v 0.000000 45.250000 0.000000
v 1.000000 45.250000 0.000000
v 1.000000 45.000000 0.000000
v 0.000000 45.000000 0.000000
v 0.000000 45.250000 -1.000000
v 0.000000 45.250000 0.000000
v 0.000000 45.000000 0.000000
v 0.000000 45.000000 -1.000000
v 1.000000 45.250000 0.000000
v 1.000000 45.250000 -1.000000
v 1.000000 45.000000 -1.000000
v 1.000000 45.000000 0.000000
v 0.000000 45.250000 -1.000000
v 1.000000 45.250000 -1.000000
v 1.000000 45.250000 0.000000
v 0.000000 45.250000 0.000000
v 0.000000 45.000000 0.000000
v 1.000000 45.000000 0.000000
v 1.000000 45.000000 -1.000000
v 0.000000 45.000000 -1.000000
v 0.812500 47.000000 -0.812500
v 0.187500 47.000000 -0.812500
v 0.187500 45.250000 -0.812500
v 0.812500 45.250000 -0.812500
v 0.187500 47.000000 -0.187500
v 0.812500 47.000000 -0.187500
v 0.812500 45.250000 -0.187500
v 0.187500 45.250000 -0.187500
v 0.187500 47.000000 -0.812500
v 0.187500 47.000000 -0.187500
v 0.187500 45.250000 -0.187500
v 0.187500 45.250000 -0.812500
v 0.812500 47.000000 -0.187500
v 0.812500 47.000000 -0.812500
v 0.812500 45.250000 -0.812500
v 0.812500 45.250000 -0.187500
v 1.000000 47.250000 -1.000000
v 0.000000 47.250000 -1.000000
v 0.000000 47.000000 -1.000000
v 1.000000 47.000000 -1.000000
v 0.000000 47.250000 0.000000
v 1.000000 47.250000 0.000000
v 1.000000 47.000000 0.000000
v 0.000000 47.000000 0.000000
v 0.000000 47.250000 -1.000000
v 0.000000 47.250000 0.000000
v 0.000000 47.000000 0.000000
v 0.000000 47.000000 -1.000000
v 1.000000 47.250000 0.000000
v 1.000000 47.250000 -1.000000
v 1.000000 47.000000 -1.000000
v 1.000000 47.000000 0.000000
v 0.000000 47.250000 -1.000000
v 1.000000 47.250000 -1.000000
v 1.000000 47.250000 0.000000
v 0.000000 47.250000 0.000000
v 0.000000 47.000000 0.000000
v 1.000000 47.000000 0.000000
v 1.000000 47.000000 -1.000000
v 0.000000 47.000000 -1.000000
v 0.812500 49.000000 -0.812500
v 0.187500 49.000000 -0.812500
v 0.187500 47.250000 -0.812500
v 0.812500 47.250000 -0.812500
v 0.187500 49.000000 -0.187500
v 0.812500 49.000000 -0.187500
v 0.812500 47.250000 -0.187500
v 0.187500 47.250000 -0.187500
v 0.187500 49.000000 -0.812500
v 0.187500 49.000000 -0.187500
v 0.187500 47.250000 -0.187500
v 0.187500 47.250000 -0.812500
v 0.812500 49.000000 -0.187500
v 0.812500 49.000000 -0.812500
v 0.812500 47.250000 -0.812500
v 0.812500 47.250000 -0.187500
v 1.000000 49.250000 -1.000000
v 0.000000 49.250000 -1.000000
v 0.000000 49.000000 -1.000000
v 1.000000 49.000000 -1.000000
v 0.000000 49.250000 0.000000
v 1.000000 49.250000 0.000000
v 1.000000 49.000000 0.000000
v 0.000000 49.000000 0.000000
v 0.000000 49.250000 -1.000000
v 0.000000 49.250000 0.000000
v 0.000000 49.000000 0.000000
v 0.000000 49.000000 -1.000000
v 1.000000 49.250000 0.000000
v 1.000000 49.250000 -1.000000
v 1.000000 49.000000 -1.000000
v 1.000000 49.000000 0.000000
v 0.000000 49.250000 -1.000000
v 1.000000 49.250000 -1.000000
v 1.000000 49.250000 0.000000
v 0.000000 49.250000 0.000000
v 0.000000 49.000000 0.000000
v 1.000000 49.000000 0.000000
v 1.000000 49.000000 -1.000000
v 0.000000 49.000000 -1.000000
v 0.812500 51.000000 -0.812500
v 0.187500 51.000000 -0.812500
v 0.187500 49.250000 -0.812500
v 0.812500 49.250000 -0.812500
v 0.187500 51.000000 -0.187500
v 0.812500 51.000000 -0.187500
v 0.812500 49.250000 -0.187500
v 0.187500 49.250000 -0.187500
v 0.187500 51.000000 -0.812500
v 0.187500 51.000000 -0.187500
v 0.187500 49.250000 -0.187500
v 0.187500 49.250000 -0.812500
v 0.812500 51.000000 -0.187500
v 0.812500 51.000000 -0.812500
v 0.812500 49.250000 -0.812500
v 0.812500 49.250000 -0.187500
v 1.000000 51.250000 -1.000000
v 0.000000 51.250000 -1.000000
v 0.000000 51.000000 -1.000000
v 1.000000 51.000000 -1.000000
v 0.000000 51.250000 0.000000
v 1.000000 51.250000 0.000000
v 1.000000 51.000000 0.000000
v 0.000000 51.000000 0.000000
v 0.000000 51.250000 -1.000000
v 0.000000 51.250000 0.000000
v 0.000000 51.000000 0.000000
v 0.000000 51.000000 -1.000000
v 1.000000 51.250000 0.000000
v 1.000000 51.250000 -1.000000
v 1.000000 51.000000 -1.000000
v 1.000000 51.000000 0.000000
v 0.000000 51.250000 -1.000000
v 1.000000 51.250000 -1.000000
v 1.000000 51.250000 0.000000
v 0.000000 51.250000 0.000000
v 0.000000 51.000000 0.000000
v 1.000000 51.000000 0.000000
v 1.000000 51.000000 -1.000000
v 0.000000 51.000000 -1.000000
v 0.812500 53.000000 -0.812500
v 0.187500 53.000000 -0.812500
v 0.187500 51.250000 -0.812500
v 0.812500 51.250000 -0.812500
v 0.187500 53.000000 -0.187500
v 0.812500 53.000000 -0.187500
v 0.812500 51.250000 -0.187500
v 0.187500 51.250000 -0.187500
v 0.187500 53.000000 -0.812500
v 0.187500 53.000000 -0.187500
v 0.187500 51.250000 -0.187500
v 0.187500 51.250000 -0.812500
v 0.812500 53.000000 -0.187500
v 0.812500 53.000000 -0.812500
v 0.812500 51.250000 -0.812500
v 0.812500 51.250000 -0.187500
v 1.000000 53.250000 -1.000000
v 0.000000 53.250000 -1.000000
v 0.000000 53.000000 -1.000000
v 1.000000 53.000000 -1.000000
v 0.000000 53.250000 0.000000
v 1.000000 53.250000 0.000000
v 1.000000 53.000000 0.000000
v 0.000000 53.000000 0.000000
v 0.000000 53.250000 -1.000000
v 0.000000 53.250000 0.000000
v 0.000000 53.000000 0.000000
v 0.000000 53.000000 -1.000000
v 1.000000 53.250000 0.000000
v 1.000000 53.250000 -1.000000
v 1.000000 53.000000 -1.000000
v 1.000000 53.000000 0.000000
v 0.000000 53.250000 -1.000000
v 1.000000 53.250000 -1.000000
v 1.000000 53.250000 0.000000
v 0.000000 53.250000 0.000000
v 0.000000 53.000000 0.000000
v 1.000000 53.000000 0.000000
v 1.000000 53.000000 -1.000000
v 0.000000 53.000000 -1.000000
v 0.812500 55.000000 -0.812500
v 0.187500 55.000000 -0.812500
v 0.187500 53.250000 -0.812500
v 0.812500 53.250000 -0.812500
v 0.187500 55.000000 -0.187500
v 0.812500 55.000000 -0.187500
v 0.812500 53.250000 -0.187500
v 0.187500 53.250000 -0.187500
v 0.187500 55.000000 -0.812500
v 0.187500 55.000000 -0.187500
v 0.187500 53.250000 -0.187500
v 0.187500 53.250000 -0.812500
v 0.812500 55.000000 -0.187500
v 0.812500 55.000000 -0.812500
v 0.812500 53.250000 -0.812500
v 0.812500 53.250000 -0.187500
v 1.000000 55.250000 -1.000000
v 0.000000 55.250000 -1.000000
v 0.000000 55.000000 -1.000000
v 1.000000 55.000000 -1.000000
v 0.000000 55.250000 0.000000
v 1.000000 55.250000 0.000000
v 1.000000 55.000000 0.000000
v 0.000000 55.000000 0.000000
v 0.000000 55.250000 -1.000000
v 0.000000 55.250000 0.000000
v 0.000000 55.000000 0.000000
v 0.000000 55.000000 -1.000000
v 1.000000 55.250000 0.000000
v 1.000000 55.250000 -1.000000
v 1.000000 55.000000 -1.000000
v 1.000000 55.000000 0.000000
v 0.000000 55.250000 -1.000000
v 1.000000 55.250000 -1.000000
v 1.000000 55.250000 0.000000
v 0.000000 55.250000 0.000000
v 0.000000 55.000000 0.000000
v 1.000000 55.000000 0.000000
v 1.000000 55.000000 -1.000000
v 0.000000 55.000000 -1.000000
v 0.812500 57.000000 -0.812500
v 0.187500 57.000000 -0.812500
v 0.187500 55.250000 -0.812500
v 0.812500 55.250000 -0.812500
v 0.187500 57.000000 -0.187500
v 0.812500 57.000000 -0.187500
v 0.812500 55.250000 -0.187500
v 0.187500 55.250000 -0.187500
v 0.187500 57.000000 -0.812500
v 0.187500 57.000000 -0.187500
v 0.187500 55.250000 -0.187500
v 0.187500 55.250000 -0.812500
v 0.812500 57.000000 -0.187500
v 0.812500 57.000000 -0.812500
v 0.812500 55.250000 -0.812500
v 0.812500 55.250000 -0.187500
v 1.000000 57.250000 -1.000000
v 0.000000 57.250000 -1.000000
v 0.000000 57.000000 -1.000000
v 1.000000 57.000000 -1.000000
v 0.000000 57.250000 0.000000
v 1.000000 57.250000 0.000000
v 1.000000 57.000000 0.000000
v 0.000000 57.000000 0.000000
v 0.000000 57.250000 -1.000000
v 0.000000 57.250000 0.000000
v 0.000000 57.000000 0.000000
v 0.000000 57.000000 -1.000000
v 1.000000 57.250000 0.000000
v 1.000000 57.250000 -1.000000
v 1.000000 57.000000 -1.000000
v 1.000000 57.000000 0.000000
v 0.000000 57.250000 -1.000000
v 1.000000 57.250000 -1.000000
v 1.000000 57.250000 0.000000
v 0.000000 57.250000 0.000000
v 0.000000 57.000000 0.000000
v 1.000000 57.000000 0.000000
v 1.000000 57.000000 -1.000000
v 0.000000 57.000000 -1.000000
v 0.812500 59.000000 -0.812500
v 0.187500 59.000000 -0.812500
v 0.187500 57.250000 -0.812500
v 0.812500 57.250000 -0.812500
v 0.187500 59.000000 -0.187500
v 0.812500 59.000000 -0.187500
v 0.812500 57.250000 -0.187500
v 0.187500 57.250000 -0.187500
v 0.187500 59.000000 -0.812500
v 0.187500 59.000000 -0.187500
v 0.187500 57.250000 -0.187500
v 0.187500 57.250000 -0.812500
v 0.812500 59.000000 -0.187500
v 0.812500 59.000000 -0.812500
v 0.812500 57.250000 -0.812500
v 0.812500 57.250000 -0.187500
v 1.000000 59.250000 -1.000000
v 0.000000 59.250000 -1.000000
v 0.000000 59.000000 -1.000000
v 1.000000 59.000000 -1.000000
v 0.000000 59.250000 0.000000
v 1.000000 59.250000 0.000000
v 1.000000 59.000000 0.000000
v 0.000000 59.000000 0.000000
v 0.000000 59.250000 -1.000000
v 0.000000 59.250000 0.000000
v 0.000000 59.000000 0.000000
v 0.000000 59.000000 -1.000000
v 1.000000 59.250000 0.000000
v 1.000000 59.250000 -1.000000
v 1.000000 59.000000 -1.000000
v 1.000000 59.000000 0.000000
v 0.000000 59.250000 -1.000000
v 1.000000 59.250000 -1.000000
v 1.000000 59.250000 0.000000
v 0.000000 59.250000 0.000000
v 0.000000 59.000000 0.000000
v 1.000000 59.000000 0.000000
v 1.000000 59.000000 -1.000000
v 0.000000 59.000000 -1.000000
v 0.812500 61.000000 -0.812500
v 0.187500 61.000000 -0.812500
v 0.187500 59.250000 -0.812500
v 0.812500 59.250000 -0.812500
v 0.187500 61.000000 -0.187500
v 0.812500 61.000000 -0.187500
v 0.812500 59.250000 -0.187500
v 0.187500 59.250000 -0.187500
v 0.187500 61.000000 -0.812500
v 0.187500 61.000000 -0.187500
v 0.187500 59.250000 -0.187500
v 0.187500 59.250000 -0.812500
v 0.812500 61.000000 -0.187500
v 0.812500 61.000000 -0.812500
v 0.812500 59.250000 -0.812500
v 0.812500 59.250000 -0.187500
v 1.000000 61.250000 -1.000000
v 0.000000 61.250000 -1.000000
v 0.000000 61.000000 -1.000000
v 1.000000 61.000000 -1.000000
v 0.000000 61.250000 0.000000
v 1.000000 61.250000 0.000000
v 1.000000 61.000000 0.000000
v 0.000000 61.000000 0.000000
v 0.000000 61.250000 -1.000000
v 0.000000 61.250000 0.000000
v 0.000000 61.000000 0.000000
v 0.000000 61.000000 -1.000000
v 1.000000 61.250000 0.000000
v 1.000000 61.250000 -1.000000
v 1.000000 61.000000 -1.000000
v 1.000000 61.000000 0.000000
v 0.000000 61.250000 -1.000000
v 1.000000 61.250000 -1.000000
v 1.000000 61.250000 0.000000
v 0.000000 61.250000 0.000000
v 0.000000 61.000000 0.000000
v 1.000000 61.000000 0.000000
v 1.000000 61.000000 -1.000000
v 0.000000 61.000000 -1.000000
v 0.812500 63.000000 -0.812500
v 0.187500 63.000000 -0.812500
v 0.187500 61.250000 -0.812500
v 0.812500 61.250000 -0.812500
v 0.187500 63.000000 -0.187500
v 0.812500 63.000000 -0.187500
v 0.812500 61.250000 -0.187500
v 0.187500 61.250000 -0.187500
v 0.187500 63.000000 -0.812500
v 0.187500 63.000000 -0.187500
v 0.187500 61.250000 -0.187500
v 0.187500 61.250000 -0.812500
v 0.812500 63.000000 -0.187500
v 0.812500 63.000000 -0.812500
v 0.812500 61.250000 -0.812500
v 0.812500 61.250000 -0.187500
v 1.000000 63.250000 -1.000000
v 0.000000 63.250000 -1.000000
v 0.000000 63.000000 -1.000000
v 1.000000 63.000000 -1.000000
v 0.000000 63.250000 0.000000
v 1.000000 63.250000 0.000000
v 1.000000 63.000000 0.000000
v 0.000000 63.000000 0.000000
v 0.000000 63.250000 -1.000000
v 0.000000 63.250000 0.000000
v 0.000000 63.000000 0.000000
v 0.000000 63.000000 -1.000000
v 1.000000 63.250000 0.000000
v 1.000000 63.250000 -1.000000
v 1.000000 63.000000 -1.000000
v 1.000000 63.000000 0.000000
v 0.000000 63.250000 -1.000000
v 1.000000 63.250000 -1.000000
v 1.000000 63.250000 0.000000
v 0.000000 63.250000 0.000000
v 0.000000 63.000000 0.000000
v 1.000000 63.000000 0.000000
v 1.000000 63.000000 -1.000000
v 0.000000 63.000000 -1.000000
v 0.812500 65.000000 -0.812500
v 0.187500 65.000000 -0.812500
v 0.187500 63.250000 -0.812500
v 0.812500 63.250000 -0.812500
v 0.187500 65.000000 -0.187500
v 0.812500 65.000000 -0.187500
v 0.812500 63.250000 -0.187500
v 0.187500 63.250000 -0.187500
v 0.187500 65.000000 -0.812500
v 0.187500 65.000000 -0.187500
v 0.187500 63.250000 -0.187500
v 0.187500 63.250000 -0.812500
v 0.812500 65.000000 -0.187500
v 0.812500 65.000000 -0.812500
v 0.812500 63.250000 -0.812500
v 0.812500 63.250000 -0.187500
v 1.000000 65.250000 -1.000000
v 0.000000 65.250000 -1.000000
v 0.000000 65.000000 -1.000000
v 1.000000 65.000000 -1.000000
v 0.000000 65.250000 0.000000
v 1.000000 65.250000 0.000000
v 1.000000 65.000000 0.000000
v 0.000000 65.000000 0.000000
v 0.000000 65.250000 -1.000000
v 0.000000 65.250000 0.000000
v 0.000000 65.000000 0.000000
v 0.000000 65.000000 -1.000000
v 1.000000 65.250000 0.000000
v 1.000000 65.250000 -1.000000
v 1.000000 65.000000 -1.000000
v 1.000000 65.000000 0.000000
v 0.000000 65.250000 -1.000000
v 1.000000 65.250000 -1.000000
v 1.000000 65.250000 0.000000
v 0.000000 65.250000 0.000000
v 0.000000 65.000000 0.000000
v 1.000000 65.000000 0.000000
v 1.000000 65.000000 -1.000000
v 0.000000 65.000000 -1.000000
v 0.812500 67.000000 -0.812500
v 0.187500 67.000000 -0.812500
v 0.187500 65.250000 -0.812500
v 0.812500 65.250000 -0.812500
v 0.187500 67.000000 -0.187500
v 0.812500 67.000000 -0.187500
v 0.812500 65.250000 -0.187500
v 0.187500 65.250000 -0.187500
v 0.187500 67.000000 -0.812500
v 0.187500 67.000000 -0.187500
v 0.187500 65.250000 -0.187500
v 0.187500 65.250000 -0.812500
v 0.812500 67.000000 -0.187500
v 0.812500 67.000000 -0.812500
v 0.812500 65.250000 -0.812500
v 0.812500 65.250000 -0.187500
v 1.000000 67.250000 -1.000000
v 0.000000 67.250000 -1.000000
v 0.000000 67.000000 -1.000000
v 1.000000 67.000000 -1.000000
v 0.000000 67.250000 0.000000
v 1.000000 67.250000 0.000000
v 1.000000 67.000000 0.000000
v 0.000000 67.000000 0.000000
v 0.000000 67.250000 -1.000000
v 0.000000 67.250000 0.000000
v 0.000000 67.000000 0.000000
v 0.000000 67.000000 -1.000000
v 1.000000 67.250000 0.000000
v 1.000000 67.250000 -1.000000
v 1.000000 67.000000 -1.000000
v 1.000000 67.000000 0.000000
v 0.000000 67.250000 -1.000000
v 1.000000 67.250000 -1.000000
v 1.000000 67.250000 0.000000
v 0.000000 67.250000 0.000000
v 0.000000 67.000000 0.000000
v 1.000000 67.000000 0.000000
v 1.000000 67.000000 -1.000000
v 0.000000 67.000000 -1.000000
v 0.812500 69.000000 -0.812500
v 0.187500 69.000000 -0.812500
v 0.187500 67.250000 -0.812500
v 0.812500 67.250000 -0.812500
v 0.187500 69.000000 -0.187500
v 0.812500 69.000000 -0.187500
v 0.812500 67.250000 -0.187500
v 0.187500 67.250000 -0.187500
v 0.187500 69.000000 -0.812500
v 0.187500 69.000000 -0.187500
v 0.187500 67.250000 -0.187500
v 0.187500 67.250000 -0.812500
v 0.812500 69.000000 -0.187500
v 0.812500 69.000000 -0.812500
v 0.812500 67.250000 -0.812500
v 0.812500 67.250000 -0.187500
v 1.000000 69.250000 -1.000000
v 0.000000 69.250000 -1.000000
v 0.000000 69.000000 -1.000000
v 1.000000 69.000000 -1.000000
v 0.000000 69.250000 0.000000
v 1.000000 69.250000 0.000000
v 1.000000 69.000000 0.000000
v 0.000000 69.000000 0.000000
v 0.000000 69.250000 -1.000000
v 0.000000 69.250000 0.000000
v 0.000000 69.000000 0.000000
v 0.000000 69.000000 -1.000000
v 1.000000 69.250000 0.000000
v 1.000000 69.250000 -1.000000
v 1.000000 69.000000 -1.000000
v 1.000000 69.000000 0.000000
v 0.000000 69.250000 -1.000000
v 1.000000 69.250000 -1.000000
v 1.000000 69.250000 0.000000
v 0.000000 69.250000 0.000000
v 0.000000 69.000000 0.000000
v 1.000000 69.000000 0.000000
v 1.000000 69.000000 -1.000000
v 0.000000 69.000000 -1.000000
v 0.812500 71.000000 -0.812500
v 0.187500 71.000000 -0.812500
v 0.187500 69.250000 -0.812500
v 0.812500 69.250000 -0.812500
v 0.187500 71.000000 -0.187500
v 0.812500 71.000000 -0.187500
v 0.812500 69.250000 -0.187500
v 0.187500 69.250000 -0.187500
v 0.187500 71.000000 -0.812500
v 0.187500 71.000000 -0.187500
v 0.187500 69.250000 -0.187500
v 0.187500 69.250000 -0.812500
v 0.812500 71.000000 -0.187500
v 0.812500 71.000000 -0.812500
v 0.812500 69.250000 -0.812500
v 0.812500 69.250000 -0.187500
v 1.000000 71.250000 -1.000000
v 0.000000 71.250000 -1.000000
v 0.000000 71.000000 -1.000000
v 1.000000 71.000000 -1.000000
v 0.000000 71.250000 0.000000
v 1.000000 71.250000 0.000000
v 1.000000 71.000000 0.000000
v 0.000000 71.000000 0.000000
v 0.000000 71.250000 -1.000000
v 0.000000 71.250000 0.000000
v 0.000000 71.000000 0.000000
v 0.000000 71.000000 -1.000000
v 1.000000 71.250000 0.000000
v 1.000000 71.250000 -1.000000
v 1.000000 71.000000 -1.000000
v 1.000000 71.000000 0.000000
v 0.000000 71.250000 -1.000000
v 1.000000 71.250000 -1.000000
v 1.000000 71.250000 0.000000
v 0.000000 71.250000 0.000000
v 0.000000 71.000000 0.000000
v 1.000000 71.000000 0.000000
v 1.000000 71.000000 -1.000000
v 0.000000 71.000000 -1.000000
v 0.812500 73.000000 -0.812500
v 0.187500 73.000000 -0.812500
v 0.187500 71.250000 -0.812500
v 0.812500 71.250000 -0.812500
v 0.187500 73.000000 -0.187500
v 0.812500 73.000000 -0.187500
v 0.812500 71.250000 -0.187500
v 0.187500 71.250000 -0.187500
v 0.187500 73.000000 -0.812500
v 0.187500 73.000000 -0.187500
v 0.187500 71.250000 -0.187500
v 0.187500 71.250000 -0.812500
v 0.812500 73.000000 -0.187500
v 0.812500 73.000000 -0.812500
v 0.812500 71.250000 -0.812500
v 0.812500 71.250000 -0.187500
v 1.000000 73.250000 -1.000000
v 0.000000 73.250000 -1.000000
v 0.000000 73.000000 -1.000000
v 1.000000 73.000000 -1.000000
v 0.000000 73.250000 0.000000
v 1.000000 73.250000 0.000000
v 1.000000 73.000000 0.000000
v 0.000000 73.000000 0.000000
v 0.000000 73.250000 -1.000000
v 0.000000 73.250000 0.000000
v 0.000000 73.000000 0.000000
v 0.000000 73.000000 -1.000000
v 1.000000 73.250000 0.000000
v 1.000000 73.250000 -1.000000
v 1.000000 73.000000 -1.000000
v 1.000000 73.000000 0.000000
v 0.000000 73.250000 -1.000000
v 1.000000 73.250000 -1.000000
v 1.000000 73.250000 0.000000
v 0.000000 73.250000 0.000000
v 0.000000 73.000000 0.000000
v 1.000000 73.000000 0.000000
v 1.000000 73.000000 -1.000000
v 0.000000 73.000000 -1.000000
v 0.812500 75.000000 -0.812500
v 0.187500 75.000000 -0.812500
v 0.187500 73.250000 -0.812500
v 0.812500 73.250000 -0.812500
v 0.187500 75.000000 -0.187500
v 0.812500 75.000000 -0.187500
v 0.812500 73.250000 -0.187500
v 0.187500 73.250000 -0.187500
v 0.187500 75.000000 -0.812500
v 0.187500 75.000000 -0.187500
v 0.187500 73.250000 -0.187500
v 0.187500 73.250000 -0.812500
v 0.812500 75.000000 -0.187500
v 0.812500 75.000000 -0.812500
v 0.812500 73.250000 -0.812500
v 0.812500 73.250000 -0.187500
v 1.000000 75.250000 -1.000000
v 0.000000 75.250000 -1.000000
v 0.000000 75.000000 -1.000000
v 1.000000 75.000000 -1.000000
v 0.000000 75.250000 0.000000
v 1.000000 75.250000 0.000000
v 1.000000 75.000000 0.000000
v 0.000000 75.000000 0.000000
v 0.000000 75.250000 -1.000000
v 0.000000 75.250000 0.000000
v 0.000000 75.000000 0.000000
v 0.000000 75.000000 -1.000000
v 1.000000 75.250000 0.000000
v 1.000000 75.250000 -1.000000
v 1.000000 75.000000 -1.000000
v 1.000000 75.000000 0.000000
v 0.000000 75.250000 -1.000000
v 1.000000 75.250000 -1.000000
v 1.000000 75.250000 0.000000
v 0.000000 75.250000 0.000000
v 0.000000 75.000000 0.000000
v 1.000000 75.000000 0.000000
v 1.000000 75.000000 -1.000000
v 0.000000 75.000000 -1.000000
v 0.812500 77.000000 -0.812500
v 0.187500 77.000000 -0.812500
v 0.187500 75.250000 -0.812500
v 0.812500 75.250000 -0.812500
v 0.187500 77.000000 -0.187500
v 0.812500 77.000000 -0.187500
v 0.812500 75.250000 -0.187500
v 0.187500 75.250000 -0.187500
v 0.187500 77.000000 -0.812500
v 0.187500 77.000000 -0.187500
v 0.187500 75.250000 -0.187500
v 0.187500 75.250000 -0.812500
v 0.812500 77.000000 -0.187500
v 0.812500 77.000000 -0.812500
v 0.812500 75.250000 -0.812500
v 0.812500 75.250000 -0.187500
v 1.000000 77.250000 -1.000000
v 0.000000 77.250000 -1.000000
v 0.000000 77.000000 -1.000000
v 1.000000 77.000000 -1.000000
v 0.000000 77.250000 0.000000
v 1.000000 77.250000 0.000000
v 1.000000 77.000000 0.000000
v 0.000000 77.000000 0.000000
v 0.000000 77.250000 -1.000000
v 0.000000 77.250000 0.000000
v 0.000000 77.000000 0.000000
v 0.000000 77.000000 -1.000000
v 1.000000 77.250000 0.000000
v 1.000000 77.250000 -1.000000
v 1.000000 77.000000 -1.000000
v 1.000000 77.000000 0.000000
v 0.000000 77.250000 -1.000000
v 1.000000 77.250000 -1.000000
v 1.000000 77.250000 0.000000
v 0.000000 77.250000 0.000000
v 0.000000 77.000000 0.000000
v 1.000000 77.000000 0.000000
v 1.000000 77.000000 -1.000000
v 0.000000 77.000000 -1.000000
v 0.812500 79.000000 -0.812500
v 0.187500 79.000000 -0.812500
v 0.187500 77.250000 -0.812500
v 0.812500 77.250000 -0.812500
v 0.187500 79.000000 -0.187500
v 0.812500 79.000000 -0.187500
v 0.812500 77.250000 -0.187500
v 0.187500 77.250000 -0.187500
v 0.187500 79.000000 -0.812500
v 0.187500 79.000000 -0.187500
v 0.187500 77.250000 -0.187500
v 0.187500 77.250000 -0.812500
v 0.812500 79.000000 -0.187500
v 0.812500 79.000000 -0.812500
v 0.812500 77.250000 -0.812500
v 0.812500 77.250000 -0.187500
v 1.000000 79.250000 -1.000000
v 0.000000 79.250000 -1.000000
v 0.000000 79.000000 -1.000000
v 1.000000 79.000000 -1.000000
v 0.000000 79.250000 0.000000
v 1.000000 79.250000 0.000000
v 1.000000 79.000000 0.000000
v 0.000000 79.000000 0.000000
v 0.000000 79.250000 -1.000000
v 0.000000 79.250000 0.000000
v 0.000000 79.000000 0.000000
v 0.000000 79.000000 -1.000000
v 1.000000 79.250000 0.000000
v 1.000000 79.250000 -1.000000
v 1.000000 79.000000 -1.000000
v 1.000000 79.000000 0.000000
v 0.000000 79.250000 -1.000000
v 1.000000 79.250000 -1.000000
v 1.000000 79.250000 0.000000
v 0.000000 79.250000 0.000000
v 0.000000 79.000000 0.000000
v 1.000000 79.000000 0.000000
v 1.000000 79.000000 -1.000000
v 0.000000 79.000000 -1.000000
v 0.812500 81.000000 -0.812500
v 0.187500 81.000000 -0.812500
v 0.187500 79.250000 -0.812500
v 0.812500 79.250000 -0.812500
v 0.187500 81.000000 -0.187500
v 0.812500 81.000000 -0.187500
v 0.812500 79.250000 -0.187500
v 0.187500 79.250000 -0.187500
v 0.187500 81.000000 -0.812500
v 0.187500 81.000000 -0.187500
v 0.187500 79.250000 -0.187500
v 0.187500 79.250000 -0.812500
v 0.812500 81.000000 -0.187500
v 0.812500 81.000000 -0.812500
v 0.812500 79.250000 -0.812500
v 0.812500 79.250000 -0.187500
v 1.000000 81.250000 -1.000000
v 0.000000 81.250000 -1.000000
v 0.000000 81.000000 -1.000000
v 1.000000 81.000000 -1.000000
v 0.000000 81.250000 0.000000
v 1.000000 81.250000 0.000000
v 1.000000 81.000000 0.000000
v 0.000000 81.000000 0.000000
v 0.000000 81.250000 -1.000000
v 0.000000 81.250000 0.000000
v 0.000000 81.000000 0.000000
v 0.000000 81.000000 -1.000000
v 1.000000 81.250000 0.000000
v 1.000000 81.250000 -1.000000
v 1.000000 81.000000 -1.000000
v 1.000000 81.000000 0.000000
v 0.000000 81.250000 -1.000000
v 1.000000 81.250000 -1.000000
v 1.000000 81.250000 0.000000
v 0.000000 81.250000 0.000000
v 0.000000 81.000000 0.000000
v 1.000000 81.000000 0.000000
v 1.000000 81.000000 -1.000000
v 0.000000 81.000000 -1.000000
v 0.812500 83.000000 -0.812500
v 0.187500 83.000000 -0.812500
v 0.187500 81.250000 -0.812500
v 0.812500 81.250000 -0.812500
v 0.187500 83.000000 -0.187500
v 0.812500 83.000000 -0.187500
v 0.812500 81.250000 -0.187500
v 0.187500 81.250000 -0.187500
v 0.187500 83.000000 -0.812500
v 0.187500 83.000000 -0.187500
v 0.187500 81.250000 -0.187500
v 0.187500 81.250000 -0.812500
v 0.812500 83.000000 -0.187500
v 0.812500 83.000000 -0.812500
v 0.812500 81.250000 -0.812500
v 0.812500 81.250000 -0.187500
v 1.000000 83.250000 -1.000000
v 0.000000 83.250000 -1.000000
v 0.000000 83.000000 -1.000000
v 1.000000 83.000000 -1.000000
v 0.000000 83.250000 0.000000
v 1.000000 83.250000 0.000000
v 1.000000 83.000000 0.000000
v 0.000000 83.000000 0.000000
v 0.000000 83.250000 -1.000000
v 0.000000 83.250000 0.000000
v 0.000000 83.000000 0.000000
v 0.000000 83.000000 -1.000000
v 1.000000 83.250000 0.000000
v 1.000000 83.250000 -1.000000
v 1.000000 83.000000 -1.000000
v 1.000000 83.000000 0.000000
v 0.000000 83.250000 -1.000000
v 1.000000 83.250000 -1.000000
v 1.000000 83.250000 0.000000
v 0.000000 83.250000 0.000000
v 0.000000 83.000000 0.000000
v 1.000000 83.000000 0.000000
v 1.000000 83.000000 -1.000000
v 0.000000 83.000000 -1.000000
v 0.812500 85.000000 -0.812500
v 0.187500 85.000000 -0.812500
v 0.187500 83.250000 -0.812500
v 0.812500 83.250000 -0.812500
v 0.187500 85.000000 -0.187500
v 0.812500 85.000000 -0.187500
v 0.812500 83.250000 -0.187500
v 0.187500 83.250000 -0.187500
v 0.187500 85.000000 -0.812500
v 0.187500 85.000000 -0.187500
v 0.187500 83.250000 -0.187500
v 0.187500 83.250000 -0.812500
v 0.812500 85.000000 -0.187500
v 0.812500 85.000000 -0.812500
v 0.812500 83.250000 -0.812500
v 0.812500 83.250000 -0.187500
v 1.000000 85.250000 -1.000000
v 0.000000 85.250000 -1.000000
v 0.000000 85.000000 -1.000000
v 1.000000 85.000000 -1.000000
v 0.000000 85.250000 0.000000
v 1.000000 85.250000 0.000000
v 1.000000 85.000000 0.000000
v 0.000000 85.000000 0.000000
v 0.000000 85.250000 -1.000000
v 0.000000 85.250000 0.000000
v 0.000000 85.000000 0.000000
v 0.000000 85.000000 -1.000000
v 1.000000 85.250000 0.000000
v 1.000000 85.250000 -1.000000
v 1.000000 85.000000 -1.000000
v 1.000000 85.000000 0.000000
v 0.000000 85.250000 -1.000000
v 1.000000 85.250000 -1.000000
v 1.000000 85.250000 0.000000
v 0.000000 85.250000 0.000000
v 0.000000 85.000000 0.000000
v 1.000000 85.000000 0.000000
v 1.000000 85.000000 -1.000000
v 0.000000 85.000000 -1.000000
v 0.812500 87.000000 -0.812500
v 0.187500 87.000000 -0.812500
v 0.187500 85.250000 -0.812500
v 0.812500 85.250000 -0.812500
v 0.187500 87.000000 -0.187500
v 0.812500 87.000000 -0.187500
v 0.812500 85.250000 -0.187500
v 0.187500 85.250000 -0.187500
v 0.187500 87.000000 -0.812500
v 0.187500 87.000000 -0.187500
v 0.187500 85.250000 -0.187500
v 0.187500 85.250000 -0.812500
v 0.812500 87.000000 -0.187500
v 0.812500 87.000000 -0.812500
v 0.812500 85.250000 -0.812500
v 0.812500 85.250000 -0.187500
v 1.000000 87.250000 -1.000000
v 0.000000 87.250000 -1.000000
v 0.000000 87.000000 -1.000000
v 1.000000 87.000000 -1.000000
v 0.000000 87.250000 0.000000
v 1.000000 87.250000 0.000000
v 1.000000 87.000000 0.000000
v 0.000000 87.000000 0.000000
v 0.000000 87.250000 -1.000000
v 0.000000 87.250000 0.000000
v 0.000000 87.000000 0.000000
v 0.000000 87.000000 -1.000000
v 1.000000 87.250000 0.000000
v 1.000000 87.250000 -1.000000
v 1.000000 87.000000 -1.000000
v 1.000000 87.000000 0.000000
v 0.000000 87.250000 -1.000000
v 1.000000 87.250000 -1.000000
v 1.000000 87.250000 0.000000
v 0.000000 87.250000 0.000000
v 0.000000 87.000000 0.000000
v 1.000000 87.000000 0.000000
v 1.000000 87.000000 -1.000000
v 0.000000 87.000000 -1.000000
v 0.812500 89.000000 -0.812500
v 0.187500 89.000000 -0.812500
v 0.187500 87.250000 -0.812500
v 0.812500 87.250000 -0.812500
v 0.187500 89.000000 -0.187500
v 0.812500 89.000000 -0.187500
v 0.812500 87.250000 -0.187500
v 0.187500 87.250000 -0.187500
v 0.187500 89.000000 -0.812500
v 0.187500 89.000000 -0.187500
v 0.187500 87.250000 -0.187500
v 0.187500 87.250000 -0.812500
v 0.812500 89.000000 -0.187500
v 0.812500 89.000000 -0.812500
v 0.812500 87.250000 -0.812500
v 0.812500 87.250000 -0.187500
v 1.000000 89.250000 -1.000000
v 0.000000 89.250000 -1.000000
v 0.000000 89.000000 -1.000000
v 1.000000 89.000000 -1.000000
v 0.000000 89.250000 0.000000
v 1.000000 89.250000 0.000000
v 1.000000 89.000000 0.000000
v 0.000000 89.000000 0.000000
v 0.000000 89.250000 -1.000000
v 0.000000 89.250000 0.000000
v 0.000000 89.000000 0.000000
v 0.000000 89.000000 -1.000000
v 1.000000 89.250000 0.000000
v 1.000000 89.250000 -1.000000
v 1.000000 89.000000 -1.000000
v 1.000000 89.000000 0.000000
v 0.000000 89.250000 -1.000000
v 1.000000 89.250000 -1.000000
v 1.000000 89.250000 0.000000
v 0.000000 89.250000 0.000000
v 0.000000 89.000000 0.000000
v 1.000000 89.000000 0.000000
v 1.000000 89.000000 -1.000000
v 0.000000 89.000000 -1.000000
v 0.812500 91.000000 -0.812500
v 0.187500 91.000000 -0.812500
v 0.187500 89.250000 -0.812500
v 0.812500 89.250000 -0.812500
v 0.187500 91.000000 -0.187500
v 0.812500 91.000000 -0.187500
v 0.812500 89.250000 -0.187500
v 0.187500 89.250000 -0.187500
v 0.187500 91.000000 -0.812500
v 0.187500 91.000000 -0.187500
v 0.187500 89.250000 -0.187500
v 0.187500 89.250000 -0.812500
v 0.812500 91.000000 -0.187500
v 0.812500 91.000000 -0.812500
v 0.812500 89.250000 -0.812500
v 0.812500 89.250000 -0.187500
v 1.000000 91.250000 -1.000000
v 0.000000 91.250000 -1.000000
v 0.000000 91.000000 -1.000000
v 1.000000 91.000000 -1.000000
v 0.000000 91.250000 0.000000
v 1.000000 91.250000 0.000000
v 1.000000 91.000000 0.000000
v 0.000000 91.000000 0.000000
v 0.000000 91.250000 -1.000000
v 0.000000 91.250000 0.000000
v 0.000000 91.000000 0.000000
v 0.000000 91.000000 -1.000000
v 1.000000 91.250000 0.000000
v 1.000000 91.250000 -1.000000
v 1.000000 91.000000 -1.000000
v 1.000000 91.000000 0.000000
v 0.000000 91.250000 -1.000000
v 1.000000 91.250000 -1.000000
v 1.000000 91.250000 0.000000
v 0.000000 91.250000 0.000000
v 0.000000 91.000000 0.000000
v 1.000000 91.000000 0.000000
v 1.000000 91.000000 -1.000000
v 0.000000 91.000000 -1.000000
v 0.812500 93.000000 -0.812500
v 0.187500 93.000000 -0.812500
v 0.187500 91.250000 -0.812500
v 0.812500 91.250000 -0.812500
v 0.187500 93.000000 -0.187500
v 0.812500 93.000000 -0.187500
v 0.812500 91.250000 -0.187500
v 0.187500 91.250000 -0.187500
v 0.187500 93.000000 -0.812500
v 0.187500 93.000000 -0.187500
v 0.187500 91.250000 -0.187500
v 0.187500 91.250000 -0.812500
v 0.812500 93.000000 -0.187500
v 0.812500 93.000000 -0.812500
v 0.812500 91.250000 -0.812500
v 0.812500 91.250000 -0.187500
v 1.000000 93.250000 -1.000000
v 0.000000 93.250000 -1.000000
v 0.000000 93.000000 -1.000000
v 1.000000 93.000000 -1.000000
v 0.000000 93.250000 0.000000
v 1.000000 93.250000 0.000000
v 1.000000 93.000000 0.000000
v 0.000000 93.000000 0.000000
v 0.000000 93.250000 -1.000000
v 0.000000 93.250000 0.000000
v 0.000000 93.000000 0.000000
v 0.000000 93.000000 -1.000000
v 1.000000 93.250000 0.000000
v 1.000000 93.250000 -1.000000
v 1.000000 93.000000 -1.000000
v 1.000000 93.000000 0.000000
v 0.000000 93.250000 -1.000000
v 1.000000 93.250000 -1.000000
v 1.000000 93.250000 0.000000
v 0.000000 93.250000 0.000000
v 0.000000 93.000000 0.000000
v 1.000000 93.000000 0.000000
v 1.000000 93.000000 -1.000000
v 0.000000 93.000000 -1.000000
v 0.812500 95.000000 -0.812500
v 0.187500 95.000000 -0.812500
v 0.187500 93.250000 -0.812500
v 0.812500 93.250000 -0.812500
v 0.187500 95.000000 -0.187500
v 0.812500 95.000000 -0.187500
v 0.812500 93.250000 -0.187500
v 0.187500 93.250000 -0.187500
v 0.187500 95.000000 -0.812500
v 0.187500 95.000000 -0.187500
v 0.187500 93.250000 -0.187500
v 0.187500 93.250000 -0.812500
v 0.812500 95.000000 -0.187500
v 0.812500 95.000000 -0.812500
v 0.812500 93.250000 -0.812500
v 0.812500 93.250000 -0.187500
v 1.000000 95.250000 -1.000000
v 0.000000 95.250000 -1.000000
v 0.000000 95.000000 -1.000000
v 1.000000 95.000000 -1.000000
v 0.000000 95.250000 0.000000
v 1.000000 95.250000 0.000000
v 1.000000 95.000000 0.000000
v 0.000000 95.000000 0.000000
v 0.000000 95.250000 -1.000000
v 0.000000 95.250000 0.000000
v 0.000000 95.000000 0.000000
v 0.000000 95.000000 -1.000000
v 1.000000 95.250000 0.000000
v 1.000000 95.250000 -1.000000
v 1.000000 95.000000 -1.000000
v 1.000000 95.000000 0.000000
v 0.000000 95.250000 -1.000000
v 1.000000 95.250000 -1.000000
v 1.000000 95.250000 0.000000
v 0.000000 95.250000 0.000000
v 0.000000 95.000000 0.000000
v 1.000000 95.000000 0.000000
v 1.000000 95.000000 -1.000000
v 0.000000 95.000000 -1.000000
v 0.812500 97.000000 -0.812500
v 0.187500 97.000000 -0.812500
v 0.187500 95.250000 -0.812500
v 0.812500 95.250000 -0.812500
v 0.187500 97.000000 -0.187500
v 0.812500 97.000000 -0.187500
v 0.812500 95.250000 -0.187500
v 0.187500 95.250000 -0.187500
v 0.187500 97.000000 -0.812500
v 0.187500 97.000000 -0.187500
v 0.187500 95.250000 -0.187500
v 0.187500 95.250000 -0.812500
v 0.812500 97.000000 -0.187500
v 0.812500 97.000000 -0.812500
v 0.812500 95.250000 -0.812500
v 0.812500 95.250000 -0.187500
v 1.000000 97.250000 -1.000000
v 0.000000 97.250000 -1.000000
v 0.000000 97.000000 -1.000000
v 1.000000 97.000000 -1.000000
v 0.000000 97.250000 0.000000
v 1.000000 97.250000 0.000000
v 1.000000 97.000000 0.000000
v 0.000000 97.000000 0.000000
v 0.000000 97.250000 -1.000000
v 0.000000 97.250000 0.000000
v 0.000000 97.000000 0.000000
v 0.000000 97.000000 -1.000000
v 1.000000 97.250000 0.000000
v 1.000000 97.250000 -1.000000
v 1.000000 97.000000 -1.000000
v 1.000000 97.000000 0.000000
v 0.000000 97.250000 -1.000000
v 1.000000 97.250000 -1.000000
v 1.000000 97.250000 0.000000
v 0.000000 97.250000 0.000000
v 0.000000 97.000000 0.000000
v 1.000000 97.000000 0.000000
v 1.000000 97.000000 -1.000000
v 0.000000 97.000000 -1.000000
v 0.812500 99.000000 -0.812500
v 0.187500 99.000000 -0.812500
v 0.187500 97.250000 -0.812500
v 0.812500 97.250000 -0.812500
v 0.187500 99.000000 -0.187500
v 0.812500 99.000000 -0.187500
v 0.812500 97.250000 -0.187500
v 0.187500 97.250000 -0.187500
v 0.187500 99.000000 -0.812500
v 0.187500 99.000000 -0.187500
v 0.187500 97.250000 -0.187500
v 0.187500 97.250000 -0.812500
v 0.812500 99.000000 -0.187500
v 0.812500 99.000000 -0.812500
v 0.812500 97.250000 -0.812500
v 0.812500 97.250000 -0.187500
v 1.000000 99.250000 -1.000000
v 0.000000 99.250000 -1.000000
v 0.000000 99.000000 -1.000000
v 1.000000 99.000000 -1.000000
v 0.000000 99.250000 0.000000
v 1.000000 99.250000 0.000000
v 1.000000 99.000000 0.000000
v 0.000000 99.000000 0.000000
v 0.000000 99.250000 -1.000000
v 0.000000 99.250000 0.000000
v 0.000000 99.000000 0.000000
v 0.000000 99.000000 -1.000000
v 1.000000 99.250000 0.000000
v 1.000000 99.250000 -1.000000
v 1.000000 99.000000 -1.000000
v 1.000000 99.000000 0.000000
v 0.000000 99.250000 -1.000000
v 1.000000 99.250000 -1.000000
v 1.000000 99.250000 0.000000
v 0.000000 99.250000 0.000000
v 0.000000 99.000000 0.000000
v 1.000000 99.000000 0.000000
v 1.000000 99.000000 -1.000000
v 0.000000 99.000000 -1.000000
v 0.812500 101.000000 -0.812500
v 0.187500 101.000000 -0.812500
v 0.187500 99.250000 -0.812500
v 0.812500 99.250000 -0.812500
v 0.187500 101.000000 -0.187500
v 0.812500 101.000000 -0.187500
v 0.812500 99.250000 -0.187500
v 0.187500 99.250000 -0.187500
v 0.187500 101.000000 -0.812500
v 0.187500 101.000000 -0.187500
v 0.187500 99.250000 -0.187500
v 0.187500 99.250000 -0.812500
v 0.812500 101.000000 -0.187500
v 0.812500 101.000000 -0.812500
v 0.812500 99.250000 -0.812500
v 0.812500 99.250000 -0.187500
v 1.000000 101.250000 -1.000000
v 0.000000 101.250000 -1.000000
v 0.000000 101.000000 -1.000000
v 1.000000 101.000000 -1.000000
v 0.000000 101.250000 0.000000
v 1.000000 101.250000 0.000000
v 1.000000 101.000000 0.000000
v 0.000000 101.000000 0.000000
v 0.000000 101.250000 -1.000000
v 0.000000 101.250000 0.000000
v 0.000000 101.000000 0.000000
v 0.000000 101.000000 -1.000000
v 1.000000 101.250000 0.000000
v 1.000000 101.250000 -1.000000
v 1.000000 101.000000 -1.000000
v 1.000000 101.000000 0.000000
v 0.000000 101.250000 -1.000000
v 1.000000 101.250000 -1.000000
v 1.000000 101.250000 0.000000
v 0.000000 101.250000 0.000000
v 0.000000 101.000000 0.000000
v 1.000000 101.000000 0.000000
v 1.000000 101.000000 -1.000000
v 0.000000 101.000000 -1.000000
v 0.812500 103.000000 -0.812500
v 0.187500 103.000000 -0.812500
v 0.187500 101.250000 -0.812500
v 0.812500 101.250000 -0.812500
v 0.187500 103.000000 -0.187500
v 0.812500 103.000000 -0.187500
v 0.812500 101.250000 -0.187500
v 0.187500 101.250000 -0.187500
v 0.187500 103.000000 -0.812500
v 0.187500 103.000000 -0.187500
v 0.187500 101.250000 -0.187500
v 0.187500 101.250000 -0.812500
v 0.812500 103.000000 -0.187500
v 0.812500 103.000000 -0.812500
v 0.812500 101.250000 -0.812500
v 0.812500 101.250000 -0.187500
v 1.000000 103.250000 -1.000000
v 0.000000 103.250000 -1.000000
v 0.000000 103.000000 -1.000000
v 1.000000 103.000000 -1.000000
v 0.000000 103.250000 0.000000
v 1.000000 103.250000 0.000000
v 1.000000 103.000000 0.000000
v 0.000000 103.000000 0.000000
v 0.000000 103.250000 -1.000000
v 0.000000 103.250000 0.000000
v 0.000000 103.000000 0.000000
v 0.000000 103.000000 -1.000000
v 1.000000 103.250000 0.000000
v 1.000000 103.250000 -1.000000
v 1.000000 103.000000 -1.000000
v 1.000000 103.000000 0.000000
v 0.000000 103.250000 -1.000000
v 1.000000 103.250000 -1.000000
v 1.000000 103.250000 0.000000
v 0.000000 103.250000 0.000000
v 0.000000 103.000000 0.000000
v 1.000000 103.000000 0.000000
v 1.000000 103.000000 -1.000000
v 0.000000 103.000000 -1.000000
v 0.812500 105.000000 -0.812500
v 0.187500 105.000000 -0.812500
v 0.187500 103.250000 -0.812500
v 0.812500 103.250000 -0.812500
v 0.187500 105.000000 -0.187500
v 0.812500 105.000000 -0.187500
v 0.812500 103.250000 -0.187500
v 0.187500 103.250000 -0.187500
v 0.187500 105.000000 -0.812500
v 0.187500 105.000000 -0.187500
v 0.187500 103.250000 -0.187500
v 0.187500 103.250000 -0.812500
v 0.812500 105.000000 -0.187500
v 0.812500 105.000000 -0.812500
v 0.812500 103.250000 -0.812500
v 0.812500 103.250000 -0.187500
v 1.000000 105.250000 -1.000000
v 0.000000 105.250000 -1.000000
v 0.000000 105.000000 -1.000000
v 1.000000 105.000000 -1.000000
v 0.000000 105.250000 0.000000
v 1.000000 105.250000 0.000000
v 1.000000 105.000000 0.000000
v 0.000000 105.000000 0.000000
v 0.000000 105.250000 -1.000000
v 0.000000 105.250000 0.000000
v 0.000000 105.000000 0.000000
v 0.000000 105.000000 -1.000000
v 1.000000 105.250000 0.000000
v 1.000000 105.250000 -1.000000
v 1.000000 105.000000 -1.000000
v 1.000000 105.000000 0.000000
v 0.000000 105.250000 -1.000000
v 1.000000 105.250000 -1.000000
v 1.000000 105.250000 0.000000
v 0.000000 105.250000 0.000000
v 0.000000 105.000000 0.000000
v 1.000000 105.000000 0.000000
v 1.000000 105.000000 -1.000000
v 0.000000 105.000000 -1.000000
v 0.812500 107.000000 -0.812500
v 0.187500 107.000000 -0.812500
v 0.187500 105.250000 -0.812500
v 0.812500 105.250000 -0.812500
v 0.187500 107.000000 -0.187500
v 0.812500 107.000000 -0.187500
v 0.812500 105.250000 -0.187500
v 0.187500 105.250000 -0.187500
v 0.187500 107.000000 -0.812500
v 0.187500 107.000000 -0.187500
v 0.187500 105.250000 -0.187500
v 0.187500 105.250000 -0.812500
v 0.812500 107.000000 -0.187500
v 0.812500 107.000000 -0.812500
v 0.812500 105.250000 -0.812500
v 0.812500 105.250000 -0.187500
v 1.000000 107.250000 -1.000000
v 0.000000 107.250000 -1.000000
v 0.000000 107.000000 -1.000000
v 1.000000 107.000000 -1.000000
v 0.000000 107.250000 0.000000
v 1.000000 107.250000 0.000000
v 1.000000 107.000000 0.000000
v 0.000000 107.000000 0.000000
v 0.000000 107.250000 -1.000000
v 0.000000 107.250000 0.000000
v 0.000000 107.000000 0.000000
v 0.000000 107.000000 -1.000000
v 1.000000 107.250000 0.000000
v 1.000000 107.250000 -1.000000
v 1.000000 107.000000 -1.000000
v 1.000000 107.000000 0.000000
v 0.000000 107.250000 -1.000000
v 1.000000 107.250000 -1.000000
v 1.000000 107.250000 0.000000
v 0.000000 107.250000 0.000000
v 0.000000 107.000000 0.000000
v 1.000000 107.000000 0.000000
v 1.000000 107.000000 -1.000000
v 0.000000 107.000000 -1.000000
v 0.812500 109.000000 -0.812500
v 0.187500 109.000000 -0.812500
v 0.187500 107.250000 -0.812500
v 0.812500 107.250000 -0.812500
v 0.187500 109.000000 -0.187500
v 0.812500 109.000000 -0.187500
v 0.812500 107.250000 -0.187500
v 0.187500 107.250000 -0.187500
v 0.187500 109.000000 -0.812500
v 0.187500 109.000000 -0.187500
v 0.187500 107.250000 -0.187500
v 0.187500 107.250000 -0.812500
v 0.812500 109.000000 -0.187500
v 0.812500 109.000000 -0.812500
v 0.812500 107.250000 -0.812500
v 0.812500 107.250000 -0.187500
v 1.000000 109.250000 -1.000000
v 0.000000 109.250000 -1.000000
v 0.000000 109.000000 -1.000000
v 1.000000 109.000000 -1.000000
v 0.000000 109.250000 0.000000
v 1.000000 109.250000 0.000000
v 1.000000 109.000000 0.000000
v 0.000000 109.000000 0.000000
v 0.000000 109.250000 -1.000000
v 0.000000 109.250000 0.000000
v 0.000000 109.000000 0.000000
v 0.000000 109.000000 -1.000000
v 1.000000 109.250000 0.000000
v 1.000000 109.250000 -1.000000
v 1.000000 109.000000 -1.000000
v 1.000000 109.000000 0.000000
v 0.000000 109.250000 -1.000000
v 1.000000 109.250000 -1.000000
v 1.000000 109.250000 0.000000
v 0.000000 109.250000 0.000000
v 0.000000 109.000000 0.000000
v 1.000000 109.000000 0.000000
v 1.000000 109.000000 -1.000000
v 0.000000 109.000000 -1.000000
v 0.812500 111.000000 -0.812500
v 0.187500 111.000000 -0.812500
v 0.187500 109.250000 -0.812500
v 0.812500 109.250000 -0.812500
v 0.187500 111.000000 -0.187500
v 0.812500 111.000000 -0.187500
v 0.812500 109.250000 -0.187500
v 0.187500 109.250000 -0.187500
v 0.187500 111.000000 -0.812500
v 0.187500 111.000000 -0.187500
v 0.187500 109.250000 -0.187500
v 0.187500 109.250000 -0.812500
v 0.812500 111.000000 -0.187500
v 0.812500 111.000000 -0.812500
v 0.812500 109.250000 -0.812500
v 0.812500 109.250000 -0.187500
v 1.000000 111.250000 -1.000000
v 0.000000 111.250000 -1.000000
v 0.000000 111.000000 -1.000000
v 1.000000 111.000000 -1.000000
v 0.000000 111.250000 0.000000
v 1.000000 111.250000 0.000000
v 1.000000 111.000000 0.000000
v 0.000000 111.000000 0.000000
v 0.000000 111.250000 -1.000000
v 0.000000 111.250000 0.000000
v 0.000000 111.000000 0.000000
v 0.000000 111.000000 -1.000000
v 1.000000 111.250000 0.000000
v 1.000000 111.250000 -1.000000
v 1.000000 111.000000 -1.000000
v 1.000000 111.000000 0.000000
v 0.000000 111.250000 -1.000000
v 1.000000 111.250000 -1.000000
v 1.000000 111.250000 0.000000
v 0.000000 111.250000 0.000000
v 0.000000 111.000000 0.000000
v 1.000000 111.000000 0.000000
v 1.000000 111.000000 -1.000000
v 0.000000 111.000000 -1.000000
v 0.812500 113.000000 -0.812500
v 0.187500 113.000000 -0.812500
v 0.187500 111.250000 -0.812500
v 0.812500 111.250000 -0.812500
v 0.187500 113.000000 -0.187500
v 0.812500 113.000000 -0.187500
v 0.812500 111.250000 -0.187500
v 0.187500 111.250000 -0.187500
v 0.187500 113.000000 -0.812500
v 0.187500 113.000000 -0.187500
v 0.187500 111.250000 -0.187500
v 0.187500 111.250000 -0.812500
v 0.812500 113.000000 -0.187500
v 0.812500 113.000000 -0.812500
v 0.812500 111.250000 -0.812500
v 0.812500 111.250000 -0.187500
v 1.000000 113.250000 -1.000000
v 0.000000 113.250000 -1.000000
v 0.000000 113.000000 -1.000000
v 1.000000 113.000000 -1.000000
v 0.000000 113.250000 0.000000
v 1.000000 113.250000 0.000000
v 1.000000 113.000000 0.000000
v 0.000000 113.000000 0.000000
v 0.000000 113.250000 -1.000000
v 0.000000 113.250000 0.000000
v 0.000000 113.000000 0.000000
v 0.000000 113.000000 -1.000000
v 1.000000 113.250000 0.000000
v 1.000000 113.250000 -1.000000
v 1.000000 113.000000 -1.000000
v 1.000000 113.000000 0.000000
v 0.000000 113.250000 -1.000000
v 1.000000 113.250000 -1.000000
v 1.000000 113.250000 0.000000
v 0.000000 113.250000 0.000000
v 0.000000 113.000000 0.000000
v 1.000000 113.000000 0.000000
v 1.000000 113.000000 -1.000000
v 0.000000 113.000000 -1.000000
v 0.812500 115.000000 -0.812500
v 0.187500 115.000000 -0.812500
v 0.187500 113.250000 -0.812500
v 0.812500 113.250000 -0.812500
v 0.187500 115.000000 -0.187500
v 0.812500 115.000000 -0.187500
v 0.812500 113.250000 -0.187500
v 0.187500 113.250000 -0.187500
v 0.187500 115.000000 -0.812500
v 0.187500 115.000000 -0.187500
v 0.187500 113.250000 -0.187500
v 0.187500 113.250000 -0.812500
v 0.812500 115.000000 -0.187500
v 0.812500 115.000000 -0.812500
v 0.812500 113.250000 -0.812500
v 0.812500 113.250000 -0.187500
v 1.000000 115.250000 -1.000000
v 0.000000 115.250000 -1.000000
v 0.000000 115.000000 -1.000000
v 1.000000 115.000000 -1.000000
v 0.000000 115.250000 0.000000
v 1.000000 115.250000 0.000000
v 1.000000 115.000000 0.000000
v 0.000000 115.000000 0.000000
v 0.000000 115.250000 -1.000000
v 0.000000 115.250000 0.000000
v 0.000000 115.000000 0.000000
v 0.000000 115.000000 -1.000000
v 1.000000 115.250000 0.000000
v 1.000000 115.250000 -1.000000
v 1.000000 115.000000 -1.000000
v 1.000000 115.000000 0.000000
v 0.000000 115.250000 -1.000000
v 1.000000 115.250000 -1.000000
v 1.000000 115.250000 0.000000
v 0.000000 115.250000 0.000000
v 0.000000 115.000000 0.000000
v 1.000000 115.000000 0.000000
v 1.000000 115.000000 -1.000000
v 0.000000 115.000000 -1.000000
v 0.812500 117.000000 -0.812500
v 0.187500 117.000000 -0.812500
v 0.187500 115.250000 -0.812500
v 0.812500 115.250000 -0.812500
v 0.187500 117.000000 -0.187500
v 0.812500 117.000000 -0.187500
v 0.812500 115.250000 -0.187500
v 0.187500 115.250000 -0.187500
v 0.187500 117.000000 -0.812500
v 0.187500 117.000000 -0.187500
v 0.187500 115.250000 -0.187500
v 0.187500 115.250000 -0.812500
v 0.812500 117.000000 -0.187500
v 0.812500 117.000000 -0.812500
v 0.812500 115.250000 -0.812500
v 0.812500 115.250000 -0.187500
v 1.000000 117.250000 -1.000000
v 0.000000 117.250000 -1.000000
v 0.000000 117.000000 -1.000000
v 1.000000 117.000000 -1.000000
v 0.000000 117.250000 0.000000
v 1.000000 117.250000 0.000000
v 1.000000 117.000000 0.000000
v 0.000000 117.000000 0.000000
v 0.000000 117.250000 -1.000000
v 0.000000 117.250000 0.000000
v 0.000000 117.000000 0.000000
v 0.000000 117.000000 -1.000000
v 1.000000 117.250000 0.000000
v 1.000000 117.250000 -1.000000
v 1.000000 117.000000 -1.000000
v 1.000000 117.000000 0.000000
v 0.000000 117.250000 -1.000000
v 1.000000 117.250000 -1.000000
v 1.000000 117.250000 0.000000
v 0.000000 117.250000 0.000000
v 0.000000 117.000000 0.000000
v 1.000000 117.000000 0.000000
v 1.000000 117.000000 -1.000000
v 0.000000 117.000000 -1.000000
v 0.812500 119.000000 -0.812500
v 0.187500 119.000000 -0.812500
v 0.187500 117.250000 -0.812500
v 0.812500 117.250000 -0.812500
v 0.187500 119.000000 -0.187500
v 0.812500 119.000000 -0.187500
v 0.812500 117.250000 -0.187500
v 0.187500 117.250000 -0.187500
v 0.187500 119.000000 -0.812500
v 0.187500 119.000000 -0.187500
v 0.187500 117.250000 -0.187500
v 0.187500 117.250000 -0.812500
v 0.812500 119.000000 -0.187500
v 0.812500 119.000000 -0.812500
v 0.812500 117.250000 -0.812500
v 0.812500 117.250000 -0.187500
v 1.000000 119.250000 -1.000000
v 0.000000 119.250000 -1.000000
v 0.000000 119.000000 -1.000000
v 1.000000 119.000000 -1.000000
v 0.000000 119.250000 0.000000
v 1.000000 119.250000 0.000000
v 1.000000 119.000000 0.000000
v 0.000000 119.000000 0.000000
v 0.000000 119.250000 -1.000000
v 0.000000 119.250000 0.000000
v 0.000000 119.000000 0.000000
v 0.000000 119.000000 -1.000000
v 1.000000 119.250000 0.000000
v 1.000000 119.250000 -1.000000
v 1.000000 119.000000 -1.000000
v 1.000000 119.000000 0.000000
v 0.000000 119.250000 -1.000000
v 1.000000 119.250000 -1.000000
v 1.000000 119.250000 0.000000
v 0.000000 119.250000 0.000000
v 0.000000 119.000000 0.000000
v 1.000000 119.000000 0.000000
v 1.000000 119.000000 -1.000000
v 0.000000 119.000000 -1.000000
v 0.812500 121.000000 -0.812500
v 0.187500 121.000000 -0.812500
v 0.187500 119.250000 -0.812500
v 0.812500 119.250000 -0.812500
v 0.187500 121.000000 -0.187500
v 0.812500 121.000000 -0.187500
v 0.812500 119.250000 -0.187500
v 0.187500 119.250000 -0.187500
v 0.187500 121.000000 -0.812500
v 0.187500 121.000000 -0.187500
v 0.187500 119.250000 -0.187500
v 0.187500 119.250000 -0.812500
v 0.812500 121.000000 -0.187500
v 0.812500 121.000000 -0.812500
v 0.812500 119.250000 -0.812500
v 0.812500 119.250000 -0.187500
v 1.000000 121.250000 -1.000000
v 0.000000 121.250000 -1.000000
v 0.000000 121.000000 -1.000000
v 1.000000 121.000000 -1.000000
v 0.000000 121.250000 0.000000
v 1.000000 121.250000 0.000000
v 1.000000 121.000000 0.000000
v 0.000000 121.000000 0.000000
v 0.000000 121.250000 -1.000000
v 0.000000 121.250000 0.000000
v 0.000000 121.000000 0.000000
v 0.000000 121.000000 -1.000000
v 1.000000 121.250000 0.000000
v 1.000000 121.250000 -1.000000
v 1.000000 121.000000 -1.000000
v 1.000000 121.000000 0.000000
v 0.000000 121.250000 -1.000000
v 1.000000 121.250000 -1.000000
v 1.000000 121.250000 0.000000
v 0.000000 121.250000 0.000000
v 0.000000 121.000000 0.000000
v 1.000000 121.000000 0.000000
v 1.000000 121.000000 -1.000000
v 0.000000 121.000000 -1.000000
v 0.812500 123.000000 -0.812500
v 0.187500 123.000000 -0.812500
v 0.187500 121.250000 -0.812500
v 0.812500 121.250000 -0.812500
v 0.187500 123.000000 -0.187500
v 0.812500 123.000000 -0.187500
v 0.812500 121.250000 -0.187500
v 0.187500 121.250000 -0.187500
v 0.187500 123.000000 -0.812500
v 0.187500 123.000000 -0.187500
v 0.187500 121.250000 -0.187500
v 0.187500 121.250000 -0.812500
v 0.812500 123.000000 -0.187500
v 0.812500 123.000000 -0.812500
v 0.812500 121.250000 -0.812500
v 0.812500 121.250000 -0.187500
v 1.000000 123.250000 -1.000000
v 0.000000 123.250000 -1.000000
v 0.000000 123.000000 -1.000000
v 1.000000 123.000000 -1.000000
v 0.000000 123.250000 0.000000
v 1.000000 123.250000 0.000000
v 1.000000 123.000000 0.000000
v 0.000000 123.000000 0.000000
v 0.000000 123.250000 -1.000000
v 0.000000 123.250000 0.000000
v 0.000000 123.000000 0.000000
v 0.000000 123.000000 -1.000000
v 1.000000 123.250000 0.000000
v 1.000000 123.250000 -1.000000
v 1.000000 123.000000 -1.000000
v 1.000000 123.000000 0.000000
v 0.000000 123.250000 -1.000000
v 1.000000 123.250000 -1.000000
v 1.000000 123.250000 0.000000
v 0.000000 123.250000 0.000000
v 0.000000 123.000000 0.000000
v 1.000000 123.000000 0.000000
v 1.000000 123.000000 -1.000000
v 0.000000 123.000000 -1.000000
v 0.812500 125.000000 -0.812500
v 0.187500 125.000000 -0.812500
v 0.187500 123.250000 -0.812500
v 0.812500 123.250000 -0.812500
v 0.187500 125.000000 -0.187500
v 0.812500 125.000000 -0.187500
v 0.812500 123.250000 -0.187500
v 0.187500 123.250000 -0.187500
v 0.187500 125.000000 -0.812500
v 0.187500 125.000000 -0.187500
v 0.187500 123.250000 -0.187500
v 0.187500 123.250000 -0.812500
v 0.812500 125.000000 -0.187500
v 0.812500 125.000000 -0.812500
v 0.812500 123.250000 -0.812500
v 0.812500 123.250000 -0.187500
v 1.000000 125.250000 -1.000000
v 0.000000 125.250000 -1.000000
v 0.000000 125.000000 -1.000000
v 1.000000 125.000000 -1.000000
v 0.000000 125.250000 0.000000
v 1.000000 125.250000 0.000000
v 1.000000 125.000000 0.000000
v 0.000000 125.000000 0.000000
v 0.000000 125.250000 -1.000000
v 0.000000 125.250000 0.000000
v 0.000000 125.000000 0.000000
v 0.000000 125.000000 -1.000000
v 1.000000 125.250000 0.000000
v 1.000000 125.250000 -1.000000
v 1.000000 125.000000 -1.000000
v 1.000000 125.000000 0.000000
v 0.000000 125.250000 -1.000000
v 1.000000 125.250000 -1.000000
v 1.000000 125.250000 0.000000
v 0.000000 125.250000 0.000000
v 0.000000 125.000000 0.000000
v 1.000000 125.000000 0.000000
v 1.000000 125.000000 -1.000000
v 0.000000 125.000000 -1.000000
v 0.812500 127.000000 -0.812500
v 0.187500 127.000000 -0.812500
v 0.187500 125.250000 -0.812500
v 0.812500 125.250000 -0.812500
v 0.187500 127.000000 -0.187500
v 0.812500 127.000000 -0.187500
v 0.812500 125.250000 -0.187500
v 0.187500 125.250000 -0.187500
v 0.187500 127.000000 -0.812500
v 0.187500 127.000000 -0.187500
v 0.187500 125.250000 -0.187500
v 0.187500 125.250000 -0.812500
v 0.812500 127.000000 -0.187500
v 0.812500 127.000000 -0.812500
v 0.812500 125.250000 -0.812500
v 0.812500 125.250000 -0.187500
v 1.000000 127.250000 -1.000000
v 0.000000 127.250000 -1.000000
v 0.000000 127.000000 -1.000000
v 1.000000 127.000000 -1.000000
v 0.000000 127.250000 0.000000
v 1.000000 127.250000 0.000000
v 1.000000 127.000000 0.000000
v 0.000000 127.000000 0.000000
v 0.000000 127.250000 -1.000000
v 0.000000 127.250000 0.000000
v 0.000000 127.000000 0.000000
v 0.000000 127.000000 -1.000000
v 1.000000 127.250000 0.000000
v 1.000000 127.250000 -1.000000
v 1.000000 127.000000 -1.000000
v 1.000000 127.000000 0.000000
v 0.000000 127.250000 -1.000000
v 1.000000 127.250000 -1.000000
v 1.000000 127.250000 0.000000
v 0.000000 127.250000 0.000000
v 0.000000 127.000000 0.000000
v 1.000000 127.000000 0.000000
v 1.000000 127.000000 -1.000000
v 0.000000 127.000000 -1.000000
v 0.812500 129.000000 -0.812500
v 0.187500 129.000000 -0.812500
v 0.187500 127.250000 -0.812500
v 0.812500 127.250000 -0.812500
v 0.187500 129.000000 -0.187500
v 0.812500 129.000000 -0.187500
v 0.812500 127.250000 -0.187500
v 0.187500 127.250000 -0.187500
v 0.187500 129.000000 -0.812500
v 0.187500 129.000000 -0.187500
v 0.187500 127.250000 -0.187500
v 0.187500 127.250000 -0.812500
v 0.812500 129.000000 -0.187500
v 0.812500 129.000000 -0.812500
v 0.812500 127.250000 -0.812500
v 0.812500 127.250000 -0.187500
v 1.000000 129.250000 -1.000000
v 0.000000 129.250000 -1.000000
v 0.000000 129.000000 -1.000000
v 1.000000 129.000000 -1.000000
v 0.000000 129.250000 0.000000
v 1.000000 129.250000 0.000000
v 1.000000 129.000000 0.000000
v 0.000000 129.000000 0.000000
v 0.000000 129.250000 -1.000000
v 0.000000 129.250000 0.000000
v 0.000000 129.000000 0.000000
v 0.000000 129.000000 -1.000000
v 1.000000 129.250000 0.000000
v 1.000000 129.250000 -1.000000
v 1.000000 129.000000 -1.000000
v 1.000000 129.000000 0.000000
v 0.000000 129.250000 -1.000000
v 1.000000 129.250000 -1.000000
v 1.000000 129.250000 0.000000
v 0.000000 129.250000 0.000000
v 0.000000 129.000000 0.000000
v 1.000000 129.000000 0.000000
v 1.000000 129.000000 -1.000000
v 0.000000 129.000000 -1.000000
v 0.812500 131.000000 -0.812500
v 0.187500 131.000000 -0.812500
v 0.187500 129.250000 -0.812500
v 0.812500 129.250000 -0.812500
v 0.187500 131.000000 -0.187500
v 0.812500 131.000000 -0.187500
v 0.812500 129.250000 -0.187500
v 0.187500 129.250000 -0.187500
v 0.187500 131.000000 -0.812500
v 0.187500 131.000000 -0.187500
v 0.187500 129.250000 -0.187500
v 0.187500 129.250000 -0.812500
v 0.812500 131.000000 -0.187500
v 0.812500 131.000000 -0.812500
v 0.812500 129.250000 -0.812500
v 0.812500 129.250000 -0.187500
v 1.000000 131.250000 -1.000000
v 0.000000 131.250000 -1.000000
v 0.000000 131.000000 -1.000000
v 1.000000 131.000000 -1.000000
v 0.000000 131.250000 0.000000
v 1.000000 131.250000 0.000000
v 1.000000 131.000000 0.000000
v 0.000000 131.000000 0.000000
v 0.000000 131.250000 -1.000000
v 0.000000 131.250000 0.000000
v 0.000000 131.000000 0.000000
v 0.000000 131.000000 -1.000000
v 1.000000 131.250000 0.000000
v 1.000000 131.250000 -1.000000
v 1.000000 131.000000 -1.000000
v 1.000000 131.000000 0.000000
v 0.000000 131.250000 -1.000000
v 1.000000 131.250000 -1.000000
v 1.000000 131.250000 0.000000
v 0.000000 131.250000 0.000000
v 0.000000 131.000000 0.000000
v 1.000000 131.000000 0.000000
v 1.000000 131.000000 -1.000000
v 0.000000 131.000000 -1.000000
v 0.812500 133.000000 -0.812500
v 0.187500 133.000000 -0.812500
v 0.187500 131.250000 -0.812500
v 0.812500 131.250000 -0.812500
v 0.187500 133.000000 -0.187500
v 0.812500 133.000000 -0.187500
v 0.812500 131.250000 -0.187500
v 0.187500 131.250000 -0.187500
v 0.187500 133.000000 -0.812500
v 0.187500 133.000000 -0.187500
v 0.187500 131.250000 -0.187500
v 0.187500 131.250000 -0.812500
v 0.812500 133.000000 -0.187500
v 0.812500 133.000000 -0.812500
v 0.812500 131.250000 -0.812500
v 0.812500 131.250000 -0.187500
v 1.000000 133.250000 -1.000000
v 0.000000 133.250000 -1.000000
v 0.000000 133.000000 -1.000000
v 1.000000 133.000000 -1.000000
v 0.000000 133.250000 0.000000
v 1.000000 133.250000 0.000000
v 1.000000 133.000000 0.000000
v 0.000000 133.000000 0.000000
v 0.000000 133.250000 -1.000000
v 0.000000 133.250000 0.000000
v 0.000000 133.000000 0.000000
v 0.000000 133.000000 -1.000000
v 1.000000 133.250000 0.000000
v 1.000000 133.250000 -1.000000
v 1.000000 133.000000 -1.000000
v 1.000000 133.000000 0.000000
v 0.000000 133.250000 -1.000000
v 1.000000 133.250000 -1.000000
v 1.000000 133.250000 0.000000
v 0.000000 133.250000 0.000000
v 0.000000 133.000000 0.000000
v 1.000000 133.000000 0.000000
v 1.000000 133.000000 -1.000000
v 0.000000 133.000000 -1.000000
v 0.812500 135.000000 -0.812500
v 0.187500 135.000000 -0.812500
v 0.187500 133.250000 -0.812500
v 0.812500 133.250000 -0.812500
v 0.187500 135.000000 -0.187500
v 0.812500 135.000000 -0.187500
v 0.812500 133.250000 -0.187500
v 0.187500 133.250000 -0.187500
v 0.187500 135.000000 -0.812500
v 0.187500 135.000000 -0.187500
v 0.187500 133.250000 -0.187500
v 0.187500 133.250000 -0.812500
v 0.812500 135.000000 -0.187500
v 0.812500 135.000000 -0.812500
v 0.812500 133.250000 -0.812500
v 0.812500 133.250000 -0.187500
v 1.000000 135.250000 -1.000000
v 0.000000 135.250000 -1.000000
v 0.000000 135.000000 -1.000000
v 1.000000 135.000000 -1.000000
v 0.000000 135.250000 0.000000
v 1.000000 135.250000 0.000000
v 1.000000 135.000000 0.000000
v 0.000000 135.000000 0.000000
v 0.000000 135.250000 -1.000000
v 0.000000 135.250000 0.000000
v 0.000000 135.000000 0.000000
v 0.000000 135.000000 -1.000000
v 1.000000 135.250000 0.000000
v 1.000000 135.250000 -1.000000
v 1.000000 135.000000 -1.000000
v 1.000000 135.000000 0.000000
v 0.000000 135.250000 -1.000000
v 1.000000 135.250000 -1.000000
v 1.000000 135.250000 0.000000
v 0.000000 135.250000 0.000000
v 0.000000 135.000000 0.000000
v 1.000000 135.000000 0.000000
v 1.000000 135.000000 -1.000000
v 0.000000 135.000000 -1.000000
v 0.812500 137.000000 -0.812500
v 0.187500 137.000000 -0.812500
v 0.187500 135.250000 -0.812500
v 0.812500 135.250000 -0.812500
v 0.187500 137.000000 -0.187500
v 0.812500 137.000000 -0.187500
v 0.812500 135.250000 -0.187500
v 0.187500 135.250000 -0.187500
v 0.187500 137.000000 -0.812500
v 0.187500 137.000000 -0.187500
v 0.187500 135.250000 -0.187500
v 0.187500 135.250000 -0.812500
v 0.812500 137.000000 -0.187500
v 0.812500 137.000000 -0.812500
v 0.812500 135.250000 -0.812500
v 0.812500 135.250000 -0.187500
v 1.000000 137.250000 -1.000000
v 0.000000 137.250000 -1.000000
v 0.000000 137.000000 -1.000000
v 1.000000 137.000000 -1.000000
v 0.000000 137.250000 0.000000
v 1.000000 137.250000 0.000000
v 1.000000 137.000000 0.000000
v 0.000000 137.000000 0.000000
v 0.000000 137.250000 -1.000000
v 0.000000 137.250000 0.000000
v 0.000000 137.000000 0.000000
v 0.000000 137.000000 -1.000000
v 1.000000 137.250000 0.000000
v 1.000000 137.250000 -1.000000
v 1.000000 137.000000 -1.000000
v 1.000000 137.000000 0.000000
v 0.000000 137.250000 -1.000000
v 1.000000 137.250000 -1.000000
v 1.000000 137.250000 0.000000
v 0.000000 137.250000 0.000000
v 0.000000 137.000000 0.000000
v 1.000000 137.000000 0.000000
v 1.000000 137.000000 -1.000000
v 0.000000 137.000000 -1.000000
v 0.812500 139.000000 -0.812500
v 0.187500 139.000000 -0.812500
v 0.187500 137.250000 -0.812500
v 0.812500 137.250000 -0.812500
v 0.187500 139.000000 -0.187500
v 0.812500 139.000000 -0.187500
v 0.812500 137.250000 -0.187500
v 0.187500 137.250000 -0.187500
v 0.187500 139.000000 -0.812500
v 0.187500 139.000000 -0.187500
v 0.187500 137.250000 -0.187500
v 0.187500 137.250000 -0.812500
v 0.812500 139.000000 -0.187500
v 0.812500 139.000000 -0.812500
v 0.812500 137.250000 -0.812500
v 0.812500 137.250000 -0.187500
v 1.000000 139.250000 -1.000000
v 0.000000 139.250000 -1.000000
v 0.000000 139.000000 -1.000000
v 1.000000 139.000000 -1.000000
v 0.000000 139.250000 0.000000
v 1.000000 139.250000 0.000000
v 1.000000 139.000000 0.000000
v 0.000000 139.000000 0.000000
v 0.000000 139.250000 -1.000000
v 0.000000 139.250000 0.000000
v 0.000000 139.000000 0.000000
v 0.000000 139.000000 -1.000000
v 1.000000 139.250000 0.000000
v 1.000000 139.250000 -1.000000
v 1.000000 139.000000 -1.000000
v 1.000000 139.000000 0.000000
v 0.000000 139.250000 -1.000000
v 1.000000 139.250000 -1.000000
v 1.000000 139.250000 0.000000
v 0.000000 139.250000 0.000000
v 0.000000 139.000000 0.000000
v 1.000000 139.000000 0.000000
v 1.000000 139.000000 -1.000000
v 0.000000 139.000000 -1.000000
v 0.812500 141.000000 -0.812500
v 0.187500 141.000000 -0.812500
v 0.187500 139.250000 -0.812500
v 0.812500 139.250000 -0.812500
v 0.187500 141.000000 -0.187500
v 0.812500 141.000000 -0.187500
v 0.812500 139.250000 -0.187500
v 0.187500 139.250000 -0.187500
v 0.187500 141.000000 -0.812500
v 0.187500 141.000000 -0.187500
v 0.187500 139.250000 -0.187500
v 0.187500 139.250000 -0.812500
v 0.812500 141.000000 -0.187500
v 0.812500 141.000000 -0.812500
v 0.812500 139.250000 -0.812500
v 0.812500 139.250000 -0.187500
v 1.000000 141.250000 -1.000000
v 0.000000 141.250000 -1.000000
v 0.000000 141.000000 -1.000000
v 1.000000 141.000000 -1.000000
v 0.000000 141.250000 0.000000
v 1.000000 141.250000 0.000000
v 1.000000 141.000000 0.000000
v 0.000000 141.000000 0.000000
v 0.000000 141.250000 -1.000000
v 0.000000 141.250000 0.000000
v 0.000000 141.000000 0.000000
v 0.000000 141.000000 -1.000000
v 1.000000 141.250000 0.000000
v 1.000000 141.250000 -1.000000
v 1.000000 141.000000 -1.000000
v 1.000000 141.000000 0.000000
v 0.000000 141.250000 -1.000000
v 1.000000 141.250000 -1.000000
v 1.000000 141.250000 0.000000
v 0.000000 141.250000 0.000000
v 0.000000 141.000000 0.000000
v 1.000000 141.000000 0.000000
v 1.000000 141.000000 -1.000000
v 0.000000 141.000000 -1.000000
v 0.812500 143.000000 -0.812500
v 0.187500 143.000000 -0.812500
v 0.187500 141.250000 -0.812500
v 0.812500 141.250000 -0.812500
v 0.187500 143.000000 -0.187500
v 0.812500 143.000000 -0.187500
v 0.812500 141.250000 -0.187500
v 0.187500 141.250000 -0.187500
v 0.187500 143.000000 -0.812500
v 0.187500 143.000000 -0.187500
v 0.187500 141.250000 -0.187500
v 0.187500 141.250000 -0.812500
v 0.812500 143.000000 -0.187500
v 0.812500 143.000000 -0.812500
v 0.812500 141.250000 -0.812500
v 0.812500 141.250000 -0.187500
v 1.000000 143.250000 -1.000000
v 0.000000 143.250000 -1.000000
v 0.000000 143.000000 -1.000000
v 1.000000 143.000000 -1.000000
v 0.000000 143.250000 0.000000
v 1.000000 143.250000 0.000000
v 1.000000 143.000000 0.000000
v 0.000000 143.000000 0.000000
v 0.000000 143.250000 -1.000000
v 0.000000 143.250000 0.000000
v 0.000000 143.000000 0.000000
v 0.000000 143.000000 -1.000000
v 1.000000 143.250000 0.000000
v 1.000000 143.250000 -1.000000
v 1.000000 143.000000 -1.000000
v 1.000000 143.000000 0.000000
v 0.000000 143.250000 -1.000000
v 1.000000 143.250000 -1.000000
v 1.000000 143.250000 0.000000
v 0.000000 143.250000 0.000000
v 0.000000 143.000000 0.000000
v 1.000000 143.000000 0.000000
v 1.000000 143.000000 -1.000000
v 0.000000 143.000000 -1.000000
v 0.812500 145.000000 -0.812500
v 0.187500 145.000000 -0.812500
v 0.187500 143.250000 -0.812500
v 0.812500 143.250000 -0.812500
v 0.187500 145.000000 -0.187500
v 0.812500 145.000000 -0.187500
v 0.812500 143.250000 -0.187500
v 0.187500 143.250000 -0.187500
v 0.187500 145.000000 -0.812500
v 0.187500 145.000000 -0.187500
v 0.187500 143.250000 -0.187500
v 0.187500 143.250000 -0.812500
v 0.812500 145.000000 -0.187500
v 0.812500 145.000000 -0.812500
v 0.812500 143.250000 -0.812500
v 0.812500 143.250000 -0.187500
v 1.000000 145.250000 -1.000000
v 0.000000 145.250000 -1.000000
v 0.000000 145.000000 -1.000000
v 1.000000 145.000000 -1.000000
v 0.000000 145.250000 0.000000
v 1.000000 145.250000 0.000000
v 1.000000 145.000000 0.000000
v 0.000000 145.000000 0.000000
v 0.000000 145.250000 -1.000000
v 0.000000 145.250000 0.000000
v 0.000000 145.000000 0.000000
v 0.000000 145.000000 -1.000000
v 1.000000 145.250000 0.000000
v 1.000000 145.250000 -1.000000
v 1.000000 145.000000 -1.000000
v 1.000000 145.000000 0.000000
v 0.000000 145.250000 -1.000000
v 1.000000 145.250000 -1.000000
v 1.000000 145.250000 0.000000
v 0.000000 145.250000 0.000000
v 0.000000 145.000000 0.000000
v 1.000000 145.000000 0.000000
v 1.000000 145.000000 -1.000000
v 0.000000 145.000000 -1.000000
v 0.812500 147.000000 -0.812500
v 0.187500 147.000000 -0.812500
v 0.187500 145.250000 -0.812500
v 0.812500 145.250000 -0.812500
v 0.187500 147.000000 -0.187500
v 0.812500 147.000000 -0.187500
v 0.812500 145.250000 -0.187500
v 0.187500 145.250000 -0.187500
v 0.187500 147.000000 -0.812500
v 0.187500 147.000000 -0.187500
v 0.187500 145.250000 -0.187500
v 0.187500 145.250000 -0.812500
v 0.812500 147.000000 -0.187500
v 0.812500 147.000000 -0.812500
v 0.812500 145.250000 -0.812500
v 0.812500 145.250000 -0.187500
v 1.000000 147.250000 -1.000000
v 0.000000 147.250000 -1.000000
v 0.000000 147.000000 -1.000000
v 1.000000 147.000000 -1.000000
v 0.000000 147.250000 0.000000
v 1.000000 147.250000 0.000000
v 1.000000 147.000000 0.000000
v 0.000000 147.000000 0.000000
v 0.000000 147.250000 -1.000000
v 0.000000 147.250000 0.000000
v 0.000000 147.000000 0.000000
v 0.000000 147.000000 -1.000000
v 1.000000 147.250000 0.000000
v 1.000000 147.250000 -1.000000
v 1.000000 147.000000 -1.000000
v 1.000000 147.000000 0.000000
v 0.000000 147.250000 -1.000000
v 1.000000 147.250000 -1.000000
v 1.000000 147.250000 0.000000
v 0.000000 147.250000 0.000000
v 0.000000 147.000000 0.000000
v 1.000000 147.000000 0.000000
v 1.000000 147.000000 -1.000000
v 0.000000 147.000000 -1.000000
v 0.812500 149.000000 -0.812500
v 0.187500 149.000000 -0.812500
v 0.187500 147.250000 -0.812500
v 0.812500 147.250000 -0.812500
v 0.187500 149.000000 -0.187500
v 0.812500 149.000000 -0.187500
v 0.812500 147.250000 -0.187500
v 0.187500 147.250000 -0.187500
v 0.187500 149.000000 -0.812500
v 0.187500 149.000000 -0.187500
v 0.187500 147.250000 -0.187500
v 0.187500 147.250000 -0.812500
v 0.812500 149.000000 -0.187500
v 0.812500 149.000000 -0.812500
v 0.812500 147.250000 -0.812500
v 0.812500 147.250000 -0.187500
v 1.000000 149.250000 -1.000000
v 0.000000 149.250000 -1.000000
v 0.000000 149.000000 -1.000000
v 1.000000 149.000000 -1.000000
v 0.000000 149.250000 0.000000
v 1.000000 149.250000 0.000000
v 1.000000 149.000000 0.000000
v 0.000000 149.000000 0.000000
v 0.000000 149.250000 -1.000000
v 0.000000 149.250000 0.000000
v 0.000000 149.000000 0.000000
v 0.000000 149.000000 -1.000000
v 1.000000 149.250000 0.000000
v 1.000000 149.250000 -1.000000
v 1.000000 149.000000 -1.000000
v 1.000000 149.000000 0.000000
v 0.000000 149.250000 -1.000000
v 1.000000 149.250000 -1.000000
v 1.000000 149.250000 0.000000
v 0.000000 149.250000 0.000000
v 0.000000 149.000000 0.000000
v 1.000000 149.000000 0.000000
v 1.000000 149.000000 -1.000000
v 0.000000 149.000000 -1.000000
v 0.812500 151.000000 -0.812500
v 0.187500 151.000000 -0.812500
v 0.187500 149.250000 -0.812500
v 0.812500 149.250000 -0.812500
v 0.187500 151.000000 -0.187500
v 0.812500 151.000000 -0.187500
v 0.812500 149.250000 -0.187500
v 0.187500 149.250000 -0.187500
v 0.187500 151.000000 -0.812500
v 0.187500 151.000000 -0.187500
v 0.187500 149.250000 -0.187500
v 0.187500 149.250000 -0.812500
v 0.812500 151.000000 -0.187500
v 0.812500 151.000000 -0.812500
v 0.812500 149.250000 -0.812500
v 0.812500 149.250000 -0.187500
v 1.000000 151.250000 -1.000000
v 0.000000 151.250000 -1.000000
v 0.000000 151.000000 -1.000000
v 1.000000 151.000000 -1.000000
v 0.000000 151.250000 0.000000
v 1.000000 151.250000 0.000000
v 1.000000 151.000000 0.000000
v 0.000000 151.000000 0.000000
v 0.000000 151.250000 -1.000000
v 0.000000 151.250000 0.000000
v 0.000000 151.000000 0.000000
v 0.000000 151.000000 -1.000000
v 1.000000 151.250000 0.000000
v 1.000000 151.250000 -1.000000
v 1.000000 151.000000 -1.000000
v 1.000000 151.000000 0.000000
v 0.000000 151.250000 -1.000000
v 1.000000 151.250000 -1.000000
v 1.000000 151.250000 0.000000
v 0.000000 151.250000 0.000000
v 0.000000 151.000000 0.000000
v 1.000000 151.000000 0.000000
v 1.000000 151.000000 -1.000000
v 0.000000 151.000000 -1.000000
v 0.812500 153.000000 -0.812500
v 0.187500 153.000000 -0.812500
v 0.187500 151.250000 -0.812500
v 0.812500 151.250000 -0.812500
v 0.187500 153.000000 -0.187500
v 0.812500 153.000000 -0.187500
v 0.812500 151.250000 -0.187500
v 0.187500 151.250000 -0.187500
v 0.187500 153.000000 -0.812500
v 0.187500 153.000000 -0.187500
v 0.187500 151.250000 -0.187500
v 0.187500 151.250000 -0.812500
v 0.812500 153.000000 -0.187500
v 0.812500 153.000000 -0.812500
v 0.812500 151.250000 -0.812500
v 0.812500 151.250000 -0.187500
v 1.000000 153.250000 -1.000000
v 0.000000 153.250000 -1.000000
v 0.000000 153.000000 -1.000000
v 1.000000 153.000000 -1.000000
v 0.000000 153.250000 0.000000
v 1.000000 153.250000 0.000000
v 1.000000 153.000000 0.000000
v 0.000000 153.000000 0.000000
v 0.000000 153.250000 -1.000000
v 0.000000 153.250000 0.000000
v 0.000000 153.000000 0.000000
v 0.000000 153.000000 -1.000000
v 1.000000 153.250000 0.000000
v 1.000000 153.250000 -1.000000
v 1.000000 153.000000 -1.000000
v 1.000000 153.000000 0.000000
v 0.000000 153.250000 -1.000000
v 1.000000 153.250000 -1.000000
v 1.000000 153.250000 0.000000
v 0.000000 153.250000 0.000000
v 0.000000 153.000000 0.000000
v 1.000000 153.000000 0.000000
v 1.000000 153.000000 -1.000000
v 0.000000 153.000000 -1.000000
v 0.812500 155.000000 -0.812500
v 0.187500 155.000000 -0.812500
v 0.187500 153.250000 -0.812500
v 0.812500 153.250000 -0.812500
v 0.187500 155.000000 -0.187500
v 0.812500 155.000000 -0.187500
v 0.812500 153.250000 -0.187500
v 0.187500 153.250000 -0.187500
v 0.187500 155.000000 -0.812500
v 0.187500 155.000000 -0.187500
v 0.187500 153.250000 -0.187500
v 0.187500 153.250000 -0.812500
v 0.812500 155.000000 -0.187500
v 0.812500 155.000000 -0.812500
v 0.812500 153.250000 -0.812500
v 0.812500 153.250000 -0.187500
v 1.000000 155.250000 -1.000000
v 0.000000 155.250000 -1.000000
v 0.000000 155.000000 -1.000000
v 1.000000 155.000000 -1.000000
v 0.000000 155.250000 0.000000
v 1.000000 155.250000 0.000000
v 1.000000 155.000000 0.000000
v 0.000000 155.000000 0.000000
v 0.000000 155.250000 -1.000000
v 0.000000 155.250000 0.000000
v 0.000000 155.000000 0.000000
v 0.000000 155.000000 -1.000000
v 1.000000 155.250000 0.000000
v 1.000000 155.250000 -1.000000
v 1.000000 155.000000 -1.000000
v 1.000000 155.000000 0.000000
v 0.000000 155.250000 -1.000000
v 1.000000 155.250000 -1.000000
v 1.000000 155.250000 0.000000
v 0.000000 155.250000 0.000000
v 0.000000 155.000000 0.000000
v 1.000000 155.000000 0.000000
v 1.000000 155.000000 -1.000000
v 0.000000 155.000000 -1.000000
v 0.812500 157.000000 -0.812500
v 0.187500 157.000000 -0.812500
v 0.187500 155.250000 -0.812500
v 0.812500 155.250000 -0.812500
v 0.187500 157.000000 -0.187500
v 0.812500 157.000000 -0.187500
v 0.812500 155.250000 -0.187500
v 0.187500 155.250000 -0.187500
v 0.187500 157.000000 -0.812500
v 0.187500 157.000000 -0.187500
v 0.187500 155.250000 -0.187500
v 0.187500 155.250000 -0.812500
v 0.812500 157.000000 -0.187500
v 0.812500 157.000000 -0.812500
v 0.812500 155.250000 -0.812500
v 0.812500 155.250000 -0.187500
v 1.000000 157.250000 -1.000000
v 0.000000 157.250000 -1.000000
v 0.000000 157.000000 -1.000000
v 1.000000 157.000000 -1.000000
v 0.000000 157.250000 0.000000
v 1.000000 157.250000 0.000000
v 1.000000 157.000000 0.000000
v 0.000000 157.000000 0.000000
v 0.000000 157.250000 -1.000000
v 0.000000 157.250000 0.000000
v 0.000000 157.000000 0.000000
v 0.000000 157.000000 -1.000000
v 1.000000 157.250000 0.000000
v 1.000000 157.250000 -1.000000
v 1.000000 157.000000 -1.000000
v 1.000000 157.000000 0.000000
v 0.000000 157.250000 -1.000000
v 1.000000 157.250000 -1.000000
v 1.000000 157.250000 0.000000
v 0.000000 157.250000 0.000000
v 0.000000 157.000000 0.000000
v 1.000000 157.000000 0.000000
v 1.000000 157.000000 -1.000000
v 0.000000 157.000000 -1.000000
v 0.812500 159.000000 -0.812500
v 0.187500 159.000000 -0.812500
v 0.187500 157.250000 -0.812500
v 0.812500 157.250000 -0.812500
v 0.187500 159.000000 -0.187500
v 0.812500 159.000000 -0.187500
v 0.812500 157.250000 -0.187500
v 0.187500 157.250000 -0.187500
v 0.187500 159.000000 -0.812500
v 0.187500 159.000000 -0.187500
v 0.187500 157.250000 -0.187500
v 0.187500 157.250000 -0.812500
v 0.812500 159.000000 -0.187500
v 0.812500 159.000000 -0.812500
v 0.812500 157.250000 -0.812500
v 0.812500 157.250000 -0.187500
v 1.000000 159.250000 -1.000000
v 0.000000 159.250000 -1.000000
v 0.000000 159.000000 -1.000000
v 1.000000 159.000000 -1.000000
v 0.000000 159.250000 0.000000
v 1.000000 159.250000 0.000000
v 1.000000 159.000000 0.000000
v 0.000000 159.000000 0.000000
v 0.000000 159.250000 -1.000000
v 0.000000 159.250000 0.000000
v 0.000000 159.000000 0.000000
v 0.000000 159.000000 -1.000000
v 1.000000 159.250000 0.000000
v 1.000000 159.250000 -1.000000
v 1.000000 159.000000 -1.000000
v 1.000000 159.000000 0.000000
v 0.000000 159.250000 -1.000000
v 1.000000 159.250000 -1.000000
v 1.000000 159.250000 0.000000
v 0.000000 159.250000 0.000000
v 0.000000 159.000000 0.000000
v 1.000000 159.000000 0.000000
v 1.000000 159.000000 -1.000000
v 0.000000 159.000000 -1.000000
v 0.812500 161.000000 -0.812500
v 0.187500 161.000000 -0.812500
v 0.187500 159.250000 -0.812500
v 0.812500 159.250000 -0.812500
v 0.187500 161.000000 -0.187500
v 0.812500 161.000000 -0.187500
v 0.812500 159.250000 -0.187500
v 0.187500 159.250000 -0.187500
v 0.187500 161.000000 -0.812500
v 0.187500 161.000000 -0.187500
v 0.187500 159.250000 -0.187500
v 0.187500 159.250000 -0.812500
v 0.812500 161.000000 -0.187500
v 0.812500 161.000000 -0.812500
v 0.812500 159.250000 -0.812500
v 0.812500 159.250000 -0.187500
v 1.000000 161.250000 -1.000000
v 0.000000 161.250000 -1.000000
v 0.000000 161.000000 -1.000000
v 1.000000 161.000000 -1.000000
v 0.000000 161.250000 0.000000
v 1.000000 161.250000 0.000000
v 1.000000 161.000000 0.000000
v 0.000000 161.000000 0.000000
v 0.000000 161.250000 -1.000000
v 0.000000 161.250000 0.000000
v 0.000000 161.000000 0.000000
v 0.000000 161.000000 -1.000000
v 1.000000 161.250000 0.000000
v 1.000000 161.250000 -1.000000
v 1.000000 161.000000 -1.000000
v 1.000000 161.000000 0.000000
v 0.000000 161.250000 -1.000000
v 1.000000 161.250000 -1.000000
v 1.000000 161.250000 0.000000
v 0.000000 161.250000 0.000000
v 0.000000 161.000000 0.000000
v 1.000000 161.000000 0.000000
v 1.000000 161.000000 -1.000000
v 0.000000 161.000000 -1.000000
v 0.812500 163.000000 -0.812500
v 0.187500 163.000000 -0.812500
v 0.187500 161.250000 -0.812500
v 0.812500 161.250000 -0.812500
v 0.187500 163.000000 -0.187500
v 0.812500 163.000000 -0.187500
v 0.812500 161.250000 -0.187500
v 0.187500 161.250000 -0.187500
v 0.187500 163.000000 -0.812500
v 0.187500 163.000000 -0.187500
v 0.187500 161.250000 -0.187500
v 0.187500 161.250000 -0.812500
v 0.812500 163.000000 -0.187500
v 0.812500 163.000000 -0.812500
v 0.812500 161.250000 -0.812500
v 0.812500 161.250000 -0.187500
v 1.000000 163.250000 -1.000000
v 0.000000 163.250000 -1.000000
v 0.000000 163.000000 -1.000000
v 1.000000 163.000000 -1.000000
v 0.000000 163.250000 0.000000
v 1.000000 163.250000 0.000000
v 1.000000 163.000000 0.000000
v 0.000000 163.000000 0.000000
v 0.000000 163.250000 -1.000000
v 0.000000 163.250000 0.000000
v 0.000000 163.000000 0.000000
v 0.000000 163.000000 -1.000000
v 1.000000 163.250000 0.000000
v 1.000000 163.250000 -1.000000
v 1.000000 163.000000 -1.000000
v 1.000000 163.000000 0.000000
v 0.000000 163.250000 -1.000000
v 1.000000 163.250000 -1.000000
v 1.000000 163.250000 0.000000
v 0.000000 163.250000 0.000000
v 0.000000 163.000000 0.000000
v 1.000000 163.000000 0.000000
v 1.000000 163.000000 -1.000000
v 0.000000 163.000000 -1.000000
v 0.812500 165.000000 -0.812500
v 0.187500 165.000000 -0.812500
v 0.187500 163.250000 -0.812500
v 0.812500 163.250000 -0.812500
v 0.187500 165.000000 -0.187500
v 0.812500 165.000000 -0.187500
v 0.812500 163.250000 -0.187500
v 0.187500 163.250000 -0.187500
v 0.187500 165.000000 -0.812500
v 0.187500 165.000000 -0.187500
v 0.187500 163.250000 -0.187500
v 0.187500 163.250000 -0.812500
v 0.812500 165.000000 -0.187500
v 0.812500 165.000000 -0.812500
v 0.812500 163.250000 -0.812500
v 0.812500 163.250000 -0.187500
v 1.000000 165.250000 -1.000000
v 0.000000 165.250000 -1.000000
v 0.000000 165.000000 -1.000000
v 1.000000 165.000000 -1.000000
v 0.000000 165.250000 0.000000
v 1.000000 165.250000 0.000000
v 1.000000 165.000000 0.000000
v 0.000000 165.000000 0.000000
v 0.000000 165.250000 -1.000000
v 0.000000 165.250000 0.000000
v 0.000000 165.000000 0.000000
v 0.000000 165.000000 -1.000000
v 1.000000 165.250000 0.000000
v 1.000000 165.250000 -1.000000
v 1.000000 165.000000 -1.000000
v 1.000000 165.000000 0.000000
v 0.000000 165.250000 -1.000000
v 1.000000 165.250000 -1.000000
v 1.000000 165.250000 0.000000
v 0.000000 165.250000 0.000000
v 0.000000 165.000000 0.000000
v 1.000000 165.000000 0.000000
v 1.000000 165.000000 -1.000000
v 0.000000 165.000000 -1.000000
v 0.812500 167.000000 -0.812500
v 0.187500 167.000000 -0.812500
v 0.187500 165.250000 -0.812500
v 0.812500 165.250000 -0.812500
v 0.187500 167.000000 -0.187500
v 0.812500 167.000000 -0.187500
v 0.812500 165.250000 -0.187500
v 0.187500 165.250000 -0.187500
v 0.187500 167.000000 -0.812500
v 0.187500 167.000000 -0.187500
v 0.187500 165.250000 -0.187500
v 0.187500 165.250000 -0.812500
v 0.812500 167.000000 -0.187500
v 0.812500 167.000000 -0.812500
v 0.812500 165.250000 -0.812500
v 0.812500 165.250000 -0.187500
v 1.000000 167.250000 -1.000000
v 0.000000 167.250000 -1.000000
v 0.000000 167.000000 -1.000000
v 1.000000 167.000000 -1.000000
v 0.000000 167.250000 0.000000
v 1.000000 167.250000 0.000000
v 1.000000 167.000000 0.000000
v 0.000000 167.000000 0.000000
v 0.000000 167.250000 -1.000000
v 0.000000 167.250000 0.000000
v 0.000000 167.000000 0.000000
v 0.000000 167.000000 -1.000000
v 1.000000 167.250000 0.000000
v 1.000000 167.250000 -1.000000
v 1.000000 167.000000 -1.000000
v 1.000000 167.000000 0.000000
v 0.000000 167.250000 -1.000000
v 1.000000 167.250000 -1.000000
v 1.000000 167.250000 0.000000
v 0.000000 167.250000 0.000000
v 0.000000 167.000000 0.000000
v 1.000000 167.000000 0.000000
v 1.000000 167.000000 -1.000000
v 0.000000 167.000000 -1.000000
v 0.812500 169.000000 -0.812500
v 0.187500 169.000000 -0.812500
v 0.187500 167.250000 -0.812500
v 0.812500 167.250000 -0.812500
v 0.187500 169.000000 -0.187500
v 0.812500 169.000000 -0.187500
v 0.812500 167.250000 -0.187500
v 0.187500 167.250000 -0.187500
v 0.187500 169.000000 -0.812500
v 0.187500 169.000000 -0.187500
v 0.187500 167.250000 -0.187500
v 0.187500 167.250000 -0.812500
v 0.812500 169.000000 -0.187500
v 0.812500 169.000000 -0.812500
v 0.812500 167.250000 -0.812500
v 0.812500 167.250000 -0.187500
v 1.000000 169.250000 -1.000000
v 0.000000 169.250000 -1.000000
v 0.000000 169.000000 -1.000000
v 1.000000 169.000000 -1.000000
v 0.000000 169.250000 0.000000
v 1.000000 169.250000 0.000000
v 1.000000 169.000000 0.000000
v 0.000000 169.000000 0.000000
v 0.000000 169.250000 -1.000000
v 0.000000 169.250000 0.000000
v 0.000000 169.000000 0.000000
v 0.000000 169.000000 -1.000000
v 1.000000 169.250000 0.000000
v 1.000000 169.250000 -1.000000
v 1.000000 169.000000 -1.000000
v 1.000000 169.000000 0.000000
v 0.000000 169.250000 -1.000000
v 1.000000 169.250000 -1.000000
v 1.000000 169.250000 0.000000
v 0.000000 169.250000 0.000000
v 0.000000 169.000000 0.000000
v 1.000000 169.000000 0.000000
v 1.000000 169.000000 -1.000000
v 0.000000 169.000000 -1.000000
v 0.812500 171.000000 -0.812500
v 0.187500 171.000000 -0.812500
v 0.187500 169.250000 -0.812500
v 0.812500 169.250000 -0.812500
v 0.187500 171.000000 -0.187500
v 0.812500 171.000000 -0.187500
v 0.812500 169.250000 -0.187500
v 0.187500 169.250000 -0.187500
v 0.187500 171.000000 -0.812500
v 0.187500 171.000000 -0.187500
v 0.187500 169.250000 -0.187500
v 0.187500 169.250000 -0.812500
v 0.812500 171.000000 -0.187500
v 0.812500 171.000000 -0.812500
v 0.812500 169.250000 -0.812500
v 0.812500 169.250000 -0.187500
v 1.000000 171.250000 -1.000000
v 0.000000 171.250000 -1.000000
v 0.000000 171.000000 -1.000000
v 1.000000 171.000000 -1.000000
v 0.000000 171.250000 0.000000
v 1.000000 171.250000 0.000000
v 1.000000 171.000000 0.000000
v 0.000000 171.000000 0.000000
v 0.000000 171.250000 -1.000000
v 0.000000 171.250000 0.000000
v 0.000000 171.000000 0.000000
v 0.000000 171.000000 -1.000000
v 1.000000 171.250000 0.000000
v 1.000000 171.250000 -1.000000
v 1.000000 171.000000 -1.000000
v 1.000000 171.000000 0.000000
v 0.000000 171.250000 -1.000000
v 1.000000 171.250000 -1.000000
v 1.000000 171.250000 0.000000
v 0.000000 171.250000 0.000000
v 0.000000 171.000000 0.000000
v 1.000000 171.000000 0.000000
v 1.000000 171.000000 -1.000000
v 0.000000 171.000000 -1.000000
v 0.812500 173.000000 -0.812500
v 0.187500 173.000000 -0.812500
v 0.187500 171.250000 -0.812500
v 0.812500 171.250000 -0.812500
v 0.187500 173.000000 -0.187500
v 0.812500 173.000000 -0.187500
v 0.812500 171.250000 -0.187500
v 0.187500 171.250000 -0.187500
v 0.187500 173.000000 -0.812500
v 0.187500 173.000000 -0.187500
v 0.187500 171.250000 -0.187500
v 0.187500 171.250000 -0.812500
v 0.812500 173.000000 -0.187500
v 0.812500 173.000000 -0.812500
v 0.812500 171.250000 -0.812500
v 0.812500 171.250000 -0.187500
v 1.000000 173.250000 -1.000000
v 0.000000 173.250000 -1.000000
v 0.000000 173.000000 -1.000000
v 1.000000 173.000000 -1.000000
v 0.000000 173.250000 0.000000
v 1.000000 173.250000 0.000000
v 1.000000 173.000000 0.000000
v 0.000000 173.000000 0.000000
v 0.000000 173.250000 -1.000000
v 0.000000 173.250000 0.000000
v 0.000000 173.000000 0.000000
v 0.000000 173.000000 -1.000000
v 1.000000 173.250000 0.000000
v 1.000000 173.250000 -1.000000
v 1.000000 173.000000 -1.000000
v 1.000000 173.000000 0.000000
v 0.000000 173.250000 -1.000000
v 1.000000 173.250000 -1.000000
v 1.000000 173.250000 0.000000
v 0.000000 173.250000 0.000000
v 0.000000 173.000000 0.000000
v 1.000000 173.000000 0.000000
v 1.000000 173.000000 -1.000000
v 0.000000 173.000000 -1.000000
v 0.812500 175.000000 -0.812500
v 0.187500 175.000000 -0.812500
v 0.187500 173.250000 -0.812500
v 0.812500 173.250000 -0.812500
v 0.187500 175.000000 -0.187500
v 0.812500 175.000000 -0.187500
v 0.812500 173.250000 -0.187500
v 0.187500 173.250000 -0.187500
v 0.187500 175.000000 -0.812500
v 0.187500 175.000000 -0.187500
v 0.187500 173.250000 -0.187500
v 0.187500 173.250000 -0.812500
v 0.812500 175.000000 -0.187500
v 0.812500 175.000000 -0.812500
v 0.812500 173.250000 -0.812500
v 0.812500 173.250000 -0.187500
v 1.000000 175.250000 -1.000000
v 0.000000 175.250000 -1.000000
v 0.000000 175.000000 -1.000000
v 1.000000 175.000000 -1.000000
v 0.000000 175.250000 0.000000
v 1.000000 175.250000 0.000000
v 1.000000 175.000000 0.000000
v 0.000000 175.000000 0.000000
v 0.000000 175.250000 -1.000000
v 0.000000 175.250000 0.000000
v 0.000000 175.000000 0.000000
v 0.000000 175.000000 -1.000000
v 1.000000 175.250000 0.000000
v 1.000000 175.250000 -1.000000
v 1.000000 175.000000 -1.000000
v 1.000000 175.000000 0.000000
v 0.000000 175.250000 -1.000000
v 1.000000 175.250000 -1.000000
v 1.000000 175.250000 0.000000
v 0.000000 175.250000 0.000000
v 0.000000 175.000000 0.000000
v 1.000000 175.000000 0.000000
v 1.000000 175.000000 -1.000000
v 0.000000 175.000000 -1.000000
v 0.812500 177.000000 -0.812500
v 0.187500 177.000000 -0.812500
v 0.187500 175.250000 -0.812500
v 0.812500 175.250000 -0.812500
v 0.187500 177.000000 -0.187500
v 0.812500 177.000000 -0.187500
v 0.812500 175.250000 -0.187500
v 0.187500 175.250000 -0.187500
v 0.187500 177.000000 -0.812500
v 0.187500 177.000000 -0.187500
v 0.187500 175.250000 -0.187500
v 0.187500 175.250000 -0.812500
v 0.812500 177.000000 -0.187500
v 0.812500 177.000000 -0.812500
v 0.812500 175.250000 -0.812500
v 0.812500 175.250000 -0.187500
v 1.000000 177.250000 -1.000000
v 0.000000 177.250000 -1.000000
v 0.000000 177.000000 -1.000000
v 1.000000 177.000000 -1.000000
v 0.000000 177.250000 0.000000
v 1.000000 177.250000 0.000000
v 1.000000 177.000000 0.000000
v 0.000000 177.000000 0.000000
v 0.000000 177.250000 -1.000000
v 0.000000 177.250000 0.000000
v 0.000000 177.000000 0.000000
v 0.000000 177.000000 -1.000000
v 1.000000 177.250000 0.000000
v 1.000000 177.250000 -1.000000
v 1.000000 177.000000 -1.000000
v 1.000000 177.000000 0.000000
v 0.000000 177.250000 -1.000000
v 1.000000 177.250000 -1.000000
v 1.000000 177.250000 0.000000
v 0.000000 177.250000 0.000000
v 0.000000 177.000000 0.000000
v 1.000000 177.000000 0.000000
v 1.000000 177.000000 -1.000000
v 0.000000 177.000000 -1.000000
v 0.812500 179.000000 -0.812500
v 0.187500 179.000000 -0.812500
v 0.187500 177.250000 -0.812500
v 0.812500 177.250000 -0.812500
v 0.187500 179.000000 -0.187500
v 0.812500 179.000000 -0.187500
v 0.812500 177.250000 -0.187500
v 0.187500 177.250000 -0.187500
v 0.187500 179.000000 -0.812500
v 0.187500 179.000000 -0.187500
v 0.187500 177.250000 -0.187500
v 0.187500 177.250000 -0.812500
v 0.812500 179.000000 -0.187500
v 0.812500 179.000000 -0.812500
v 0.812500 177.250000 -0.812500
v 0.812500 177.250000 -0.187500
v 1.000000 179.250000 -1.000000
v 0.000000 179.250000 -1.000000
v 0.000000 179.000000 -1.000000
v 1.000000 179.000000 -1.000000
v 0.000000 179.250000 0.000000
v 1.000000 179.250000 0.000000
v 1.000000 179.000000 0.000000
v 0.000000 179.000000 0.000000
v 0.000000 179.250000 -1.000000
v 0.000000 179.250000 0.000000
v 0.000000 179.000000 0.000000
v 0.000000 179.000000 -1.000000
v 1.000000 179.250000 0.000000
v 1.000000 179.250000 -1.000000
v 1.000000 179.000000 -1.000000
v 1.000000 179.000000 0.000000
v 0.000000 179.250000 -1.000000
v 1.000000 179.250000 -1.000000
v 1.000000 179.250000 0.000000
v 0.000000 179.250000 0.000000
v 0.000000 179.000000 0.000000
v 1.000000 179.000000 0.000000
v 1.000000 179.000000 -1.000000
v 0.000000 179.000000 -1.000000
v 0.812500 181.000000 -0.812500
v 0.187500 181.000000 -0.812500
v 0.187500 179.250000 -0.812500
v 0.812500 179.250000 -0.812500
v 0.187500 181.000000 -0.187500
v 0.812500 181.000000 -0.187500
v 0.812500 179.250000 -0.187500
v 0.187500 179.250000 -0.187500
v 0.187500 181.000000 -0.812500
v 0.187500 181.000000 -0.187500
v 0.187500 179.250000 -0.187500
v 0.187500 179.250000 -0.812500
v 0.812500 181.000000 -0.187500
v 0.812500 181.000000 -0.812500
v 0.812500 179.250000 -0.812500
v 0.812500 179.250000 -0.187500
v 1.000000 181.250000 -1.000000
v 0.000000 181.250000 -1.000000
v 0.000000 181.000000 -1.000000
v 1.000000 181.000000 -1.000000
v 0.000000 181.250000 0.000000
v 1.000000 181.250000 0.000000
v 1.000000 181.000000 0.000000
v 0.000000 181.000000 0.000000
v 0.000000 181.250000 -1.000000
v 0.000000 181.250000 0.000000
v 0.000000 181.000000 0.000000
v 0.000000 181.000000 -1.000000
v 1.000000 181.250000 0.000000
v 1.000000 181.250000 -1.000000
v 1.000000 181.000000 -1.000000
v 1.000000 181.000000 0.000000
v 0.000000 181.250000 -1.000000
v 1.000000 181.250000 -1.000000
v 1.000000 181.250000 0.000000
v 0.000000 181.250000 0.000000
v 0.000000 181.000000 0.000000
v 1.000000 181.000000 0.000000
v 1.000000 181.000000 -1.000000
v 0.000000 181.000000 -1.000000
v 0.812500 183.000000 -0.812500
v 0.187500 183.000000 -0.812500
v 0.187500 181.250000 -0.812500
v 0.812500 181.250000 -0.812500
v 0.187500 183.000000 -0.187500
v 0.812500 183.000000 -0.187500
v 0.812500 181.250000 -0.187500
v 0.187500 181.250000 -0.187500
v 0.187500 183.000000 -0.812500
v 0.187500 183.000000 -0.187500
v 0.187500 181.250000 -0.187500
v 0.187500 181.250000 -0.812500
v 0.812500 183.000000 -0.187500
v 0.812500 183.000000 -0.812500
v 0.812500 181.250000 -0.812500
v 0.812500 181.250000 -0.187500
v 1.000000 183.250000 -1.000000
v 0.000000 183.250000 -1.000000
v 0.000000 183.000000 -1.000000
v 1.000000 183.000000 -1.000000
v 0.000000 183.250000 0.000000
v 1.000000 183.250000 0.000000
v 1.000000 183.000000 0.000000
v 0.000000 183.000000 0.000000
v 0.000000 183.250000 -1.000000
v 0.000000 183.250000 0.000000
v 0.000000 183.000000 0.000000
v 0.000000 183.000000 -1.000000
v 1.000000 183.250000 0.000000
v 1.000000 183.250000 -1.000000
v 1.000000 183.000000 -1.000000
v 1.000000 183.000000 0.000000
v 0.000000 183.250000 -1.000000
v 1.000000 183.250000 -1.000000
v 1.000000 183.250000 0.000000
v 0.000000 183.250000 0.000000
v 0.000000 183.000000 0.000000
v 1.000000 183.000000 0.000000
v 1.000000 183.000000 -1.000000
v 0.000000 183.000000 -1.000000
v 0.812500 185.000000 -0.812500
v 0.187500 185.000000 -0.812500
v 0.187500 183.250000 -0.812500
v 0.812500 183.250000 -0.812500
v 0.187500 185.000000 -0.187500
v 0.812500 185.000000 -0.187500
v 0.812500 183.250000 -0.187500
v 0.187500 183.250000 -0.187500
v 0.187500 185.000000 -0.812500
v 0.187500 185.000000 -0.187500
v 0.187500 183.250000 -0.187500
v 0.187500 183.250000 -0.812500
v 0.812500 185.000000 -0.187500
v 0.812500 185.000000 -0.812500
v 0.812500 183.250000 -0.812500
v 0.812500 183.250000 -0.187500
v 1.000000 185.250000 -1.000000
v 0.000000 185.250000 -1.000000
v 0.000000 185.000000 -1.000000
v 1.000000 185.000000 -1.000000
v 0.000000 185.250000 0.000000
v 1.000000 185.250000 0.000000
v 1.000000 185.000000 0.000000
v 0.000000 185.000000 0.000000
v 0.000000 185.250000 -1.000000
v 0.000000 185.250000 0.000000
v 0.000000 185.000000 0.000000
v 0.000000 185.000000 -1.000000
v 1.000000 185.250000 0.000000
v 1.000000 185.250000 -1.000000
v 1.000000 185.000000 -1.000000
v 1.000000 185.000000 0.000000
v 0.000000 185.250000 -1.000000
v 1.000000 185.250000 -1.000000
v 1.000000 185.250000 0.000000
v 0.000000 185.250000 0.000000
v 0.000000 185.000000 0.000000
v 1.000000 185.000000 0.000000
v 1.000000 185.000000 -1.000000
v 0.000000 185.000000 -1.000000
v 0.812500 187.000000 -0.812500
v 0.187500 187.000000 -0.812500
v 0.187500 185.250000 -0.812500
v 0.812500 185.250000 -0.812500
v 0.187500 187.000000 -0.187500
v 0.812500 187.000000 -0.187500
v 0.812500 185.250000 -0.187500
v 0.187500 185.250000 -0.187500
v 0.187500 187.000000 -0.812500
v 0.187500 187.000000 -0.187500
v 0.187500 185.250000 -0.187500
v 0.187500 185.250000 -0.812500
v 0.812500 187.000000 -0.187500
v 0.812500 187.000000 -0.812500
v 0.812500 185.250000 -0.812500
v 0.812500 185.250000 -0.187500
v 1.000000 187.250000 -1.000000
v 0.000000 187.250000 -1.000000
v 0.000000 187.000000 -1.000000
v 1.000000 187.000000 -1.000000
v 0.000000 187.250000 0.000000
v 1.000000 187.250000 0.000000
v 1.000000 187.000000 0.000000
v 0.000000 187.000000 0.000000
v 0.000000 187.250000 -1.000000
v 0.000000 187.250000 0.000000
v 0.000000 187.000000 0.000000
v 0.000000 187.000000 -1.000000
v 1.000000 187.250000 0.000000
v 1.000000 187.250000 -1.000000
v 1.000000 187.000000 -1.000000
v 1.000000 187.000000 0.000000
v 0.000000 187.250000 -1.000000
v 1.000000 187.250000 -1.000000
v 1.000000 187.250000 0.000000
v 0.000000 187.250000 0.000000
v 0.000000 187.000000 0.000000
v 1.000000 187.000000 0.000000
v 1.000000 187.000000 -1.000000
v 0.000000 187.000000 -1.000000
v 0.812500 189.000000 -0.812500
v 0.187500 189.000000 -0.812500
v 0.187500 187.250000 -0.812500
v 0.812500 187.250000 -0.812500
v 0.187500 189.000000 -0.187500
v 0.812500 189.000000 -0.187500
v 0.812500 187.250000 -0.187500
v 0.187500 187.250000 -0.187500
v 0.187500 189.000000 -0.812500
v 0.187500 189.000000 -0.187500
v 0.187500 187.250000 -0.187500
v 0.187500 187.250000 -0.812500
v 0.812500 189.000000 -0.187500
v 0.812500 189.000000 -0.812500
v 0.812500 187.250000 -0.812500
v 0.812500 187.250000 -0.187500
v 1.000000 189.250000 -1.000000
v 0.000000 189.250000 -1.000000
v 0.000000 189.000000 -1.000000
v 1.000000 189.000000 -1.000000
v 0.000000 189.250000 0.000000
v 1.000000 189.250000 0.000000
v 1.000000 189.000000 0.000000
v 0.000000 189.000000 0.000000
v 0.000000 189.250000 -1.000000
v 0.000000 189.250000 0.000000
v 0.000000 189.000000 0.000000
v 0.000000 189.000000 -1.000000
v 1.000000 189.250000 0.000000
v 1.000000 189.250000 -1.000000
v 1.000000 189.000000 -1.000000
v 1.000000 189.000000 0.000000
v 0.000000 189.250000 -1.000000
v 1.000000 189.250000 -1.000000
v 1.000000 189.250000 0.000000
v 0.000000 189.250000 0.000000
v 0.000000 189.000000 0.000000
v 1.000000 189.000000 0.000000
v 1.000000 189.000000 -1.000000
v 0.000000 189.000000 -1.000000
v 0.812500 191.000000 -0.812500
v 0.187500 191.000000 -0.812500
v 0.187500 189.250000 -0.812500
v 0.812500 189.250000 -0.812500
v 0.187500 191.000000 -0.187500
v 0.812500 191.000000 -0.187500
v 0.812500 189.250000 -0.187500
v 0.187500 189.250000 -0.187500
v 0.187500 191.000000 -0.812500
v 0.187500 191.000000 -0.187500
v 0.187500 189.250000 -0.187500
v 0.187500 189.250000 -0.812500
v 0.812500 191.000000 -0.187500
v 0.812500 191.000000 -0.812500
v 0.812500 189.250000 -0.812500
v 0.812500 189.250000 -0.187500
v 1.000000 191.250000 -1.000000
v 0.000000 191.250000 -1.000000
v 0.000000 191.000000 -1.000000
v 1.000000 191.000000 -1.000000
v 0.000000 191.250000 0.000000
v 1.000000 191.250000 0.000000
v 1.000000 191.000000 0.000000
v 0.000000 191.000000 0.000000
v 0.000000 191.250000 -1.000000
v 0.000000 191.250000 0.000000
v 0.000000 191.000000 0.000000
v 0.000000 191.000000 -1.000000
v 1.000000 191.250000 0.000000
v 1.000000 191.250000 -1.000000
v 1.000000 191.000000 -1.000000
v 1.000000 191.000000 0.000000
v 0.000000 191.250000 -1.000000
v 1.000000 191.250000 -1.000000
v 1.000000 191.250000 0.000000
v 0.000000 191.250000 0.000000
v 0.000000 191.000000 0.000000
v 1.000000 191.000000 0.000000
v 1.000000 191.000000 -1.000000
v 0.000000 191.000000 -1.000000
v 0.812500 193.000000 -0.812500
v 0.187500 193.000000 -0.812500
v 0.187500 191.250000 -0.812500
v 0.812500 191.250000 -0.812500
v 0.187500 193.000000 -0.187500
v 0.812500 193.000000 -0.187500
v 0.812500 191.250000 -0.187500
v 0.187500 191.250000 -0.187500
v 0.187500 193.000000 -0.812500
v 0.187500 193.000000 -0.187500
v 0.187500 191.250000 -0.187500
v 0.187500 191.250000 -0.812500
v 0.812500 193.000000 -0.187500
v 0.812500 193.000000 -0.812500
v 0.812500 191.250000 -0.812500
v 0.812500 191.250000 -0.187500
v 1.000000 193.250000 -1.000000
v 0.000000 193.250000 -1.000000
v 0.000000 193.000000 -1.000000
v 1.000000 193.000000 -1.000000
v 0.000000 193.250000 0.000000
v 1.000000 193.250000 0.000000
v 1.000000 193.000000 0.000000
v 0.000000 193.000000 0.000000
v 0.000000 193.250000 -1.000000
v 0.000000 193.250000 0.000000
v 0.000000 193.000000 0.000000
v 0.000000 193.000000 -1.000000
v 1.000000 193.250000 0.000000
v 1.000000 193.250000 -1.000000
v 1.000000 193.000000 -1.000000
v 1.000000 193.000000 0.000000
v 0.000000 193.250000 -1.000000
v 1.000000 193.250000 -1.000000
v 1.000000 193.250000 0.000000
v 0.000000 193.250000 0.000000
v 0.000000 193.000000 0.000000
v 1.000000 193.000000 0.000000
v 1.000000 193.000000 -1.000000
v 0.000000 193.000000 -1.000000
v 0.812500 195.000000 -0.812500
v 0.187500 195.000000 -0.812500
v 0.187500 193.250000 -0.812500
v 0.812500 193.250000 -0.812500
v 0.187500 195.000000 -0.187500
v 0.812500 195.000000 -0.187500
v 0.812500 193.250000 -0.187500
v 0.187500 193.250000 -0.187500
v 0.187500 195.000000 -0.812500
v 0.187500 195.000000 -0.187500
v 0.187500 193.250000 -0.187500
v 0.187500 193.250000 -0.812500
v 0.812500 195.000000 -0.187500
v 0.812500 195.000000 -0.812500
v 0.812500 193.250000 -0.812500
v 0.812500 193.250000 -0.187500
v 1.000000 195.250000 -1.000000
v 0.000000 195.250000 -1.000000
v 0.000000 195.000000 -1.000000
v 1.000000 195.000000 -1.000000
v 0.000000 195.250000 0.000000
v 1.000000 195.250000 0.000000
v 1.000000 195.000000 0.000000
v 0.000000 195.000000 0.000000
v 0.000000 195.250000 -1.000000
v 0.000000 195.250000 0.000000
v 0.000000 195.000000 0.000000
v 0.000000 195.000000 -1.000000
v 1.000000 195.250000 0.000000
v 1.000000 195.250000 -1.000000
v 1.000000 195.000000 -1.000000
v 1.000000 195.000000 0.000000
v 0.000000 195.250000 -1.000000
v 1.000000 195.250000 -1.000000
v 1.000000 195.250000 0.000000
v 0.000000 195.250000 0.000000
v 0.000000 195.000000 0.000000
v 1.000000 195.000000 0.000000
v 1.000000 195.000000 -1.000000
v 0.000000 195.000000 -1.000000
v 0.812500 197.000000 -0.812500
v 0.187500 197.000000 -0.812500
v 0.187500 195.250000 -0.812500
v 0.812500 195.250000 -0.812500
v 0.187500 197.000000 -0.187500
v 0.812500 197.000000 -0.187500
v 0.812500 195.250000 -0.187500
v 0.187500 195.250000 -0.187500
v 0.187500 197.000000 -0.812500
v 0.187500 197.000000 -0.187500
v 0.187500 195.250000 -0.187500
v 0.187500 195.250000 -0.812500
v 0.812500 197.000000 -0.187500
v 0.812500 197.000000 -0.812500
v 0.812500 195.250000 -0.812500
v 0.812500 195.250000 -0.187500
v 1.000000 197.250000 -1.000000
v 0.000000 197.250000 -1.000000
v 0.000000 197.000000 -1.000000
v 1.000000 197.000000 -1.000000
v 0.000000 197.250000 0.000000
v 1.000000 197.250000 0.000000
v 1.000000 197.000000 0.000000
v 0.000000 197.000000 0.000000
v 0.000000 197.250000 -1.000000
v 0.000000 197.250000 0.000000
v 0.000000 197.000000 0.000000
v 0.000000 197.000000 -1.000000
v 1.000000 197.250000 0.000000
v 1.000000 197.250000 -1.000000
v 1.000000 197.000000 -1.000000
v 1.000000 197.000000 0.000000
v 0.000000 197.250000 -1.000000
v 1.000000 197.250000 -1.000000
v 1.000000 197.250000 0.000000
v 0.000000 197.250000 0.000000
v 0.000000 197.000000 0.000000
v 1.000000 197.000000 0.000000
v 1.000000 197.000000 -1.000000
v 0.000000 197.000000 -1.000000
v 0.812500 199.000000 -0.812500
v 0.187500 199.000000 -0.812500
v 0.187500 197.250000 -0.812500
v 0.812500 197.250000 -0.812500
v 0.187500 199.000000 -0.187500
v 0.812500 199.000000 -0.187500
v 0.812500 197.250000 -0.187500
v 0.187500 197.250000 -0.187500
v 0.187500 199.000000 -0.812500
v 0.187500 199.000000 -0.187500
v 0.187500 197.250000 -0.187500
v 0.187500 197.250000 -0.812500
v 0.812500 199.000000 -0.187500
v 0.812500 199.000000 -0.812500
v 0.812500 197.250000 -0.812500
v 0.812500 197.250000 -0.187500
v 1.000000 199.250000 -1.000000
v 0.000000 199.250000 -1.000000
v 0.000000 199.000000 -1.000000
v 1.000000 199.000000 -1.000000
v 0.000000 199.250000 0.000000
v 1.000000 199.250000 0.000000
v 1.000000 199.000000 0.000000
v 0.000000 199.000000 0.000000
v 0.000000 199.250000 -1.000000
v 0.000000 199.250000 0.000000
v 0.000000 199.000000 0.000000
v 0.000000 199.000000 -1.000000
v 1.000000 199.250000 0.000000
v 1.000000 199.250000 -1.000000
v 1.000000 199.000000 -1.000000
v 1.000000 199.000000 0.000000
v 0.000000 199.250000 -1.000000
v 1.000000 199.250000 -1.000000
v 1.000000 199.250000 0.000000
v 0.000000 199.250000 0.000000
v 0.000000 199.000000 0.000000
v 1.000000 199.000000 0.000000
v 1.000000 199.000000 -1.000000
v 0.000000 199.000000 -1.000000
v 0.812500 201.000000 -0.812500
v 0.187500 201.000000 -0.812500
v 0.187500 199.250000 -0.812500
v 0.812500 199.250000 -0.812500
v 0.187500 201.000000 -0.187500
v 0.812500 201.000000 -0.187500
v 0.812500 199.250000 -0.187500
v 0.187500 199.250000 -0.187500
v 0.187500 201.000000 -0.812500
v 0.187500 201.000000 -0.187500
v 0.187500 199.250000 -0.187500
v 0.187500 199.250000 -0.812500
v 0.812500 201.000000 -0.187500
v 0.812500 201.000000 -0.812500
v 0.812500 199.250000 -0.812500
v 0.812500 199.250000 -0.187500
v 1.000000 201.250000 -1.000000
v 0.000000 201.250000 -1.000000
v 0.000000 201.000000 -1.000000
v 1.000000 201.000000 -1.000000
v 0.000000 201.250000 0.000000
v 1.000000 201.250000 0.000000
v 1.000000 201.000000 0.000000
v 0.000000 201.000000 0.000000
v 0.000000 201.250000 -1.000000
v 0.000000 201.250000 0.000000
v 0.000000 201.000000 0.000000
v 0.000000 201.000000 -1.000000
v 1.000000 201.250000 0.000000
v 1.000000 201.250000 -1.000000
v 1.000000 201.000000 -1.000000
v 1.000000 201.000000 0.000000
v 0.000000 201.250000 -1.000000
v 1.000000 201.250000 -1.000000
v 1.000000 201.250000 0.000000
v 0.000000 201.250000 0.000000
v 0.000000 201.000000 0.000000
v 1.000000 201.000000 0.000000
v 1.000000 201.000000 -1.000000
v 0.000000 201.000000 -1.000000
v 0.812500 203.000000 -0.812500
v 0.187500 203.000000 -0.812500
v 0.187500 201.250000 -0.812500
v 0.812500 201.250000 -0.812500
v 0.187500 203.000000 -0.187500
v 0.812500 203.000000 -0.187500
v 0.812500 201.250000 -0.187500
v 0.187500 201.250000 -0.187500
v 0.187500 203.000000 -0.812500
v 0.187500 203.000000 -0.187500
v 0.187500 201.250000 -0.187500
v 0.187500 201.250000 -0.812500
v 0.812500 203.000000 -0.187500
v 0.812500 203.000000 -0.812500
v 0.812500 201.250000 -0.812500
v 0.812500 201.250000 -0.187500
v 1.000000 203.250000 -1.000000
v 0.000000 203.250000 -1.000000
v 0.000000 203.000000 -1.000000
v 1.000000 203.000000 -1.000000
v 0.000000 203.250000 0.000000
v 1.000000 203.250000 0.000000
v 1.000000 203.000000 0.000000
v 0.000000 203.000000 0.000000
v 0.000000 203.250000 -1.000000
v 0.000000 203.250000 0.000000
v 0.000000 203.000000 0.000000
v 0.000000 203.000000 -1.000000
v 1.000000 203.250000 0.000000
v 1.000000 203.250000 -1.000000
v 1.000000 203.000000 -1.000000
v 1.000000 203.000000 0.000000
v 0.000000 203.250000 -1.000000
v 1.000000 203.250000 -1.000000
v 1.000000 203.250000 0.000000
v 0.000000 203.250000 0.000000
v 0.000000 203.000000 0.000000
v 1.000000 203.000000 0.000000
v 1.000000 203.000000 -1.000000
v 0.000000 203.000000 -1.000000
v 0.812500 205.000000 -0.812500
v 0.187500 205.000000 -0.812500
v 0.187500 203.250000 -0.812500
v 0.812500 203.250000 -0.812500
v 0.187500 205.000000 -0.187500
v 0.812500 205.000000 -0.187500
v 0.812500 203.250000 -0.187500
v 0.187500 203.250000 -0.187500
v 0.187500 205.000000 -0.812500
v 0.187500 205.000000 -0.187500
v 0.187500 203.250000 -0.187500
v 0.187500 203.250000 -0.812500
v 0.812500 205.000000 -0.187500
v 0.812500 205.000000 -0.812500
v 0.812500 203.250000 -0.812500
v 0.812500 203.250000 -0.187500
v 1.000000 205.250000 -1.000000
v 0.000000 205.250000 -1.000000
v 0.000000 205.000000 -1.000000
v 1.000000 205.000000 -1.000000
v 0.000000 205.250000 0.000000
v 1.000000 205.250000 0.000000
v 1.000000 205.000000 0.000000
v 0.000000 205.000000 0.000000
v 0.000000 205.250000 -1.000000
v 0.000000 205.250000 0.000000
v 0.000000 205.000000 0.000000
v 0.000000 205.000000 -1.000000
v 1.000000 205.250000 0.000000
v 1.000000 205.250000 -1.000000
v 1.000000 205.000000 -1.000000
v 1.000000 205.000000 0.000000
v 0.000000 205.250000 -1.000000
v 1.000000 205.250000 -1.000000
v 1.000000 205.250000 0.000000
v 0.000000 205.250000 0.000000
v 0.000000 205.000000 0.000000
v 1.000000 205.000000 0.000000
v 1.000000 205.000000 -1.000000
v 0.000000 205.000000 -1.000000
v 0.812500 207.000000 -0.812500
v 0.187500 207.000000 -0.812500
v 0.187500 205.250000 -0.812500
v 0.812500 205.250000 -0.812500
v 0.187500 207.000000 -0.187500
v 0.812500 207.000000 -0.187500
v 0.812500 205.250000 -0.187500
v 0.187500 205.250000 -0.187500
v 0.187500 207.000000 -0.812500
v 0.187500 207.000000 -0.187500
v 0.187500 205.250000 -0.187500
v 0.187500 205.250000 -0.812500
v 0.812500 207.000000 -0.187500
v 0.812500 207.000000 -0.812500
v 0.812500 205.250000 -0.812500
v 0.812500 205.250000 -0.187500
v 1.000000 207.250000 -1.000000
v 0.000000 207.250000 -1.000000
v 0.000000 207.000000 -1.000000
v 1.000000 207.000000 -1.000000
v 0.000000 207.250000 0.000000
v 1.000000 207.250000 0.000000
v 1.000000 207.000000 0.000000
v 0.000000 207.000000 0.000000
v 0.000000 207.250000 -1.000000
v 0.000000 207.250000 0.000000
v 0.000000 207.000000 0.000000
v 0.000000 207.000000 -1.000000
v 1.000000 207.250000 0.000000
v 1.000000 207.250000 -1.000000
v 1.000000 207.000000 -1.000000
v 1.000000 207.000000 0.000000
v 0.000000 207.250000 -1.000000
v 1.000000 207.250000 -1.000000
v 1.000000 207.250000 0.000000
v 0.000000 207.250000 0.000000
v 0.000000 207.000000 0.000000
v 1.000000 207.000000 0.000000
v 1.000000 207.000000 -1.000000
v 0.000000 207.000000 -1.000000
v 0.812500 209.000000 -0.812500
v 0.187500 209.000000 -0.812500
v 0.187500 207.250000 -0.812500
v 0.812500 207.250000 -0.812500
v 0.187500 209.000000 -0.187500
v 0.812500 209.000000 -0.187500
v 0.812500 207.250000 -0.187500
v 0.187500 207.250000 -0.187500
v 0.187500 209.000000 -0.812500
v 0.187500 209.000000 -0.187500
v 0.187500 207.250000 -0.187500
v 0.187500 207.250000 -0.812500
v 0.812500 209.000000 -0.187500
v 0.812500 209.000000 -0.812500
v 0.812500 207.250000 -0.812500
v 0.812500 207.250000 -0.187500
v 1.000000 209.250000 -1.000000
v 0.000000 209.250000 -1.000000
v 0.000000 209.000000 -1.000000
v 1.000000 209.000000 -1.000000
v 0.000000 209.250000 0.000000
v 1.000000 209.250000 0.000000
v 1.000000 209.000000 0.000000
v 0.000000 209.000000 0.000000
v 0.000000 209.250000 -1.000000
v 0.000000 209.250000 0.000000
v 0.000000 209.000000 0.000000
v 0.000000 209.000000 -1.000000
v 1.000000 209.250000 0.000000
v 1.000000 209.250000 -1.000000
v 1.000000 209.000000 -1.000000
v 1.000000 209.000000 0.000000
v 0.000000 209.250000 -1.000000
v 1.000000 209.250000 -1.000000
v 1.000000 209.250000 0.000000
v 0.000000 209.250000 0.000000
v 0.000000 209.000000 0.000000
v 1.000000 209.000000 0.000000
v 1.000000 209.000000 -1.000000
v 0.000000 209.000000 -1.000000
v 0.812500 211.000000 -0.812500
v 0.187500 211.000000 -0.812500
v 0.187500 209.250000 -0.812500
v 0.812500 209.250000 -0.812500
v 0.187500 211.000000 -0.187500
v 0.812500 211.000000 -0.187500
v 0.812500 209.250000 -0.187500
v 0.187500 209.250000 -0.187500
v 0.187500 211.000000 -0.812500
v 0.187500 211.000000 -0.187500
v 0.187500 209.250000 -0.187500
v 0.187500 209.250000 -0.812500
v 0.812500 211.000000 -0.187500
v 0.812500 211.000000 -0.812500
v 0.812500 209.250000 -0.812500
v 0.812500 209.250000 -0.187500
v 1.000000 211.250000 -1.000000
v 0.000000 211.250000 -1.000000
v 0.000000 211.000000 -1.000000
v 1.000000 211.000000 -1.000000
v 0.000000 211.250000 0.000000
v 1.000000 211.250000 0.000000
v 1.000000 211.000000 0.000000
v 0.000000 211.000000 0.000000
v 0.000000 211.250000 -1.000000
v 0.000000 211.250000 0.000000
v 0.000000 211.000000 0.000000
v 0.000000 211.000000 -1.000000
v 1.000000 211.250000 0.000000
v 1.000000 211.250000 -1.000000
v 1.000000 211.000000 -1.000000
v 1.000000 211.000000 0.000000
v 0.000000 211.250000 -1.000000
v 1.000000 211.250000 -1.000000
v 1.000000 211.250000 0.000000
v 0.000000 211.250000 0.000000
v 0.000000 211.000000 0.000000
v 1.000000 211.000000 0.000000
v 1.000000 211.000000 -1.000000
v 0.000000 211.000000 -1.000000
v 0.812500 213.000000 -0.812500
v 0.187500 213.000000 -0.812500
v 0.187500 211.250000 -0.812500
v 0.812500 211.250000 -0.812500
v 0.187500 213.000000 -0.187500
v 0.812500 213.000000 -0.187500
v 0.812500 211.250000 -0.187500
v 0.187500 211.250000 -0.187500
v 0.187500 213.000000 -0.812500
v 0.187500 213.000000 -0.187500
v 0.187500 211.250000 -0.187500
v 0.187500 211.250000 -0.812500
v 0.812500 213.000000 -0.187500
v 0.812500 213.000000 -0.812500
v 0.812500 211.250000 -0.812500
v 0.812500 211.250000 -0.187500
v 1.000000 213.250000 -1.000000
v 0.000000 213.250000 -1.000000
v 0.000000 213.000000 -1.000000
v 1.000000 213.000000 -1.000000
v 0.000000 213.250000 0.000000
v 1.000000 213.250000 0.000000
v 1.000000 213.000000 0.000000
v 0.000000 213.000000 0.000000
v 0.000000 213.250000 -1.000000
v 0.000000 213.250000 0.000000
v 0.000000 213.000000 0.000000
v 0.000000 213.000000 -1.000000
v 1.000000 213.250000 0.000000
v 1.000000 213.250000 -1.000000
v 1.000000 213.000000 -1.000000
v 1.000000 213.000000 0.000000
v 0.000000 213.250000 -1.000000
v 1.000000 213.250000 -1.000000
v 1.000000 213.250000 0.000000
v 0.000000 213.250000 0.000000
v 0.000000 213.000000 0.000000
v 1.000000 213.000000 0.000000
v 1.000000 213.000000 -1.000000
v 0.000000 213.000000 -1.000000
v 0.812500 215.000000 -0.812500
v 0.187500 215.000000 -0.812500
v 0.187500 213.250000 -0.812500
v 0.812500 213.250000 -0.812500
v 0.187500 215.000000 -0.187500
v 0.812500 215.000000 -0.187500
v 0.812500 213.250000 -0.187500
v 0.187500 213.250000 -0.187500
v 0.187500 215.000000 -0.812500
v 0.187500 215.000000 -0.187500
v 0.187500 213.250000 -0.187500
v 0.187500 213.250000 -0.812500
v 0.812500 215.000000 -0.187500
v 0.812500 215.000000 -0.812500
v 0.812500 213.250000 -0.812500
v 0.812500 213.250000 -0.187500
v 1.000000 215.250000 -1.000000
v 0.000000 215.250000 -1.000000
v 0.000000 215.000000 -1.000000
v 1.000000 215.000000 -1.000000
v 0.000000 215.250000 0.000000
v 1.000000 215.250000 0.000000
v 1.000000 215.000000 0.000000
v 0.000000 215.000000 0.000000
v 0.000000 215.250000 -1.000000
v 0.000000 215.250000 0.000000
v 0.000000 215.000000 0.000000
v 0.000000 215.000000 -1.000000
v 1.000000 215.250000 0.000000
v 1.000000 215.250000 -1.000000
v 1.000000 215.000000 -1.000000
v 1.000000 215.000000 0.000000
v 0.000000 215.250000 -1.000000
v 1.000000 215.250000 -1.000000
v 1.000000 215.250000 0.000000
v 0.000000 215.250000 0.000000
v 0.000000 215.000000 0.000000
v 1.000000 215.000000 0.000000
v 1.000000 215.000000 -1.000000
v 0.000000 215.000000 -1.000000
v 0.812500 217.000000 -0.812500
v 0.187500 217.000000 -0.812500
v 0.187500 215.250000 -0.812500
v 0.812500 215.250000 -0.812500
v 0.187500 217.000000 -0.187500
v 0.812500 217.000000 -0.187500
v 0.812500 215.250000 -0.187500
v 0.187500 215.250000 -0.187500
v 0.187500 217.000000 -0.812500
v 0.187500 217.000000 -0.187500
v 0.187500 215.250000 -0.187500
v 0.187500 215.250000 -0.812500
v 0.812500 217.000000 -0.187500
v 0.812500 217.000000 -0.812500
v 0.812500 215.250000 -0.812500
v 0.812500 215.250000 -0.187500
v 1.000000 217.250000 -1.000000
v 0.000000 217.250000 -1.000000
v 0.000000 217.000000 -1.000000
v 1.000000 217.000000 -1.000000
v 0.000000 217.250000 0.000000
v 1.000000 217.250000 0.000000
v 1.000000 217.000000 0.000000
v 0.000000 217.000000 0.000000
v 0.000000 217.250000 -1.000000
v 0.000000 217.250000 0.000000
v 0.000000 217.000000 0.000000
v 0.000000 217.000000 -1.000000
v 1.000000 217.250000 0.000000
v 1.000000 217.250000 -1.000000
v 1.000000 217.000000 -1.000000
v 1.000000 217.000000 0.000000
v 0.000000 217.250000 -1.000000
v 1.000000 217.250000 -1.000000
v 1.000000 217.250000 0.000000
v 0.000000 217.250000 0.000000
v 0.000000 217.000000 0.000000
v 1.000000 217.000000 0.000000
v 1.000000 217.000000 -1.000000
v 0.000000 217.000000 -1.000000
v 0.812500 219.000000 -0.812500
v 0.187500 219.000000 -0.812500
v 0.187500 217.250000 -0.812500
v 0.812500 217.250000 -0.812500
v 0.187500 219.000000 -0.187500
v 0.812500 219.000000 -0.187500
v 0.812500 217.250000 -0.187500
v 0.187500 217.250000 -0.187500
v 0.187500 219.000000 -0.812500
v 0.187500 219.000000 -0.187500
v 0.187500 217.250000 -0.187500
v 0.187500 217.250000 -0.812500
v 0.812500 219.000000 -0.187500
v 0.812500 219.000000 -0.812500
v 0.812500 217.250000 -0.812500
v 0.812500 217.250000 -0.187500
v 1.000000 219.250000 -1.000000
v 0.000000 219.250000 -1.000000
v 0.000000 219.000000 -1.000000
v 1.000000 219.000000 -1.000000
v 0.000000 219.250000 0.000000
v 1.000000 219.250000 0.000000
v 1.000000 219.000000 0.000000
v 0.000000 219.000000 0.000000
v 0.000000 219.250000 -1.000000
v 0.000000 219.250000 0.000000
v 0.000000 219.000000 0.000000
v 0.000000 219.000000 -1.000000
v 1.000000 219.250000 0.000000
v 1.000000 219.250000 -1.000000
v 1.000000 219.000000 -1.000000
v 1.000000 219.000000 0.000000
v 0.000000 219.250000 -1.000000
v 1.000000 219.250000 -1.000000
v 1.000000 219.250000 0.000000
v 0.000000 219.250000 0.000000
v 0.000000 219.000000 0.000000
v 1.000000 219.000000 0.000000
v 1.000000 219.000000 -1.000000
v 0.000000 219.000000 -1.000000
v 0.812500 221.000000 -0.812500
v 0.187500 221.000000 -0.812500
v 0.187500 219.250000 -0.812500
v 0.812500 219.250000 -0.812500
v 0.187500 221.000000 -0.187500
v 0.812500 221.000000 -0.187500
v 0.812500 219.250000 -0.187500
v 0.187500 219.250000 -0.187500
v 0.187500 221.000000 -0.812500
v 0.187500 221.000000 -0.187500
v 0.187500 219.250000 -0.187500
v 0.187500 219.250000 -0.812500
v 0.812500 221.000000 -0.187500
v 0.812500 221.000000 -0.812500
v 0.812500 219.250000 -0.812500
v 0.812500 219.250000 -0.187500
v 1.000000 221.250000 -1.000000
v 0.000000 221.250000 -1.000000
v 0.000000 221.000000 -1.000000
v 1.000000 221.000000 -1.000000
v 0.000000 221.250000 0.000000
v 1.000000 221.250000 0.000000
v 1.000000 221.000000 0.000000
v 0.000000 221.000000 0.000000
v 0.000000 221.250000 -1.000000
v 0.000000 221.250000 0.000000
v 0.000000 221.000000 0.000000
v 0.000000 221.000000 -1.000000
v 1.000000 221.250000 0.000000
v 1.000000 221.250000 -1.000000
v 1.000000 221.000000 -1.000000
v 1.000000 221.000000 0.000000
v 0.000000 221.250000 -1.000000
v 1.000000 221.250000 -1.000000
v 1.000000 221.250000 0.000000
v 0.000000 221.250000 0.000000
v 0.000000 221.000000 0.000000
v 1.000000 221.000000 0.000000
v 1.000000 221.000000 -1.000000
v 0.000000 221.000000 -1.000000
v 0.812500 223.000000 -0.812500
v 0.187500 223.000000 -0.812500
v 0.187500 221.250000 -0.812500
v 0.812500 221.250000 -0.812500
v 0.187500 223.000000 -0.187500
v 0.812500 223.000000 -0.187500
v 0.812500 221.250000 -0.187500
v 0.187500 221.250000 -0.187500
v 0.187500 223.000000 -0.812500
v 0.187500 223.000000 -0.187500
v 0.187500 221.250000 -0.187500
v 0.187500 221.250000 -0.812500
v 0.812500 223.000000 -0.187500
v 0.812500 223.000000 -0.812500
v 0.812500 221.250000 -0.812500
v 0.812500 221.250000 -0.187500
v 1.000000 223.250000 -1.000000
v 0.000000 223.250000 -1.000000
v 0.000000 223.000000 -1.000000
v 1.000000 223.000000 -1.000000
v 0.000000 223.250000 0.000000
v 1.000000 223.250000 0.000000
v 1.000000 223.000000 0.000000
v 0.000000 223.000000 0.000000
v 0.000000 223.250000 -1.000000
v 0.000000 223.250000 0.000000
v 0.000000 223.000000 0.000000
v 0.000000 223.000000 -1.000000
v 1.000000 223.250000 0.000000
v 1.000000 223.250000 -1.000000
v 1.000000 223.000000 -1.000000
v 1.000000 223.000000 0.000000
v 0.000000 223.250000 -1.000000
v 1.000000 223.250000 -1.000000
v 1.000000 223.250000 0.000000
v 0.000000 223.250000 0.000000
v 0.000000 223.000000 0.000000
v 1.000000 223.000000 0.000000
v 1.000000 223.000000 -1.000000
v 0.000000 223.000000 -1.000000
v 0.812500 225.000000 -0.812500
v 0.187500 225.000000 -0.812500
v 0.187500 223.250000 -0.812500
v 0.812500 223.250000 -0.812500
v 0.187500 225.000000 -0.187500
v 0.812500 225.000000 -0.187500
v 0.812500 223.250000 -0.187500
v 0.187500 223.250000 -0.187500
v 0.187500 225.000000 -0.812500
v 0.187500 225.000000 -0.187500
v 0.187500 223.250000 -0.187500
v 0.187500 223.250000 -0.812500
v 0.812500 225.000000 -0.187500
v 0.812500 225.000000 -0.812500
v 0.812500 223.250000 -0.812500
v 0.812500 223.250000 -0.187500
v 1.000000 225.250000 -1.000000
v 0.000000 225.250000 -1.000000
v 0.000000 225.000000 -1.000000
v 1.000000 225.000000 -1.000000
v 0.000000 225.250000 0.000000
v 1.000000 225.250000 0.000000
v 1.000000 225.000000 0.000000
v 0.000000 225.000000 0.000000
v 0.000000 225.250000 -1.000000
v 0.000000 225.250000 0.000000
v 0.000000 225.000000 0.000000
v 0.000000 225.000000 -1.000000
v 1.000000 225.250000 0.000000
v 1.000000 225.250000 -1.000000
v 1.000000 225.000000 -1.000000
v 1.000000 225.000000 0.000000
v 0.000000 225.250000 -1.000000
v 1.000000 225.250000 -1.000000
v 1.000000 225.250000 0.000000
v 0.000000 225.250000 0.000000
v 0.000000 225.000000 0.000000
v 1.000000 225.000000 0.000000
v 1.000000 225.000000 -1.000000
v 0.000000 225.000000 -1.000000
v 0.812500 227.000000 -0.812500
v 0.187500 227.000000 -0.812500
v 0.187500 225.250000 -0.812500
v 0.812500 225.250000 -0.812500
v 0.187500 227.000000 -0.187500
v 0.812500 227.000000 -0.187500
v 0.812500 225.250000 -0.187500
v 0.187500 225.250000 -0.187500
v 0.187500 227.000000 -0.812500
v 0.187500 227.000000 -0.187500
v 0.187500 225.250000 -0.187500
v 0.187500 225.250000 -0.812500
v 0.812500 227.000000 -0.187500
v 0.812500 227.000000 -0.812500
v 0.812500 225.250000 -0.812500
v 0.812500 225.250000 -0.187500
v 1.000000 227.250000 -1.000000
v 0.000000 227.250000 -1.000000
v 0.000000 227.000000 -1.000000
v 1.000000 227.000000 -1.000000
v 0.000000 227.250000 0.000000
v 1.000000 227.250000 0.000000
v 1.000000 227.000000 0.000000
v 0.000000 227.000000 0.000000
v 0.000000 227.250000 -1.000000
v 0.000000 227.250000 0.000000
v 0.000000 227.000000 0.000000
v 0.000000 227.000000 -1.000000
v 1.000000 227.250000 0.000000
v 1.000000 227.250000 -1.000000
v 1.000000 227.000000 -1.000000
v 1.000000 227.000000 0.000000
v 0.000000 227.250000 -1.000000
v 1.000000 227.250000 -1.000000
v 1.000000 227.250000 0.000000
v 0.000000 227.250000 0.000000
v 0.000000 227.000000 0.000000
v 1.000000 227.000000 0.000000
v 1.000000 227.000000 -1.000000
v 0.000000 227.000000 -1.000000
v 0.812500 229.000000 -0.812500
v 0.187500 229.000000 -0.812500
v 0.187500 227.250000 -0.812500
v 0.812500 227.250000 -0.812500
v 0.187500 229.000000 -0.187500
v 0.812500 229.000000 -0.187500
v 0.812500 227.250000 -0.187500
v 0.187500 227.250000 -0.187500
v 0.187500 229.000000 -0.812500
v 0.187500 229.000000 -0.187500
v 0.187500 227.250000 -0.187500
v 0.187500 227.250000 -0.812500
v 0.812500 229.000000 -0.187500
v 0.812500 229.000000 -0.812500
v 0.812500 227.250000 -0.812500
v 0.812500 227.250000 -0.187500
v 1.000000 229.250000 -1.000000
v 0.000000 229.250000 -1.000000
v 0.000000 229.000000 -1.000000
v 1.000000 229.000000 -1.000000
v 0.000000 229.250000 0.000000
v 1.000000 229.250000 0.000000
v 1.000000 229.000000 0.000000
v 0.000000 229.000000 0.000000
v 0.000000 229.250000 -1.000000
v 0.000000 229.250000 0.000000
v 0.000000 229.000000 0.000000
v 0.000000 229.000000 -1.000000
v 1.000000 229.250000 0.000000
v 1.000000 229.250000 -1.000000
v 1.000000 229.000000 -1.000000
v 1.000000 229.000000 0.000000
v 0.000000 229.250000 -1.000000
v 1.000000 229.250000 -1.000000
v 1.000000 229.250000 0.000000
v 0.000000 229.250000 0.000000
v 0.000000 229.000000 0.000000
v 1.000000 229.000000 0.000000
v 1.000000 229.000000 -1.000000
v 0.000000 229.000000 -1.000000
v 0.812500 231.000000 -0.812500
v 0.187500 231.000000 -0.812500
v 0.187500 229.250000 -0.812500
v 0.812500 229.250000 -0.812500
v 0.187500 231.000000 -0.187500
v 0.812500 231.000000 -0.187500
v 0.812500 229.250000 -0.187500
v 0.187500 229.250000 -0.187500
v 0.187500 231.000000 -0.812500
v 0.187500 231.000000 -0.187500
v 0.187500 229.250000 -0.187500
v 0.187500 229.250000 -0.812500
v 0.812500 231.000000 -0.187500
v 0.812500 231.000000 -0.812500
v 0.812500 229.250000 -0.812500
v 0.812500 229.250000 -0.187500
v 1.000000 231.250000 -1.000000
v 0.000000 231.250000 -1.000000
v 0.000000 231.000000 -1.000000
v 1.000000 231.000000 -1.000000
v 0.000000 231.250000 0.000000
v 1.000000 231.250000 0.000000
v 1.000000 231.000000 0.000000
v 0.000000 231.000000 0.000000
v 0.000000 231.250000 -1.000000
v 0.000000 231.250000 0.000000
v 0.000000 231.000000 0.000000
v 0.000000 231.000000 -1.000000
v 1.000000 231.250000 0.000000
v 1.000000 231.250000 -1.000000
v 1.000000 231.000000 -1.000000
v 1.000000 231.000000 0.000000
v 0.000000 231.250000 -1.000000
v 1.000000 231.250000 -1.000000
v 1.000000 231.250000 0.000000
v 0.000000 231.250000 0.000000
v 0.000000 231.000000 0.000000
v 1.000000 231.000000 0.000000
v 1.000000 231.000000 -1.000000
v 0.000000 231.000000 -1.000000
v 0.812500 233.000000 -0.812500
v 0.187500 233.000000 -0.812500
v 0.187500 231.250000 -0.812500
v 0.812500 231.250000 -0.812500
v 0.187500 233.000000 -0.187500
v 0.812500 233.000000 -0.187500
v 0.812500 231.250000 -0.187500
v 0.187500 231.250000 -0.187500
v 0.187500 233.000000 -0.812500
v 0.187500 233.000000 -0.187500
v 0.187500 231.250000 -0.187500
v 0.187500 231.250000 -0.812500
v 0.812500 233.000000 -0.187500
v 0.812500 233.000000 -0.812500
v 0.812500 231.250000 -0.812500
v 0.812500 231.250000 -0.187500
v 1.000000 233.250000 -1.000000
v 0.000000 233.250000 -1.000000
v 0.000000 233.000000 -1.000000
v 1.000000 233.000000 -1.000000
v 0.000000 233.250000 0.000000
v 1.000000 233.250000 0.000000
v 1.000000 233.000000 0.000000
v 0.000000 233.000000 0.000000
v 0.000000 233.250000 -1.000000
v 0.000000 233.250000 0.000000
v 0.000000 233.000000 0.000000
v 0.000000 233.000000 -1.000000
v 1.000000 233.250000 0.000000
v 1.000000 233.250000 -1.000000
v 1.000000 233.000000 -1.000000
v 1.000000 233.000000 0.000000
v 0.000000 233.250000 -1.000000
v 1.000000 233.250000 -1.000000
v 1.000000 233.250000 0.000000
v 0.000000 233.250000 0.000000
v 0.000000 233.000000 0.000000
v 1.000000 233.000000 0.000000
v 1.000000 233.000000 -1.000000
v 0.000000 233.000000 -1.000000
v 0.812500 235.000000 -0.812500
v 0.187500 235.000000 -0.812500
v 0.187500 233.250000 -0.812500
v 0.812500 233.250000 -0.812500
v 0.187500 235.000000 -0.187500
v 0.812500 235.000000 -0.187500
v 0.812500 233.250000 -0.187500
v 0.187500 233.250000 -0.187500
v 0.187500 235.000000 -0.812500
v 0.187500 235.000000 -0.187500
v 0.187500 233.250000 -0.187500
v 0.187500 233.250000 -0.812500
v 0.812500 235.000000 -0.187500
v 0.812500 235.000000 -0.812500
v 0.812500 233.250000 -0.812500
v 0.812500 233.250000 -0.187500
v 1.000000 235.250000 -1.000000
v 0.000000 235.250000 -1.000000
v 0.000000 235.000000 -1.000000
v 1.000000 235.000000 -1.000000
v 0.000000 235.250000 0.000000
v 1.000000 235.250000 0.000000
v 1.000000 235.000000 0.000000
v 0.000000 235.000000 0.000000
v 0.000000 235.250000 -1.000000
v 0.000000 235.250000 0.000000
v 0.000000 235.000000 0.000000
v 0.000000 235.000000 -1.000000
v 1.000000 235.250000 0.000000
v 1.000000 235.250000 -1.000000
v 1.000000 235.000000 -1.000000
v 1.000000 235.000000 0.000000
v 0.000000 235.250000 -1.000000
v 1.000000 235.250000 -1.000000
v 1.000000 235.250000 0.000000
v 0.000000 235.250000 0.000000
v 0.000000 235.000000 0.000000
v 1.000000 235.000000 0.000000
v 1.000000 235.000000 -1.000000
v 0.000000 235.000000 -1.000000
v 0.812500 237.000000 -0.812500
v 0.187500 237.000000 -0.812500
v 0.187500 235.250000 -0.812500
v 0.812500 235.250000 -0.812500
v 0.187500 237.000000 -0.187500
v 0.812500 237.000000 -0.187500
v 0.812500 235.250000 -0.187500
v 0.187500 235.250000 -0.187500
v 0.187500 237.000000 -0.812500
v 0.187500 237.000000 -0.187500
v 0.187500 235.250000 -0.187500
v 0.187500 235.250000 -0.812500
v 0.812500 237.000000 -0.187500
v 0.812500 237.000000 -0.812500
v 0.812500 235.250000 -0.812500
v 0.812500 235.250000 -0.187500
v 1.000000 237.250000 -1.000000
v 0.000000 237.250000 -1.000000
v 0.000000 237.000000 -1.000000
v 1.000000 237.000000 -1.000000
v 0.000000 237.250000 0.000000
v 1.000000 237.250000 0.000000
v 1.000000 237.000000 0.000000
v 0.000000 237.000000 0.000000
v 0.000000 237.250000 -1.000000
v 0.000000 237.250000 0.000000
v 0.000000 237.000000 0.000000
v 0.000000 237.000000 -1.000000
v 1.000000 237.250000 0.000000
v 1.000000 237.250000 -1.000000
v 1.000000 237.000000 -1.000000
v 1.000000 237.000000 0.000000
v 0.000000 237.250000 -1.000000
v 1.000000 237.250000 -1.000000
v 1.000000 237.250000 0.000000
v 0.000000 237.250000 0.000000
v 0.000000 237.000000 0.000000
v 1.000000 237.000000 0.000000
v 1.000000 237.000000 -1.000000
v 0.000000 237.000000 -1.000000
v 0.812500 239.000000 -0.812500
v 0.187500 239.000000 -0.812500
v 0.187500 237.250000 -0.812500
v 0.812500 237.250000 -0.812500
v 0.187500 239.000000 -0.187500
v 0.812500 239.000000 -0.187500
v 0.812500 237.250000 -0.187500
v 0.187500 237.250000 -0.187500
v 0.187500 239.000000 -0.812500
v 0.187500 239.000000 -0.187500
v 0.187500 237.250000 -0.187500
v 0.187500 237.250000 -0.812500
v 0.812500 239.000000 -0.187500
v 0.812500 239.000000 -0.812500
v 0.812500 237.250000 -0.812500
v 0.812500 237.250000 -0.187500
v 1.000000 239.250000 -1.000000
v 0.000000 239.250000 -1.000000
v 0.000000 239.000000 -1.000000
v 1.000000 239.000000 -1.000000
v 0.000000 239.250000 0.000000
v 1.000000 239.250000 0.000000
v 1.000000 239.000000 0.000000
v 0.000000 239.000000 0.000000
v 0.000000 239.250000 -1.000000
v 0.000000 239.250000 0.000000
v 0.000000 239.000000 0.000000
v 0.000000 239.000000 -1.000000
v 1.000000 239.250000 0.000000
v 1.000000 239.250000 -1.000000
v 1.000000 239.000000 -1.000000
v 1.000000 239.000000 0.000000
v 0.000000 239.250000 -1.000000
v 1.000000 239.250000 -1.000000
v 1.000000 239.250000 0.000000
v 0.000000 239.250000 0.000000
v 0.000000 239.000000 0.000000
v 1.000000 239.000000 0.000000
v 1.000000 239.000000 -1.000000
v 0.000000 239.000000 -1.000000
v 0.812500 241.000000 -0.812500
v 0.187500 241.000000 -0.812500
v 0.187500 239.250000 -0.812500
v 0.812500 239.250000 -0.812500
v 0.187500 241.000000 -0.187500
v 0.812500 241.000000 -0.187500
v 0.812500 239.250000 -0.187500
v 0.187500 239.250000 -0.187500
v 0.187500 241.000000 -0.812500
v 0.187500 241.000000 -0.187500
v 0.187500 239.250000 -0.187500
v 0.187500 239.250000 -0.812500
v 0.812500 241.000000 -0.187500
v 0.812500 241.000000 -0.812500
v 0.812500 239.250000 -0.812500
v 0.812500 239.250000 -0.187500
v 1.000000 241.250000 -1.000000
v 0.000000 241.250000 -1.000000
v 0.000000 241.000000 -1.000000
v 1.000000 241.000000 -1.000000
v 0.000000 241.250000 0.000000
v 1.000000 241.250000 0.000000
v 1.000000 241.000000 0.000000
v 0.000000 241.000000 0.000000
v 0.000000 241.250000 -1.000000
v 0.000000 241.250000 0.000000
v 0.000000 241.000000 0.000000
v 0.000000 241.000000 -1.000000
v 1.000000 241.250000 0.000000
v 1.000000 241.250000 -1.000000
v 1.000000 241.000000 -1.000000
v 1.000000 241.000000 0.000000
v 0.000000 241.250000 -1.000000
v 1.000000 241.250000 -1.000000
v 1.000000 241.250000 0.000000
v 0.000000 241.250000 0.000000
v 0.000000 241.000000 0.000000
v 1.000000 241.000000 0.000000
v 1.000000 241.000000 -1.000000
v 0.000000 241.000000 -1.000000
v 0.812500 243.000000 -0.812500
v 0.187500 243.000000 -0.812500
v 0.187500 241.250000 -0.812500
v 0.812500 241.250000 -0.812500
v 0.187500 243.000000 -0.187500
v 0.812500 243.000000 -0.187500
v 0.812500 241.250000 -0.187500
v 0.187500 241.250000 -0.187500
v 0.187500 243.000000 -0.812500
v 0.187500 243.000000 -0.187500
v 0.187500 241.250000 -0.187500
v 0.187500 241.250000 -0.812500
v 0.812500 243.000000 -0.187500
v 0.812500 243.000000 -0.812500
v 0.812500 241.250000 -0.812500
v 0.812500 241.250000 -0.187500
v 1.000000 243.250000 -1.000000
v 0.000000 243.250000 -1.000000
v 0.000000 243.000000 -1.000000
v 1.000000 243.000000 -1.000000
v 0.000000 243.250000 0.000000
v 1.000000 243.250000 0.000000
v 1.000000 243.000000 0.000000
v 0.000000 243.000000 0.000000
v 0.000000 243.250000 -1.000000
v 0.000000 243.250000 0.000000
v 0.000000 243.000000 0.000000
v 0.000000 243.000000 -1.000000
v 1.000000 243.250000 0.000000
v 1.000000 243.250000 -1.000000
v 1.000000 243.000000 -1.000000
v 1.000000 243.000000 0.000000
v 0.000000 243.250000 -1.000000
v 1.000000 243.250000 -1.000000
v 1.000000 243.250000 0.000000
v 0.000000 243.250000 0.000000
v 0.000000 243.000000 0.000000
v 1.000000 243.000000 0.000000
v 1.000000 243.000000 -1.000000
v 0.000000 243.000000 -1.000000
v 0.812500 245.000000 -0.812500
v 0.187500 245.000000 -0.812500
v 0.187500 243.250000 -0.812500
v 0.812500 243.250000 -0.812500
v 0.187500 245.000000 -0.187500
v 0.812500 245.000000 -0.187500
v 0.812500 243.250000 -0.187500
v 0.187500 243.250000 -0.187500
v 0.187500 245.000000 -0.812500
v 0.187500 245.000000 -0.187500
v 0.187500 243.250000 -0.187500
v 0.187500 243.250000 -0.812500
v 0.812500 245.000000 -0.187500
v 0.812500 245.000000 -0.812500
v 0.812500 243.250000 -0.812500
v 0.812500 243.250000 -0.187500
v 1.000000 245.250000 -1.000000
v 0.000000 245.250000 -1.000000
v 0.000000 245.000000 -1.000000
v 1.000000 245.000000 -1.000000
v 0.000000 245.250000 0.000000
v 1.000000 245.250000 0.000000
v 1.000000 245.000000 0.000000
v 0.000000 245.000000 0.000000
v 0.000000 245.250000 -1.000000
v 0.000000 245.250000 0.000000
v 0.000000 245.000000 0.000000
v 0.000000 245.000000 -1.000000
v 1.000000 245.250000 0.000000
v 1.000000 245.250000 -1.000000
v 1.000000 245.000000 -1.000000
v 1.000000 245.000000 0.000000
v 0.000000 245.250000 -1.000000
v 1.000000 245.250000 -1.000000
v 1.000000 245.250000 0.000000
v 0.000000 245.250000 0.000000
v 0.000000 245.000000 0.000000
v 1.000000 245.000000 0.000000
v 1.000000 245.000000 -1.000000
v 0.000000 245.000000 -1.000000
v 0.812500 247.000000 -0.812500
v 0.187500 247.000000 -0.812500
v 0.187500 245.250000 -0.812500
v 0.812500 245.250000 -0.812500
v 0.187500 247.000000 -0.187500
v 0.812500 247.000000 -0.187500
v 0.812500 245.250000 -0.187500
v 0.187500 245.250000 -0.187500
v 0.187500 247.000000 -0.812500
v 0.187500 247.000000 -0.187500
v 0.187500 245.250000 -0.187500
v 0.187500 245.250000 -0.812500
v 0.812500 247.000000 -0.187500
v 0.812500 247.000000 -0.812500
v 0.812500 245.250000 -0.812500
v 0.812500 245.250000 -0.187500
v 1.000000 247.250000 -1.000000
v 0.000000 247.250000 -1.000000
v 0.000000 247.000000 -1.000000
v 1.000000 247.000000 -1.000000
v 0.000000 247.250000 0.000000
v 1.000000 247.250000 0.000000
v 1.000000 247.000000 0.000000
v 0.000000 247.000000 0.000000
v 0.000000 247.250000 -1.000000
v 0.000000 247.250000 0.000000
v 0.000000 247.000000 0.000000
v 0.000000 247.000000 -1.000000
v 1.000000 247.250000 0.000000
v 1.000000 247.250000 -1.000000
v 1.000000 247.000000 -1.000000
v 1.000000 247.000000 0.000000
v 0.000000 247.250000 -1.000000
v 1.000000 247.250000 -1.000000
v 1.000000 247.250000 0.000000
v 0.000000 247.250000 0.000000
v 0.000000 247.000000 0.000000
v 1.000000 247.000000 0.000000
v 1.000000 247.000000 -1.000000
v 0.000000 247.000000 -1.000000
v 0.812500 249.000000 -0.812500
v 0.187500 249.000000 -0.812500
v 0.187500 247.250000 -0.812500
v 0.812500 247.250000 -0.812500
v 0.187500 249.000000 -0.187500
v 0.812500 249.000000 -0.187500
v 0.812500 247.250000 -0.187500
v 0.187500 247.250000 -0.187500
v 0.187500 249.000000 -0.812500
v 0.187500 249.000000 -0.187500
v 0.187500 247.250000 -0.187500
v 0.187500 247.250000 -0.812500
v 0.812500 249.000000 -0.187500
v 0.812500 249.000000 -0.812500
v 0.812500 247.250000 -0.812500
v 0.812500 247.250000 -0.187500
v 1.000000 249.250000 -1.000000
v 0.000000 249.250000 -1.000000
v 0.000000 249.000000 -1.000000
v 1.000000 249.000000 -1.000000
v 0.000000 249.250000 0.000000
v 1.000000 249.250000 0.000000
v 1.000000 249.000000 0.000000
v 0.000000 249.000000 0.000000
v 0.000000 249.250000 -1.000000
v 0.000000 249.250000 0.000000
v 0.000000 249.000000 0.000000
v 0.000000 249.000000 -1.000000
v 1.000000 249.250000 0.000000
v 1.000000 249.250000 -1.000000
v 1.000000 249.000000 -1.000000
v 1.000000 249.000000 0.000000
v 0.000000 249.250000 -1.000000
v 1.000000 249.250000 -1.000000
v 1.000000 249.250000 0.000000
v 0.000000 249.250000 0.000000
v 0.000000 249.000000 0.000000
v 1.000000 249.000000 0.000000
v 1.000000 249.000000 -1.000000
v 0.000000 249.000000 -1.000000
v 0.812500 251.000000 -0.812500
v 0.187500 251.000000 -0.812500
v 0.187500 249.250000 -0.812500
v 0.812500 249.250000 -0.812500
v 0.187500 251.000000 -0.187500
v 0.812500 251.000000 -0.187500
v 0.812500 249.250000 -0.187500
v 0.187500 249.250000 -0.187500
v 0.187500 251.000000 -0.812500
v 0.187500 251.000000 -0.187500
v 0.187500 249.250000 -0.187500
v 0.187500 249.250000 -0.812500
v 0.812500 251.000000 -0.187500
v 0.812500 251.000000 -0.812500
v 0.812500 249.250000 -0.812500
v 0.812500 249.250000 -0.187500
v 1.000000 251.250000 -1.000000
v 0.000000 251.250000 -1.000000
v 0.000000 251.000000 -1.000000
v 1.000000 251.000000 -1.000000
v 0.000000 251.250000 0.000000
v 1.000000 251.250000 0.000000
v 1.000000 251.000000 0.000000
v 0.000000 251.000000 0.000000
v 0.000000 251.250000 -1.000000
v 0.000000 251.250000 0.000000
v 0.000000 251.000000 0.000000
v 0.000000 251.000000 -1.000000
v 1.000000 251.250000 0.000000
v 1.000000 251.250000 -1.000000
v 1.000000 251.000000 -1.000000
v 1.000000 251.000000 0.000000
v 0.000000 251.250000 -1.000000
v 1.000000 251.250000 -1.000000
v 1.000000 251.250000 0.000000
v 0.000000 251.250000 0.000000
v 0.000000 251.000000 0.000000
v 1.000000 251.000000 0.000000
v 1.000000 251.000000 -1.000000
v 0.000000 251.000000 -1.000000
v 0.812500 253.000000 -0.812500
v 0.187500 253.000000 -0.812500
v 0.187500 251.250000 -0.812500
v 0.812500 251.250000 -0.812500
v 0.187500 253.000000 -0.187500
v 0.812500 253.000000 -0.187500
v 0.812500 251.250000 -0.187500
v 0.187500 251.250000 -0.187500
v 0.187500 253.000000 -0.812500
v 0.187500 253.000000 -0.187500
v 0.187500 251.250000 -0.187500
v 0.187500 251.250000 -0.812500
v 0.812500 253.000000 -0.187500
v 0.812500 253.000000 -0.812500
v 0.812500 251.250000 -0.812500
v 0.812500 251.250000 -0.187500
v 1.000000 253.250000 -1.000000
v 0.000000 253.250000 -1.000000
v 0.000000 253.000000 -1.000000
v 1.000000 253.000000 -1.000000
v 0.000000 253.250000 0.000000
v 1.000000 253.250000 0.000000
v 1.000000 253.000000 0.000000
v 0.000000 253.000000 0.000000
v 0.000000 253.250000 -1.000000
v 0.000000 253.250000 0.000000
v 0.000000 253.000000 0.000000
v 0.000000 253.000000 -1.000000
v 1.000000 253.250000 0.000000
v 1.000000 253.250000 -1.000000
v 1.000000 253.000000 -1.000000
v 1.000000 253.000000 0.000000
v 0.000000 253.250000 -1.000000
v 1.000000 253.250000 -1.000000
v 1.000000 253.250000 0.000000
v 0.000000 253.250000 0.000000
v 0.000000 253.000000 0.000000
v 1.000000 253.000000 0.000000
v 1.000000 253.000000 -1.000000
v 0.000000 253.000000 -1.000000
v 0.812500 255.000000 -0.812500
v 0.187500 255.000000 -0.812500
v 0.187500 253.250000 -0.812500
v 0.812500 253.250000 -0.812500
v 0.187500 255.000000 -0.187500
v 0.812500 255.000000 -0.187500
v 0.812500 253.250000 -0.187500
v 0.187500 253.250000 -0.187500
v 0.187500 255.000000 -0.812500
v 0.187500 255.000000 -0.187500
v 0.187500 253.250000 -0.187500
v 0.187500 253.250000 -0.812500
v 0.812500 255.000000 -0.187500
v 0.812500 255.000000 -0.812500
v 0.812500 253.250000 -0.812500
v 0.812500 253.250000 -0.187500
v 1.000000 255.250000 -1.000000
v 0.000000 255.250000 -1.000000
v 0.000000 255.000000 -1.000000
v 1.000000 255.000000 -1.000000
v 0.000000 255.250000 0.000000
v 1.000000 255.250000 0.000000
v 1.000000 255.000000 0.000000
v 0.000000 255.000000 0.000000
v 0.000000 255.250000 -1.000000
v 0.000000 255.250000 0.000000
v 0.000000 255.000000 0.000000
v 0.000000 255.000000 -1.000000
v 1.000000 255.250000 0.000000
v 1.000000 255.250000 -1.000000
v 1.000000 255.000000 -1.000000
v 1.000000 255.000000 0.000000
v 0.000000 255.250000 -1.000000
v 1.000000 255.250000 -1.000000
v 1.000000 255.250000 0.000000
v 0.000000 255.250000 0.000000
v 0.000000 255.000000 0.000000
v 1.000000 255.000000 0.000000
v 1.000000 255.000000 -1.000000
v 0.000000 255.000000 -1.000000
v 0.812500 257.000000 -0.812500
v 0.187500 257.000000 -0.812500
v 0.187500 255.250000 -0.812500
v 0.812500 255.250000 -0.812500
v 0.187500 257.000000 -0.187500
v 0.812500 257.000000 -0.187500
v 0.812500 255.250000 -0.187500
v 0.187500 255.250000 -0.187500
v 0.187500 257.000000 -0.812500
v 0.187500 257.000000 -0.187500
v 0.187500 255.250000 -0.187500
v 0.187500 255.250000 -0.812500
v 0.812500 257.000000 -0.187500
v 0.812500 257.000000 -0.812500
v 0.812500 255.250000 -0.812500
v 0.812500 255.250000 -0.187500
v 1.000000 257.250000 -1.000000
v 0.000000 257.250000 -1.000000
v 0.000000 257.000000 -1.000000
v 1.000000 257.000000 -1.000000
v 0.000000 257.250000 0.000000
v 1.000000 257.250000 0.000000
v 1.000000 257.000000 0.000000
v 0.000000 257.000000 0.000000
v 0.000000 257.250000 -1.000000
v 0.000000 257.250000 0.000000
v 0.000000 257.000000 0.000000
v 0.000000 257.000000 -1.000000
v 1.000000 257.250000 0.000000
v 1.000000 257.250000 -1.000000
v 1.000000 257.000000 -1.000000
v 1.000000 257.000000 0.000000
v 0.000000 257.250000 -1.000000
v 1.000000 257.250000 -1.000000
v 1.000000 257.250000 0.000000
v 0.000000 257.250000 0.000000
v 0.000000 257.000000 0.000000
v 1.000000 257.000000 0.000000
v 1.000000 257.000000 -1.000000
v 0.000000 257.000000 -1.000000
v 0.812500 259.000000 -0.812500
v 0.187500 259.000000 -0.812500
v 0.187500 257.250000 -0.812500
v 0.812500 257.250000 -0.812500
v 0.187500 259.000000 -0.187500
v 0.812500 259.000000 -0.187500
v 0.812500 257.250000 -0.187500
v 0.187500 257.250000 -0.187500
v 0.187500 259.000000 -0.812500
v 0.187500 259.000000 -0.187500
v 0.187500 257.250000 -0.187500
v 0.187500 257.250000 -0.812500
v 0.812500 259.000000 -0.187500
v 0.812500 259.000000 -0.812500
v 0.812500 257.250000 -0.812500
v 0.812500 257.250000 -0.187500
v 1.000000 259.250000 -1.000000
v 0.000000 259.250000 -1.000000
v 0.000000 259.000000 -1.000000
v 1.000000 259.000000 -1.000000
v 0.000000 259.250000 0.000000
v 1.000000 259.250000 0.000000
v 1.000000 259.000000 0.000000
v 0.000000 259.000000 0.000000
v 0.000000 259.250000 -1.000000
v 0.000000 259.250000 0.000000
v 0.000000 259.000000 0.000000
v 0.000000 259.000000 -1.000000
v 1.000000 259.250000 0.000000
v 1.000000 259.250000 -1.000000
v 1.000000 259.000000 -1.000000
v 1.000000 259.000000 0.000000
v 0.000000 259.250000 -1.000000
v 1.000000 259.250000 -1.000000
v 1.000000 259.250000 0.000000
v 0.000000 259.250000 0.000000
v 0.000000 259.000000 0.000000
v 1.000000 259.000000 0.000000
v 1.000000 259.000000 -1.000000
v 0.000000 259.000000 -1.000000
v 0.812500 261.000000 -0.812500
v 0.187500 261.000000 -0.812500
v 0.187500 259.250000 -0.812500
v 0.812500 259.250000 -0.812500
v 0.187500 261.000000 -0.187500
v 0.812500 261.000000 -0.187500
v 0.812500 259.250000 -0.187500
v 0.187500 259.250000 -0.187500
v 0.187500 261.000000 -0.812500
v 0.187500 261.000000 -0.187500
v 0.187500 259.250000 -0.187500
v 0.187500 259.250000 -0.812500
v 0.812500 261.000000 -0.187500
v 0.812500 261.000000 -0.812500
v 0.812500 259.250000 -0.812500
v 0.812500 259.250000 -0.187500
v 1.000000 261.250000 -1.000000
v 0.000000 261.250000 -1.000000
v 0.000000 261.000000 -1.000000
v 1.000000 261.000000 -1.000000
v 0.000000 261.250000 0.000000
v 1.000000 261.250000 0.000000
v 1.000000 261.000000 0.000000
v 0.000000 261.000000 0.000000
v 0.000000 261.250000 -1.000000
v 0.000000 261.250000 0.000000
v 0.000000 261.000000 0.000000
v 0.000000 261.000000 -1.000000
v 1.000000 261.250000 0.000000
v 1.000000 261.250000 -1.000000
v 1.000000 261.000000 -1.000000
v 1.000000 261.000000 0.000000
v 0.000000 261.250000 -1.000000
v 1.000000 261.250000 -1.000000
v 1.000000 261.250000 0.000000
v 0.000000 261.250000 0.000000
v 0.000000 261.000000 0.000000
v 1.000000 261.000000 0.000000
v 1.000000 261.000000 -1.000000
v 0.000000 261.000000 -1.000000
v 0.812500 263.000000 -0.812500
v 0.187500 263.000000 -0.812500
v 0.187500 261.250000 -0.812500
v 0.812500 261.250000 -0.812500
v 0.187500 263.000000 -0.187500
v 0.812500 263.000000 -0.187500
v 0.812500 261.250000 -0.187500
v 0.187500 261.250000 -0.187500
v 0.187500 263.000000 -0.812500
v 0.187500 263.000000 -0.187500
v 0.187500 261.250000 -0.187500
v 0.187500 261.250000 -0.812500
v 0.812500 263.000000 -0.187500
v 0.812500 263.000000 -0.812500
v 0.812500 261.250000 -0.812500
v 0.812500 261.250000 -0.187500
v 1.000000 263.250000 -1.000000
v 0.000000 263.250000 -1.000000
v 0.000000 263.000000 -1.000000
v 1.000000 263.000000 -1.000000
v 0.000000 263.250000 0.000000
v 1.000000 263.250000 0.000000
v 1.000000 263.000000 0.000000
v 0.000000 263.000000 0.000000
v 0.000000 263.250000 -1.000000
v 0.000000 263.250000 0.000000
v 0.000000 263.000000 0.000000
v 0.000000 263.000000 -1.000000
v 1.000000 263.250000 0.000000
v 1.000000 263.250000 -1.000000
v 1.000000 263.000000 -1.000000
v 1.000000 263.000000 0.000000
v 0.000000 263.250000 -1.000000
v 1.000000 263.250000 -1.000000
v 1.000000 263.250000 0.000000
v 0.000000 263.250000 0.000000
v 0.000000 263.000000 0.000000
v 1.000000 263.000000 0.000000
v 1.000000 263.000000 -1.000000
v 0.000000 263.000000 -1.000000
v 0.812500 265.000000 -0.812500
v 0.187500 265.000000 -0.812500
v 0.187500 263.250000 -0.812500
v 0.812500 263.250000 -0.812500
v 0.187500 265.000000 -0.187500
v 0.812500 265.000000 -0.187500
v 0.812500 263.250000 -0.187500
v 0.187500 263.250000 -0.187500
v 0.187500 265.000000 -0.812500
v 0.187500 265.000000 -0.187500
v 0.187500 263.250000 -0.187500
v 0.187500 263.250000 -0.812500
v 0.812500 265.000000 -0.187500
v 0.812500 265.000000 -0.812500
v 0.812500 263.250000 -0.812500
v 0.812500 263.250000 -0.187500
v 1.000000 265.250000 -1.000000
v 0.000000 265.250000 -1.000000
v 0.000000 265.000000 -1.000000
v 1.000000 265.000000 -1.000000
v 0.000000 265.250000 0.000000
v 1.000000 265.250000 0.000000
v 1.000000 265.000000 0.000000
v 0.000000 265.000000 0.000000
v 0.000000 265.250000 -1.000000
v 0.000000 265.250000 0.000000
v 0.000000 265.000000 0.000000
v 0.000000 265.000000 -1.000000
v 1.000000 265.250000 0.000000
v 1.000000 265.250000 -1.000000
v 1.000000 265.000000 -1.000000
v 1.000000 265.000000 0.000000
v 0.000000 265.250000 -1.000000
v 1.000000 265.250000 -1.000000
v 1.000000 265.250000 0.000000
v 0.000000 265.250000 0.000000
v 0.000000 265.000000 0.000000
v 1.000000 265.000000 0.000000
v 1.000000 265.000000 -1.000000
v 0.000000 265.000000 -1.000000
v 0.812500 267.000000 -0.812500
v 0.187500 267.000000 -0.812500
v 0.187500 265.250000 -0.812500
v 0.812500 265.250000 -0.812500
v 0.187500 267.000000 -0.187500
v 0.812500 267.000000 -0.187500
v 0.812500 265.250000 -0.187500
v 0.187500 265.250000 -0.187500
v 0.187500 267.000000 -0.812500
v 0.187500 267.000000 -0.187500
v 0.187500 265.250000 -0.187500
v 0.187500 265.250000 -0.812500
v 0.812500 267.000000 -0.187500
v 0.812500 267.000000 -0.812500
v 0.812500 265.250000 -0.812500
v 0.812500 265.250000 -0.187500
v 1.000000 267.250000 -1.000000
v 0.000000 267.250000 -1.000000
v 0.000000 267.000000 -1.000000
v 1.000000 267.000000 -1.000000
v 0.000000 267.250000 0.000000
v 1.000000 267.250000 0.000000
v 1.000000 267.000000 0.000000
v 0.000000 267.000000 0.000000
v 0.000000 267.250000 -1.000000
v 0.000000 267.250000 0.000000
v 0.000000 267.000000 0.000000
v 0.000000 267.000000 -1.000000
v 1.000000 267.250000 0.000000
v 1.000000 267.250000 -1.000000
v 1.000000 267.000000 -1.000000
v 1.000000 267.000000 0.000000
v 0.000000 267.250000 -1.000000
v 1.000000 267.250000 -1.000000
v 1.000000 267.250000 0.000000
v 0.000000 267.250000 0.000000
v 0.000000 267.000000 0.000000
v 1.000000 267.000000 0.000000
v 1.000000 267.000000 -1.000000
v 0.000000 267.000000 -1.000000
v 0.812500 269.000000 -0.812500
v 0.187500 269.000000 -0.812500
v 0.187500 267.250000 -0.812500
v 0.812500 267.250000 -0.812500
v 0.187500 269.000000 -0.187500
v 0.812500 269.000000 -0.187500
v 0.812500 267.250000 -0.187500
v 0.187500 267.250000 -0.187500
v 0.187500 269.000000 -0.812500
v 0.187500 269.000000 -0.187500
v 0.187500 267.250000 -0.187500
v 0.187500 267.250000 -0.812500
v 0.812500 269.000000 -0.187500
v 0.812500 269.000000 -0.812500
v 0.812500 267.250000 -0.812500
v 0.812500 267.250000 -0.187500
v 1.000000 269.250000 -1.000000
v 0.000000 269.250000 -1.000000
v 0.000000 269.000000 -1.000000
v 1.000000 269.000000 -1.000000
v 0.000000 269.250000 0.000000
v 1.000000 269.250000 0.000000
v 1.000000 269.000000 0.000000
v 0.000000 269.000000 0.000000
v 0.000000 269.250000 -1.000000
v 0.000000 269.250000 0.000000
v 0.000000 269.000000 0.000000
v 0.000000 269.000000 -1.000000
v 1.000000 269.250000 0.000000
v 1.000000 269.250000 -1.000000
v 1.000000 269.000000 -1.000000
v 1.000000 269.000000 0.000000
v 0.000000 269.250000 -1.000000
v 1.000000 269.250000 -1.000000
v 1.000000 269.250000 0.000000
v 0.000000 269.250000 0.000000
v 0.000000 269.000000 0.000000
v 1.000000 269.000000 0.000000
v 1.000000 269.000000 -1.000000
v 0.000000 269.000000 -1.000000
v 0.812500 271.000000 -0.812500
v 0.187500 271.000000 -0.812500
v 0.187500 269.250000 -0.812500
v 0.812500 269.250000 -0.812500
v 0.187500 271.000000 -0.187500
v 0.812500 271.000000 -0.187500
v 0.812500 269.250000 -0.187500
v 0.187500 269.250000 -0.187500
v 0.187500 271.000000 -0.812500
v 0.187500 271.000000 -0.187500
v 0.187500 269.250000 -0.187500
v 0.187500 269.250000 -0.812500
v 0.812500 271.000000 -0.187500
v 0.812500 271.000000 -0.812500
v 0.812500 269.250000 -0.812500
v 0.812500 269.250000 -0.187500
v 1.000000 271.250000 -1.000000
v 0.000000 271.250000 -1.000000
v 0.000000 271.000000 -1.000000
v 1.000000 271.000000 -1.000000
v 0.000000 271.250000 0.000000
v 1.000000 271.250000 0.000000
v 1.000000 271.000000 0.000000
v 0.000000 271.000000 0.000000
v 0.000000 271.250000 -1.000000
v 0.000000 271.250000 0.000000
v 0.000000 271.000000 0.000000
v 0.000000 271.000000 -1.000000
v 1.000000 271.250000 0.000000
v 1.000000 271.250000 -1.000000
v 1.000000 271.000000 -1.000000
v 1.000000 271.000000 0.000000
v 0.000000 271.250000 -1.000000
v 1.000000 271.250000 -1.000000
v 1.000000 271.250000 0.000000
v 0.000000 271.250000 0.000000
v 0.000000 271.000000 0.000000
v 1.000000 271.000000 0.000000
v 1.000000 271.000000 -1.000000
v 0.000000 271.000000 -1.000000
v 0.812500 273.000000 -0.812500
v 0.187500 273.000000 -0.812500
v 0.187500 271.250000 -0.812500
v 0.812500 271.250000 -0.812500
v 0.187500 273.000000 -0.187500
v 0.812500 273.000000 -0.187500
v 0.812500 271.250000 -0.187500
v 0.187500 271.250000 -0.187500
v 0.187500 273.000000 -0.812500
v 0.187500 273.000000 -0.187500
v 0.187500 271.250000 -0.187500
v 0.187500 271.250000 -0.812500
v 0.812500 273.000000 -0.187500
v 0.812500 273.000000 -0.812500
v 0.812500 271.250000 -0.812500
v 0.812500 271.250000 -0.187500
v 1.000000 273.250000 -1.000000
v 0.000000 273.250000 -1.000000
v 0.000000 273.000000 -1.000000
v 1.000000 273.000000 -1.000000
v 0.000000 273.250000 0.000000
v 1.000000 273.250000 0.000000
v 1.000000 273.000000 0.000000
v 0.000000 273.000000 0.000000
v 0.000000 273.250000 -1.000000
v 0.000000 273.250000 0.000000
v 0.000000 273.000000 0.000000
v 0.000000 273.000000 -1.000000
v 1.000000 273.250000 0.000000
v 1.000000 273.250000 -1.000000
v 1.000000 273.000000 -1.000000
v 1.000000 273.000000 0.000000
v 0.000000 273.250000 -1.000000
v 1.000000 273.250000 -1.000000
v 1.000000 273.250000 0.000000
v 0.000000 273.250000 0.000000
v 0.000000 273.000000 0.000000
v 1.000000 273.000000 0.000000
v 1.000000 273.000000 -1.000000
v 0.000000 273.000000 -1.000000
v 0.812500 275.000000 -0.812500
v 0.187500 275.000000 -0.812500
v 0.187500 273.250000 -0.812500
v 0.812500 273.250000 -0.812500
v 0.187500 275.000000 -0.187500
v 0.812500 275.000000 -0.187500
v 0.812500 273.250000 -0.187500
v 0.187500 273.250000 -0.187500
v 0.187500 275.000000 -0.812500
v 0.187500 275.000000 -0.187500
v 0.187500 273.250000 -0.187500
v 0.187500 273.250000 -0.812500
v 0.812500 275.000000 -0.187500
v 0.812500 275.000000 -0.812500
v 0.812500 273.250000 -0.812500
v 0.812500 273.250000 -0.187500
v 1.000000 275.250000 -1.000000
v 0.000000 275.250000 -1.000000
v 0.000000 275.000000 -1.000000
v 1.000000 275.000000 -1.000000
v 0.000000 275.250000 0.000000
v 1.000000 275.250000 0.000000
v 1.000000 275.000000 0.000000
v 0.000000 275.000000 0.000000
v 0.000000 275.250000 -1.000000
v 0.000000 275.250000 0.000000
v 0.000000 275.000000 0.000000
v 0.000000 275.000000 -1.000000
v 1.000000 275.250000 0.000000
v 1.000000 275.250000 -1.000000
v 1.000000 275.000000 -1.000000
v 1.000000 275.000000 0.000000
v 0.000000 275.250000 -1.000000
v 1.000000 275.250000 -1.000000
v 1.000000 275.250000 0.000000
v 0.000000 275.250000 0.000000
v 0.000000 275.000000 0.000000
v 1.000000 275.000000 0.000000
v 1.000000 275.000000 -1.000000
v 0.000000 275.000000 -1.000000
v 0.812500 277.000000 -0.812500
v 0.187500 277.000000 -0.812500
v 0.187500 275.250000 -0.812500
v 0.812500 275.250000 -0.812500
v 0.187500 277.000000 -0.187500
v 0.812500 277.000000 -0.187500
v 0.812500 275.250000 -0.187500
v 0.187500 275.250000 -0.187500
v 0.187500 277.000000 -0.812500
v 0.187500 277.000000 -0.187500
v 0.187500 275.250000 -0.187500
v 0.187500 275.250000 -0.812500
v 0.812500 277.000000 -0.187500
v 0.812500 277.000000 -0.812500
v 0.812500 275.250000 -0.812500
v 0.812500 275.250000 -0.187500
v 1.000000 277.250000 -1.000000
v 0.000000 277.250000 -1.000000
v 0.000000 277.000000 -1.000000
v 1.000000 277.000000 -1.000000
v 0.000000 277.250000 0.000000
v 1.000000 277.250000 0.000000
v 1.000000 277.000000 0.000000
v 0.000000 277.000000 0.000000
v 0.000000 277.250000 -1.000000
v 0.000000 277.250000 0.000000
v 0.000000 277.000000 0.000000
v 0.000000 277.000000 -1.000000
v 1.000000 277.250000 0.000000
v 1.000000 277.250000 -1.000000
v 1.000000 277.000000 -1.000000
v 1.000000 277.000000 0.000000
v 0.000000 277.250000 -1.000000
v 1.000000 277.250000 -1.000000
v 1.000000 277.250000 0.000000
v 0.000000 277.250000 0.000000
v 0.000000 277.000000 0.000000
v 1.000000 277.000000 0.000000
v 1.000000 277.000000 -1.000000
v 0.000000 277.000000 -1.000000
v 0.812500 279.000000 -0.812500
v 0.187500 279.000000 -0.812500
v 0.187500 277.250000 -0.812500
v 0.812500 277.250000 -0.812500
v 0.187500 279.000000 -0.187500
v 0.812500 279.000000 -0.187500
v 0.812500 277.250000 -0.187500
v 0.187500 277.250000 -0.187500
v 0.187500 279.000000 -0.812500
v 0.187500 279.000000 -0.187500
v 0.187500 277.250000 -0.187500
v 0.187500 277.250000 -0.812500
v 0.812500 279.000000 -0.187500
v 0.812500 279.000000 -0.812500
v 0.812500 277.250000 -0.812500
v 0.812500 277.250000 -0.187500
v 1.000000 279.250000 -1.000000
v 0.000000 279.250000 -1.000000
v 0.000000 279.000000 -1.000000
v 1.000000 279.000000 -1.000000
v 0.000000 279.250000 0.000000
v 1.000000 279.250000 0.000000
v 1.000000 279.000000 0.000000
v 0.000000 279.000000 0.000000
v 0.000000 279.250000 -1.000000
v 0.000000 279.250000 0.000000
v 0.000000 279.000000 0.000000
v 0.000000 279.000000 -1.000000
v 1.000000 279.250000 0.000000
v 1.000000 279.250000 -1.000000
v 1.000000 279.000000 -1.000000
v 1.000000 279.000000 0.000000
v 0.000000 279.250000 -1.000000
v 1.000000 279.250000 -1.000000
v 1.000000 279.250000 0.000000
v 0.000000 279.250000 0.000000
v 0.000000 279.000000 0.000000
v 1.000000 279.000000 0.000000
v 1.000000 279.000000 -1.000000
v 0.000000 279.000000 -1.000000
v 0.812500 281.000000 -0.812500
v 0.187500 281.000000 -0.812500
v 0.187500 279.250000 -0.812500
v 0.812500 279.250000 -0.812500
v 0.187500 281.000000 -0.187500
v 0.812500 281.000000 -0.187500
v 0.812500 279.250000 -0.187500
v 0.187500 279.250000 -0.187500
v 0.187500 281.000000 -0.812500
v 0.187500 281.000000 -0.187500
v 0.187500 279.250000 -0.187500
v 0.187500 279.250000 -0.812500
v 0.812500 281.000000 -0.187500
v 0.812500 281.000000 -0.812500
v 0.812500 279.250000 -0.812500
v 0.812500 279.250000 -0.187500
v 1.000000 281.250000 -1.000000
v 0.000000 281.250000 -1.000000
v 0.000000 281.000000 -1.000000
v 1.000000 281.000000 -1.000000
v 0.000000 281.250000 0.000000
v 1.000000 281.250000 0.000000
v 1.000000 281.000000 0.000000
v 0.000000 281.000000 0.000000
v 0.000000 281.250000 -1.000000
v 0.000000 281.250000 0.000000
v 0.000000 281.000000 0.000000
v 0.000000 281.000000 -1.000000
v 1.000000 281.250000 0.000000
v 1.000000 281.250000 -1.000000
v 1.000000 281.000000 -1.000000
v 1.000000 281.000000 0.000000
v 0.000000 281.250000 -1.000000
v 1.000000 281.250000 -1.000000
v 1.000000 281.250000 0.000000
v 0.000000 281.250000 0.000000
v 0.000000 281.000000 0.000000
v 1.000000 281.000000 0.000000
v 1.000000 281.000000 -1.000000
v 0.000000 281.000000 -1.000000
v 0.812500 283.000000 -0.812500
v 0.187500 283.000000 -0.812500
v 0.187500 281.250000 -0.812500
v 0.812500 281.250000 -0.812500
v 0.187500 283.000000 -0.187500
v 0.812500 283.000000 -0.187500
v 0.812500 281.250000 -0.187500
v 0.187500 281.250000 -0.187500
v 0.187500 283.000000 -0.812500
v 0.187500 283.000000 -0.187500
v 0.187500 281.250000 -0.187500
v 0.187500 281.250000 -0.812500
v 0.812500 283.000000 -0.187500
v 0.812500 283.000000 -0.812500
v 0.812500 281.250000 -0.812500
v 0.812500 281.250000 -0.187500
v 1.000000 283.250000 -1.000000
v 0.000000 283.250000 -1.000000
v 0.000000 283.000000 -1.000000
v 1.000000 283.000000 -1.000000
v 0.000000 283.250000 0.000000
v 1.000000 283.250000 0.000000
v 1.000000 283.000000 0.000000
v 0.000000 283.000000 0.000000
v 0.000000 283.250000 -1.000000
v 0.000000 283.250000 0.000000
v 0.000000 283.000000 0.000000
v 0.000000 283.000000 -1.000000
v 1.000000 283.250000 0.000000
v 1.000000 283.250000 -1.000000
v 1.000000 283.000000 -1.000000
v 1.000000 283.000000 0.000000
v 0.000000 283.250000 -1.000000
v 1.000000 283.250000 -1.000000
v 1.000000 283.250000 0.000000
v 0.000000 283.250000 0.000000
v 0.000000 283.000000 0.000000
v 1.000000 283.000000 0.000000
v 1.000000 283.000000 -1.000000
v 0.000000 283.000000 -1.000000
v 0.812500 285.000000 -0.812500
v 0.187500 285.000000 -0.812500
v 0.187500 283.250000 -0.812500
v 0.812500 283.250000 -0.812500
v 0.187500 285.000000 -0.187500
v 0.812500 285.000000 -0.187500
v 0.812500 283.250000 -0.187500
v 0.187500 283.250000 -0.187500
v 0.187500 285.000000 -0.812500
v 0.187500 285.000000 -0.187500
v 0.187500 283.250000 -0.187500
v 0.187500 283.250000 -0.812500
v 0.812500 285.000000 -0.187500
v 0.812500 285.000000 -0.812500
v 0.812500 283.250000 -0.812500
v 0.812500 283.250000 -0.187500
v 1.000000 285.250000 -1.000000
v 0.000000 285.250000 -1.000000
v 0.000000 285.000000 -1.000000
v 1.000000 285.000000 -1.000000
v 0.000000 285.250000 0.000000
v 1.000000 285.250000 0.000000
v 1.000000 285.000000 0.000000
v 0.000000 285.000000 0.000000
v 0.000000 285.250000 -1.000000
v 0.000000 285.250000 0.000000
v 0.000000 285.000000 0.000000
v 0.000000 285.000000 -1.000000
v 1.000000 285.250000 0.000000
v 1.000000 285.250000 -1.000000
v 1.000000 285.000000 -1.000000
v 1.000000 285.000000 0.000000
v 0.000000 285.250000 -1.000000
v 1.000000 285.250000 -1.000000
v 1.000000 285.250000 0.000000
v 0.000000 285.250000 0.000000
v 0.000000 285.000000 0.000000
v 1.000000 285.000000 0.000000
v 1.000000 285.000000 -1.000000
v 0.000000 285.000000 -1.000000
v 0.812500 287.000000 -0.812500
v 0.187500 287.000000 -0.812500
v 0.187500 285.250000 -0.812500
v 0.812500 285.250000 -0.812500
v 0.187500 287.000000 -0.187500
v 0.812500 287.000000 -0.187500
v 0.812500 285.250000 -0.187500
v 0.187500 285.250000 -0.187500
v 0.187500 287.000000 -0.812500
v 0.187500 287.000000 -0.187500
v 0.187500 285.250000 -0.187500
v 0.187500 285.250000 -0.812500
v 0.812500 287.000000 -0.187500
v 0.812500 287.000000 -0.812500
v 0.812500 285.250000 -0.812500
v 0.812500 285.250000 -0.187500
v 1.000000 287.250000 -1.000000
v 0.000000 287.250000 -1.000000
v 0.000000 287.000000 -1.000000
v 1.000000 287.000000 -1.000000
v 0.000000 287.250000 0.000000
v 1.000000 287.250000 0.000000
v 1.000000 287.000000 0.000000
v 0.000000 287.000000 0.000000
v 0.000000 287.250000 -1.000000
v 0.000000 287.250000 0.000000
v 0.000000 287.000000 0.000000
v 0.000000 287.000000 -1.000000
v 1.000000 287.250000 0.000000
v 1.000000 287.250000 -1.000000
v 1.000000 287.000000 -1.000000
v 1.000000 287.000000 0.000000
v 0.000000 287.250000 -1.000000
v 1.000000 287.250000 -1.000000
v 1.000000 287.250000 0.000000
v 0.000000 287.250000 0.000000
v 0.000000 287.000000 0.000000
v 1.000000 287.000000 0.000000
v 1.000000 287.000000 -1.000000
v 0.000000 287.000000 -1.000000
v 0.812500 289.000000 -0.812500
v 0.187500 289.000000 -0.812500
v 0.187500 287.250000 -0.812500
v 0.812500 287.250000 -0.812500
v 0.187500 289.000000 -0.187500
v 0.812500 289.000000 -0.187500
v 0.812500 287.250000 -0.187500
v 0.187500 287.250000 -0.187500
v 0.187500 289.000000 -0.812500
v 0.187500 289.000000 -0.187500
v 0.187500 287.250000 -0.187500
v 0.187500 287.250000 -0.812500
v 0.812500 289.000000 -0.187500
v 0.812500 289.000000 -0.812500
v 0.812500 287.250000 -0.812500
v 0.812500 287.250000 -0.187500
v 1.000000 289.250000 -1.000000
v 0.000000 289.250000 -1.000000
v 0.000000 289.000000 -1.000000
v 1.000000 289.000000 -1.000000
v 0.000000 289.250000 0.000000
v 1.000000 289.250000 0.000000
v 1.000000 289.000000 0.000000
v 0.000000 289.000000 0.000000
v 0.000000 289.250000 -1.000000
v 0.000000 289.250000 0.000000
v 0.000000 289.000000 0.000000
v 0.000000 289.000000 -1.000000
v 1.000000 289.250000 0.000000
v 1.000000 289.250000 -1.000000
v 1.000000 289.000000 -1.000000
v 1.000000 289.000000 0.000000
v 0.000000 289.250000 -1.000000
v 1.000000 289.250000 -1.000000
v 1.000000 289.250000 0.000000
v 0.000000 289.250000 0.000000
v 0.000000 289.000000 0.000000
v 1.000000 289.000000 0.000000
v 1.000000 289.000000 -1.000000
v 0.000000 289.000000 -1.000000
v 0.812500 291.000000 -0.812500
v 0.187500 291.000000 -0.812500
v 0.187500 289.250000 -0.812500
v 0.812500 289.250000 -0.812500
v 0.187500 291.000000 -0.187500
v 0.812500 291.000000 -0.187500
v 0.812500 289.250000 -0.187500
v 0.187500 289.250000 -0.187500
v 0.187500 291.000000 -0.812500
v 0.187500 291.000000 -0.187500
v 0.187500 289.250000 -0.187500
v 0.187500 289.250000 -0.812500
v 0.812500 291.000000 -0.187500
v 0.812500 291.000000 -0.812500
v 0.812500 289.250000 -0.812500
v 0.812500 289.250000 -0.187500
v 1.000000 291.250000 -1.000000
v 0.000000 291.250000 -1.000000
v 0.000000 291.000000 -1.000000
v 1.000000 291.000000 -1.000000
v 0.000000 291.250000 0.000000
v 1.000000 291.250000 0.000000
v 1.000000 291.000000 0.000000
v 0.000000 291.000000 0.000000
v 0.000000 291.250000 -1.000000
v 0.000000 291.250000 0.000000
v 0.000000 291.000000 0.000000
v 0.000000 291.000000 -1.000000
v 1.000000 291.250000 0.000000
v 1.000000 291.250000 -1.000000
v 1.000000 291.000000 -1.000000
v 1.000000 291.000000 0.000000
v 0.000000 291.250000 -1.000000
v 1.000000 291.250000 -1.000000
v 1.000000 291.250000 0.000000
v 0.000000 291.250000 0.000000
v 0.000000 291.000000 0.000000
v 1.000000 291.000000 0.000000
v 1.000000 291.000000 -1.000000
v 0.000000 291.000000 -1.000000
v 0.812500 293.000000 -0.812500
v 0.187500 293.000000 -0.812500
v 0.187500 291.250000 -0.812500
v 0.812500 291.250000 -0.812500
v 0.187500 293.000000 -0.187500
v 0.812500 293.000000 -0.187500
v 0.812500 291.250000 -0.187500
v 0.187500 291.250000 -0.187500
v 0.187500 293.000000 -0.812500
v 0.187500 293.000000 -0.187500
v 0.187500 291.250000 -0.187500
v 0.187500 291.250000 -0.812500
v 0.812500 293.000000 -0.187500
v 0.812500 293.000000 -0.812500
v 0.812500 291.250000 -0.812500
v 0.812500 291.250000 -0.187500
v 1.000000 293.250000 -1.000000
v 0.000000 293.250000 -1.000000
v 0.000000 293.000000 -1.000000
v 1.000000 293.000000 -1.000000
v 0.000000 293.250000 0.000000
v 1.000000 293.250000 0.000000
v 1.000000 293.000000 0.000000
v 0.000000 293.000000 0.000000
v 0.000000 293.250000 -1.000000
v 0.000000 293.250000 0.000000
v 0.000000 293.000000 0.000000
v 0.000000 293.000000 -1.000000
v 1.000000 293.250000 0.000000
v 1.000000 293.250000 -1.000000
v 1.000000 293.000000 -1.000000
v 1.000000 293.000000 0.000000
v 0.000000 293.250000 -1.000000
v 1.000000 293.250000 -1.000000
v 1.000000 293.250000 0.000000
v 0.000000 293.250000 0.000000
v 0.000000 293.000000 0.000000
v 1.000000 293.000000 0.000000
v 1.000000 293.000000 -1.000000
v 0.000000 293.000000 -1.000000
v 0.812500 295.000000 -0.812500
v 0.187500 295.000000 -0.812500
v 0.187500 293.250000 -0.812500
v 0.812500 293.250000 -0.812500
v 0.187500 295.000000 -0.187500
v 0.812500 295.000000 -0.187500
v 0.812500 293.250000 -0.187500
v 0.187500 293.250000 -0.187500
v 0.187500 295.000000 -0.812500
v 0.187500 295.000000 -0.187500
v 0.187500 293.250000 -0.187500
v 0.187500 293.250000 -0.812500
v 0.812500 295.000000 -0.187500
v 0.812500 295.000000 -0.812500
v 0.812500 293.250000 -0.812500
v 0.812500 293.250000 -0.187500
v 1.000000 295.250000 -1.000000
v 0.000000 295.250000 -1.000000
v 0.000000 295.000000 -1.000000
v 1.000000 295.000000 -1.000000
v 0.000000 295.250000 0.000000
v 1.000000 295.250000 0.000000
v 1.000000 295.000000 0.000000
v 0.000000 295.000000 0.000000
v 0.000000 295.250000 -1.000000
v 0.000000 295.250000 0.000000
v 0.000000 295.000000 0.000000
v 0.000000 295.000000 -1.000000
v 1.000000 295.250000 0.000000
v 1.000000 295.250000 -1.000000
v 1.000000 295.000000 -1.000000
v 1.000000 295.000000 0.000000
v 0.000000 295.250000 -1.000000
v 1.000000 295.250000 -1.000000
v 1.000000 295.250000 0.000000
v 0.000000 295.250000 0.000000
v 0.000000 295.000000 0.000000
v 1.000000 295.000000 0.000000
v 1.000000 295.000000 -1.000000
v 0.000000 295.000000 -1.000000
v 0.812500 297.000000 -0.812500
v 0.187500 297.000000 -0.812500
v 0.187500 295.250000 -0.812500
v 0.812500 295.250000 -0.812500
v 0.187500 297.000000 -0.187500
v 0.812500 297.000000 -0.187500
v 0.812500 295.250000 -0.187500
v 0.187500 295.250000 -0.187500
v 0.187500 297.000000 -0.812500
v 0.187500 297.000000 -0.187500
v 0.187500 295.250000 -0.187500
v 0.187500 295.250000 -0.812500
v 0.812500 297.000000 -0.187500
v 0.812500 297.000000 -0.812500
v 0.812500 295.250000 -0.812500
v 0.812500 295.250000 -0.187500
v 1.000000 297.250000 -1.000000
v 0.000000 297.250000 -1.000000
v 0.000000 297.000000 -1.000000
v 1.000000 297.000000 -1.000000
v 0.000000 297.250000 0.000000
v 1.000000 297.250000 0.000000
v 1.000000 297.000000 0.000000
v 0.000000 297.000000 0.000000
v 0.000000 297.250000 -1.000000
v 0.000000 297.250000 0.000000
v 0.000000 297.000000 0.000000
v 0.000000 297.000000 -1.000000
v 1.000000 297.250000 0.000000
v 1.000000 297.250000 -1.000000
v 1.000000 297.000000 -1.000000
v 1.000000 297.000000 0.000000
v 0.000000 297.250000 -1.000000
v 1.000000 297.250000 -1.000000
v 1.000000 297.250000 0.000000
v 0.000000 297.250000 0.000000
v 0.000000 297.000000 0.000000
v 1.000000 297.000000 0.000000
v 1.000000 297.000000 -1.000000
v 0.000000 297.000000 -1.000000
v 0.812500 299.000000 -0.812500
v 0.187500 299.000000 -0.812500
v 0.187500 297.250000 -0.812500
v 0.812500 297.250000 -0.812500
v 0.187500 299.000000 -0.187500
v 0.812500 299.000000 -0.187500
v 0.812500 297.250000 -0.187500
v 0.187500 297.250000 -0.187500
v 0.187500 299.000000 -0.812500
v 0.187500 299.000000 -0.187500
v 0.187500 297.250000 -0.187500
v 0.187500 297.250000 -0.812500
v 0.812500 299.000000 -0.187500
v 0.812500 299.000000 -0.812500
v 0.812500 297.250000 -0.812500
v 0.812500 297.250000 -0.187500
v 1.000000 299.250000 -1.000000
v 0.000000 299.250000 -1.000000
v 0.000000 299.000000 -1.000000
v 1.000000 299.000000 -1.000000
v 0.000000 299.250000 0.000000
v 1.000000 299.250000 0.000000
v 1.000000 299.000000 0.000000
v 0.000000 299.000000 0.000000
v 0.000000 299.250000 -1.000000
v 0.000000 299.250000 0.000000
v 0.000000 299.000000 0.000000
v 0.000000 299.000000 -1.000000
v 1.000000 299.250000 0.000000
v 1.000000 299.250000 -1.000000
v 1.000000 299.000000 -1.000000
v 1.000000 299.000000 0.000000
v 0.000000 299.250000 -1.000000
v 1.000000 299.250000 -1.000000
v 1.000000 299.250000 0.000000
v 0.000000 299.250000 0.000000
v 0.000000 299.000000 0.000000
v 1.000000 299.000000 0.000000
v 1.000000 299.000000 -1.000000
v 0.000000 299.000000 -1.000000
v 0.812500 301.000000 -0.812500
v 0.187500 301.000000 -0.812500
v 0.187500 299.250000 -0.812500
v 0.812500 299.250000 -0.812500
v 0.187500 301.000000 -0.187500
v 0.812500 301.000000 -0.187500
v 0.812500 299.250000 -0.187500
v 0.187500 299.250000 -0.187500
v 0.187500 301.000000 -0.812500
v 0.187500 301.000000 -0.187500
v 0.187500 299.250000 -0.187500
v 0.187500 299.250000 -0.812500
v 0.812500 301.000000 -0.187500
v 0.812500 301.000000 -0.812500
v 0.812500 299.250000 -0.812500
v 0.812500 299.250000 -0.187500
v 1.000000 301.250000 -1.000000
v 0.000000 301.250000 -1.000000
v 0.000000 301.000000 -1.000000
v 1.000000 301.000000 -1.000000
v 0.000000 301.250000 0.000000
v 1.000000 301.250000 0.000000
v 1.000000 301.000000 0.000000
v 0.000000 301.000000 0.000000
v 0.000000 301.250000 -1.000000
v 0.000000 301.250000 0.000000
v 0.000000 301.000000 0.000000
v 0.000000 301.000000 -1.000000
v 1.000000 301.250000 0.000000
v 1.000000 301.250000 -1.000000
v 1.000000 301.000000 -1.000000
v 1.000000 301.000000 0.000000
v 0.000000 301.250000 -1.000000
v 1.000000 301.250000 -1.000000
v 1.000000 301.250000 0.000000
v 0.000000 301.250000 0.000000
v 0.000000 301.000000 0.000000
v 1.000000 301.000000 0.000000
v 1.000000 301.000000 -1.000000
v 0.000000 301.000000 -1.000000
v 0.812500 303.000000 -0.812500
v 0.187500 303.000000 -0.812500
v 0.187500 301.250000 -0.812500
v 0.812500 301.250000 -0.812500
v 0.187500 303.000000 -0.187500
v 0.812500 303.000000 -0.187500
v 0.812500 301.250000 -0.187500
v 0.187500 301.250000 -0.187500
v 0.187500 303.000000 -0.812500
v 0.187500 303.000000 -0.187500
v 0.187500 301.250000 -0.187500
v 0.187500 301.250000 -0.812500
v 0.812500 303.000000 -0.187500
v 0.812500 303.000000 -0.812500
v 0.812500 301.250000 -0.812500
v 0.812500 301.250000 -0.187500
v 1.000000 303.250000 -1.000000
v 0.000000 303.250000 -1.000000
v 0.000000 303.000000 -1.000000
v 1.000000 303.000000 -1.000000
v 0.000000 303.250000 0.000000
v 1.000000 303.250000 0.000000
v 1.000000 303.000000 0.000000
v 0.000000 303.000000 0.000000
v 0.000000 303.250000 -1.000000
v 0.000000 303.250000 0.000000
v 0.000000 303.000000 0.000000
v 0.000000 303.000000 -1.000000
v 1.000000 303.250000 0.000000
v 1.000000 303.250000 -1.000000
v 1.000000 303.000000 -1.000000
v 1.000000 303.000000 0.000000
v 0.000000 303.250000 -1.000000
v 1.000000 303.250000 -1.000000
v 1.000000 303.250000 0.000000
v 0.000000 303.250000 0.000000
v 0.000000 303.000000 0.000000
v 1.000000 303.000000 0.000000
v 1.000000 303.000000 -1.000000
v 0.000000 303.000000 -1.000000
v 0.812500 305.000000 -0.812500
v 0.187500 305.000000 -0.812500
v 0.187500 303.250000 -0.812500
v 0.812500 303.250000 -0.812500
v 0.187500 305.000000 -0.187500
v 0.812500 305.000000 -0.187500
v 0.812500 303.250000 -0.187500
v 0.187500 303.250000 -0.187500
v 0.187500 305.000000 -0.812500
v 0.187500 305.000000 -0.187500
v 0.187500 303.250000 -0.187500
v 0.187500 303.250000 -0.812500
v 0.812500 305.000000 -0.187500
v 0.812500 305.000000 -0.812500
v 0.812500 303.250000 -0.812500
v 0.812500 303.250000 -0.187500
v 1.000000 305.250000 -1.000000
v 0.000000 305.250000 -1.000000
v 0.000000 305.000000 -1.000000
v 1.000000 305.000000 -1.000000
v 0.000000 305.250000 0.000000
v 1.000000 305.250000 0.000000
v 1.000000 305.000000 0.000000
v 0.000000 305.000000 0.000000
v 0.000000 305.250000 -1.000000
v 0.000000 305.250000 0.000000
v 0.000000 305.000000 0.000000
v 0.000000 305.000000 -1.000000
v 1.000000 305.250000 0.000000
v 1.000000 305.250000 -1.000000
v 1.000000 305.000000 -1.000000
v 1.000000 305.000000 0.000000
v 0.000000 305.250000 -1.000000
v 1.000000 305.250000 -1.000000
v 1.000000 305.250000 0.000000
v 0.000000 305.250000 0.000000
v 0.000000 305.000000 0.000000
v 1.000000 305.000000 0.000000
v 1.000000 305.000000 -1.000000
v 0.000000 305.000000 -1.000000
v 0.812500 307.000000 -0.812500
v 0.187500 307.000000 -0.812500
v 0.187500 305.250000 -0.812500
v 0.812500 305.250000 -0.812500
v 0.187500 307.000000 -0.187500
v 0.812500 307.000000 -0.187500
v 0.812500 305.250000 -0.187500
v 0.187500 305.250000 -0.187500
v 0.187500 307.000000 -0.812500
v 0.187500 307.000000 -0.187500
v 0.187500 305.250000 -0.187500
v 0.187500 305.250000 -0.812500
v 0.812500 307.000000 -0.187500
v 0.812500 307.000000 -0.812500
v 0.812500 305.250000 -0.812500
v 0.812500 305.250000 -0.187500
v 1.000000 307.250000 -1.000000
v 0.000000 307.250000 -1.000000
v 0.000000 307.000000 -1.000000
v 1.000000 307.000000 -1.000000
v 0.000000 307.250000 0.000000
v 1.000000 307.250000 0.000000
v 1.000000 307.000000 0.000000
v 0.000000 307.000000 0.000000
v 0.000000 307.250000 -1.000000
v 0.000000 307.250000 0.000000
v 0.000000 307.000000 0.000000
v 0.000000 307.000000 -1.000000
v 1.000000 307.250000 0.000000
v 1.000000 307.250000 -1.000000
v 1.000000 307.000000 -1.000000
v 1.000000 307.000000 0.000000
v 0.000000 307.250000 -1.000000
v 1.000000 307.250000 -1.000000
v 1.000000 307.250000 0.000000
v 0.000000 307.250000 0.000000
v 0.000000 307.000000 0.000000
v 1.000000 307.000000 0.000000
v 1.000000 307.000000 -1.000000
v 0.000000 307.000000 -1.000000
v 0.812500 309.000000 -0.812500
v 0.187500 309.000000 -0.812500
v 0.187500 307.250000 -0.812500
v 0.812500 307.250000 -0.812500
v 0.187500 309.000000 -0.187500
v 0.812500 309.000000 -0.187500
v 0.812500 307.250000 -0.187500
v 0.187500 307.250000 -0.187500
v 0.187500 309.000000 -0.812500
v 0.187500 309.000000 -0.187500
v 0.187500 307.250000 -0.187500
v 0.187500 307.250000 -0.812500
v 0.812500 309.000000 -0.187500
v 0.812500 309.000000 -0.812500
v 0.812500 307.250000 -0.812500
v 0.812500 307.250000 -0.187500
v 1.000000 309.250000 -1.000000
v 0.000000 309.250000 -1.000000
v 0.000000 309.000000 -1.000000
v 1.000000 309.000000 -1.000000
v 0.000000 309.250000 0.000000
v 1.000000 309.250000 0.000000
v 1.000000 309.000000 0.000000
v 0.000000 309.000000 0.000000
v 0.000000 309.250000 -1.000000
v 0.000000 309.250000 0.000000
v 0.000000 309.000000 0.000000
v 0.000000 309.000000 -1.000000
v 1.000000 309.250000 0.000000
v 1.000000 309.250000 -1.000000
v 1.000000 309.000000 -1.000000
v 1.000000 309.000000 0.000000
v 0.000000 309.250000 -1.000000
v 1.000000 309.250000 -1.000000
v 1.000000 309.250000 0.000000
v 0.000000 309.250000 0.000000
v 0.000000 309.000000 0.000000
v 1.000000 309.000000 0.000000
v 1.000000 309.000000 -1.000000
v 0.000000 309.000000 -1.000000
v 0.812500 311.000000 -0.812500
v 0.187500 311.000000 -0.812500
v 0.187500 309.250000 -0.812500
v 0.812500 309.250000 -0.812500
v 0.187500 311.000000 -0.187500
v 0.812500 311.000000 -0.187500
v 0.812500 309.250000 -0.187500
v 0.187500 309.250000 -0.187500
v 0.187500 311.000000 -0.812500
v 0.187500 311.000000 -0.187500
v 0.187500 309.250000 -0.187500
v 0.187500 309.250000 -0.812500
v 0.812500 311.000000 -0.187500
v 0.812500 311.000000 -0.812500
v 0.812500 309.250000 -0.812500
v 0.812500 309.250000 -0.187500
v 1.000000 311.250000 -1.000000
v 0.000000 311.250000 -1.000000
v 0.000000 311.000000 -1.000000
v 1.000000 311.000000 -1.000000
v 0.000000 311.250000 0.000000
v 1.000000 311.250000 0.000000
v 1.000000 311.000000 0.000000
v 0.000000 311.000000 0.000000
v 0.000000 311.250000 -1.000000
v 0.000000 311.250000 0.000000
v 0.000000 311.000000 0.000000
v 0.000000 311.000000 -1.000000
v 1.000000 311.250000 0.000000
v 1.000000 311.250000 -1.000000
v 1.000000 311.000000 -1.000000
v 1.000000 311.000000 0.000000
v 0.000000 311.250000 -1.000000
v 1.000000 311.250000 -1.000000
v 1.000000 311.250000 0.000000
v 0.000000 311.250000 0.000000
v 0.000000 311.000000 0.000000
v 1.000000 311.000000 0.000000
v 1.000000 311.000000 -1.000000
v 0.000000 311.000000 -1.000000
v 0.812500 313.000000 -0.812500
v 0.187500 313.000000 -0.812500
v 0.187500 311.250000 -0.812500
v 0.812500 311.250000 -0.812500
v 0.187500 313.000000 -0.187500
v 0.812500 313.000000 -0.187500
v 0.812500 311.250000 -0.187500
v 0.187500 311.250000 -0.187500
v 0.187500 313.000000 -0.812500
v 0.187500 313.000000 -0.187500
v 0.187500 311.250000 -0.187500
v 0.187500 311.250000 -0.812500
v 0.812500 313.000000 -0.187500
v 0.812500 313.000000 -0.812500
v 0.812500 311.250000 -0.812500
v 0.812500 311.250000 -0.187500
v 1.000000 313.250000 -1.000000
v 0.000000 313.250000 -1.000000
v 0.000000 313.000000 -1.000000
v 1.000000 313.000000 -1.000000
v 0.000000 313.250000 0.000000
v 1.000000 313.250000 0.000000
v 1.000000 313.000000 0.000000
v 0.000000 313.000000 0.000000
v 0.000000 313.250000 -1.000000
v 0.000000 313.250000 0.000000
v 0.000000 313.000000 0.000000
v 0.000000 313.000000 -1.000000
v 1.000000 313.250000 0.000000
v 1.000000 313.250000 -1.000000
v 1.000000 313.000000 -1.000000
v 1.000000 313.000000 0.000000
v 0.000000 313.250000 -1.000000
v 1.000000 313.250000 -1.000000
v 1.000000 313.250000 0.000000
v 0.000000 313.250000 0.000000
v 0.000000 313.000000 0.000000
v 1.000000 313.000000 0.000000
v 1.000000 313.000000 -1.000000
v 0.000000 313.000000 -1.000000
v 0.812500 315.000000 -0.812500
v 0.187500 315.000000 -0.812500
v 0.187500 313.250000 -0.812500
v 0.812500 313.250000 -0.812500
v 0.187500 315.000000 -0.187500
v 0.812500 315.000000 -0.187500
v 0.812500 313.250000 -0.187500
v 0.187500 313.250000 -0.187500
v 0.187500 315.000000 -0.812500
v 0.187500 315.000000 -0.187500
v 0.187500 313.250000 -0.187500
v 0.187500 313.250000 -0.812500
v 0.812500 315.000000 -0.187500
v 0.812500 315.000000 -0.812500
v 0.812500 313.250000 -0.812500
v 0.812500 313.250000 -0.187500
v 1.000000 315.250000 -1.000000
v 0.000000 315.250000 -1.000000
v 0.000000 315.000000 -1.000000
v 1.000000 315.000000 -1.000000
v 0.000000 315.250000 0.000000
v 1.000000 315.250000 0.000000
v 1.000000 315.000000 0.000000
v 0.000000 315.000000 0.000000
v 0.000000 315.250000 -1.000000
v 0.000000 315.250000 0.000000
v 0.000000 315.000000 0.000000
v 0.000000 315.000000 -1.000000
v 1.000000 315.250000 0.000000
v 1.000000 315.250000 -1.000000
v 1.000000 315.000000 -1.000000
v 1.000000 315.000000 0.000000
v 0.000000 315.250000 -1.000000
v 1.000000 315.250000 -1.000000
v 1.000000 315.250000 0.000000
v 0.000000 315.250000 0.000000
v 0.000000 315.000000 0.000000
v 1.000000 315.000000 0.000000
v 1.000000 315.000000 -1.000000
v 0.000000 315.000000 -1.000000
v 0.812500 317.000000 -0.812500
v 0.187500 317.000000 -0.812500
v 0.187500 315.250000 -0.812500
v 0.812500 315.250000 -0.812500
v 0.187500 317.000000 -0.187500
v 0.812500 317.000000 -0.187500
v 0.812500 315.250000 -0.187500
v 0.187500 315.250000 -0.187500
v 0.187500 317.000000 -0.812500
v 0.187500 317.000000 -0.187500
v 0.187500 315.250000 -0.187500
v 0.187500 315.250000 -0.812500
v 0.812500 317.000000 -0.187500
v 0.812500 317.000000 -0.812500
v 0.812500 315.250000 -0.812500
v 0.812500 315.250000 -0.187500
v 1.000000 317.250000 -1.000000
v 0.000000 317.250000 -1.000000
v 0.000000 317.000000 -1.000000
v 1.000000 317.000000 -1.000000
v 0.000000 317.250000 0.000000
v 1.000000 317.250000 0.000000
v 1.000000 317.000000 0.000000
v 0.000000 317.000000 0.000000
v 0.000000 317.250000 -1.000000
v 0.000000 317.250000 0.000000
v 0.000000 317.000000 0.000000
v 0.000000 317.000000 -1.000000
v 1.000000 317.250000 0.000000
v 1.000000 317.250000 -1.000000
v 1.000000 317.000000 -1.000000
v 1.000000 317.000000 0.000000
v 0.000000 317.250000 -1.000000
v 1.000000 317.250000 -1.000000
v 1.000000 317.250000 0.000000
v 0.000000 317.250000 0.000000
v 0.000000 317.000000 0.000000
v 1.000000 317.000000 0.000000
v 1.000000 317.000000 -1.000000
v 0.000000 317.000000 -1.000000
v 0.812500 319.000000 -0.812500
v 0.187500 319.000000 -0.812500
v 0.187500 317.250000 -0.812500
v 0.812500 317.250000 -0.812500
v 0.187500 319.000000 -0.187500
v 0.812500 319.000000 -0.187500
v 0.812500 317.250000 -0.187500
v 0.187500 317.250000 -0.187500
v 0.187500 319.000000 -0.812500
v 0.187500 319.000000 -0.187500
v 0.187500 317.250000 -0.187500
v 0.187500 317.250000 -0.812500
v 0.812500 319.000000 -0.187500
v 0.812500 319.000000 -0.812500
v 0.812500 317.250000 -0.812500
v 0.812500 317.250000 -0.187500
v 1.000000 319.250000 -1.000000
v 0.000000 319.250000 -1.000000
v 0.000000 319.000000 -1.000000
v 1.000000 319.000000 -1.000000
v 0.000000 319.250000 0.000000
v 1.000000 319.250000 0.000000
v 1.000000 319.000000 0.000000
v 0.000000 319.000000 0.000000
v 0.000000 319.250000 -1.000000
v 0.000000 319.250000 0.000000
v 0.000000 319.000000 0.000000
v 0.000000 319.000000 -1.000000
v 1.000000 319.250000 0.000000
v 1.000000 319.250000 -1.000000
v 1.000000 319.000000 -1.000000
v 1.000000 319.000000 0.000000
v 0.000000 319.250000 -1.000000
v 1.000000 319.250000 -1.000000
v 1.000000 319.250000 0.000000
v 0.000000 319.250000 0.000000
v 0.000000 319.000000 0.000000
v 1.000000 319.000000 0.000000
v 1.000000 319.000000 -1.000000
v 0.000000 319.000000 -1.000000
v 0.812500 321.000000 -0.812500
v 0.187500 321.000000 -0.812500
v 0.187500 319.250000 -0.812500
v 0.812500 319.250000 -0.812500
v 0.187500 321.000000 -0.187500
v 0.812500 321.000000 -0.187500
v 0.812500 319.250000 -0.187500
v 0.187500 319.250000 -0.187500
v 0.187500 321.000000 -0.812500
v 0.187500 321.000000 -0.187500
v 0.187500 319.250000 -0.187500
v 0.187500 319.250000 -0.812500
v 0.812500 321.000000 -0.187500
v 0.812500 321.000000 -0.812500
v 0.812500 319.250000 -0.812500
v 0.812500 319.250000 -0.187500
v 1.000000 321.250000 -1.000000
v 0.000000 321.250000 -1.000000
v 0.000000 321.000000 -1.000000
v 1.000000 321.000000 -1.000000
v 0.000000 321.250000 0.000000
v 1.000000 321.250000 0.000000
v 1.000000 321.000000 0.000000
v 0.000000 321.000000 0.000000
v 0.000000 321.250000 -1.000000
v 0.000000 321.250000 0.000000
v 0.000000 321.000000 0.000000
v 0.000000 321.000000 -1.000000
v 1.000000 321.250000 0.000000
v 1.000000 321.250000 -1.000000
v 1.000000 321.000000 -1.000000
v 1.000000 321.000000 0.000000
v 0.000000 321.250000 -1.000000
v 1.000000 321.250000 -1.000000
v 1.000000 321.250000 0.000000
v 0.000000 321.250000 0.000000
v 0.000000 321.000000 0.000000
v 1.000000 321.000000 0.000000
v 1.000000 321.000000 -1.000000
v 0.000000 321.000000 -1.000000
v 0.812500 323.000000 -0.812500
v 0.187500 323.000000 -0.812500
v 0.187500 321.250000 -0.812500
v 0.812500 321.250000 -0.812500
v 0.187500 323.000000 -0.187500
v 0.812500 323.000000 -0.187500
v 0.812500 321.250000 -0.187500
v 0.187500 321.250000 -0.187500
v 0.187500 323.000000 -0.812500
v 0.187500 323.000000 -0.187500
v 0.187500 321.250000 -0.187500
v 0.187500 321.250000 -0.812500
v 0.812500 323.000000 -0.187500
v 0.812500 323.000000 -0.812500
v 0.812500 321.250000 -0.812500
v 0.812500 321.250000 -0.187500
v 1.000000 323.250000 -1.000000
v 0.000000 323.250000 -1.000000
v 0.000000 323.000000 -1.000000
v 1.000000 323.000000 -1.000000
v 0.000000 323.250000 0.000000
v 1.000000 323.250000 0.000000
v 1.000000 323.000000 0.000000
v 0.000000 323.000000 0.000000
v 0.000000 323.250000 -1.000000
v 0.000000 323.250000 0.000000
v 0.000000 323.000000 0.000000
v 0.000000 323.000000 -1.000000
v 1.000000 323.250000 0.000000
v 1.000000 323.250000 -1.000000
v 1.000000 323.000000 -1.000000
v 1.000000 323.000000 0.000000
v 0.000000 323.250000 -1.000000
v 1.000000 323.250000 -1.000000
v 1.000000 323.250000 0.000000
v 0.000000 323.250000 0.000000
v 0.000000 323.000000 0.000000
v 1.000000 323.000000 0.000000
v 1.000000 323.000000 -1.000000
v 0.000000 323.000000 -1.000000
v 0.812500 325.000000 -0.812500
v 0.187500 325.000000 -0.812500
v 0.187500 323.250000 -0.812500
v 0.812500 323.250000 -0.812500
v 0.187500 325.000000 -0.187500
v 0.812500 325.000000 -0.187500
v 0.812500 323.250000 -0.187500
v 0.187500 323.250000 -0.187500
v 0.187500 325.000000 -0.812500
v 0.187500 325.000000 -0.187500
v 0.187500 323.250000 -0.187500
v 0.187500 323.250000 -0.812500
v 0.812500 325.000000 -0.187500
v 0.812500 325.000000 -0.812500
v 0.812500 323.250000 -0.812500
v 0.812500 323.250000 -0.187500
v 1.000000 325.250000 -1.000000
v 0.000000 325.250000 -1.000000
v 0.000000 325.000000 -1.000000
v 1.000000 325.000000 -1.000000
v 0.000000 325.250000 0.000000
v 1.000000 325.250000 0.000000
v 1.000000 325.000000 0.000000
v 0.000000 325.000000 0.000000
v 0.000000 325.250000 -1.000000
v 0.000000 325.250000 0.000000
v 0.000000 325.000000 0.000000
v 0.000000 325.000000 -1.000000
v 1.000000 325.250000 0.000000
v 1.000000 325.250000 -1.000000
v 1.000000 325.000000 -1.000000
v 1.000000 325.000000 0.000000
v 0.000000 325.250000 -1.000000
v 1.000000 325.250000 -1.000000
v 1.000000 325.250000 0.000000
v 0.000000 325.250000 0.000000
v 0.000000 325.000000 0.000000
v 1.000000 325.000000 0.000000
v 1.000000 325.000000 -1.000000
v 0.000000 325.000000 -1.000000
v 0.812500 327.000000 -0.812500
v 0.187500 327.000000 -0.812500
v 0.187500 325.250000 -0.812500
v 0.812500 325.250000 -0.812500
v 0.187500 327.000000 -0.187500
v 0.812500 327.000000 -0.187500
v 0.812500 325.250000 -0.187500
v 0.187500 325.250000 -0.187500
v 0.187500 327.000000 -0.812500
v 0.187500 327.000000 -0.187500
v 0.187500 325.250000 -0.187500
v 0.187500 325.250000 -0.812500
v 0.812500 327.000000 -0.187500
v 0.812500 327.000000 -0.812500
v 0.812500 325.250000 -0.812500
v 0.812500 325.250000 -0.187500
v 1.000000 327.250000 -1.000000
v 0.000000 327.250000 -1.000000
v 0.000000 327.000000 -1.000000
v 1.000000 327.000000 -1.000000
v 0.000000 327.250000 0.000000
v 1.000000 327.250000 0.000000
v 1.000000 327.000000 0.000000
v 0.000000 327.000000 0.000000
v 0.000000 327.250000 -1.000000
v 0.000000 327.250000 0.000000
v 0.000000 327.000000 0.000000
v 0.000000 327.000000 -1.000000
v 1.000000 327.250000 0.000000
v 1.000000 327.250000 -1.000000
v 1.000000 327.000000 -1.000000
v 1.000000 327.000000 0.000000
v 0.000000 327.250000 -1.000000
v 1.000000 327.250000 -1.000000
v 1.000000 327.250000 0.000000
v 0.000000 327.250000 0.000000
v 0.000000 327.000000 0.000000
v 1.000000 327.000000 0.000000
v 1.000000 327.000000 -1.000000
v 0.000000 327.000000 -1.000000
v 0.812500 329.000000 -0.812500
v 0.187500 329.000000 -0.812500
v 0.187500 327.250000 -0.812500
v 0.812500 327.250000 -0.812500
v 0.187500 329.000000 -0.187500
v 0.812500 329.000000 -0.187500
v 0.812500 327.250000 -0.187500
v 0.187500 327.250000 -0.187500
v 0.187500 329.000000 -0.812500
v 0.187500 329.000000 -0.187500
v 0.187500 327.250000 -0.187500
v 0.187500 327.250000 -0.812500
v 0.812500 329.000000 -0.187500
v 0.812500 329.000000 -0.812500
v 0.812500 327.250000 -0.812500
v 0.812500 327.250000 -0.187500
v 1.000000 329.250000 -1.000000
v 0.000000 329.250000 -1.000000
v 0.000000 329.000000 -1.000000
v 1.000000 329.000000 -1.000000
v 0.000000 329.250000 0.000000
v 1.000000 329.250000 0.000000
v 1.000000 329.000000 0.000000
v 0.000000 329.000000 0.000000
v 0.000000 329.250000 -1.000000
v 0.000000 329.250000 0.000000
v 0.000000 329.000000 0.000000
v 0.000000 329.000000 -1.000000
v 1.000000 329.250000 0.000000
v 1.000000 329.250000 -1.000000
v 1.000000 329.000000 -1.000000
v 1.000000 329.000000 0.000000
v 0.000000 329.250000 -1.000000
v 1.000000 329.250000 -1.000000
v 1.000000 329.250000 0.000000
v 0.000000 329.250000 0.000000
v 0.000000 329.000000 0.000000
v 1.000000 329.000000 0.000000
v 1.000000 329.000000 -1.000000
v 0.000000 329.000000 -1.000000
v 0.812500 331.000000 -0.812500
v 0.187500 331.000000 -0.812500
v 0.187500 329.250000 -0.812500
v 0.812500 329.250000 -0.812500
v 0.187500 331.000000 -0.187500
v 0.812500 331.000000 -0.187500
v 0.812500 329.250000 -0.187500
v 0.187500 329.250000 -0.187500
v 0.187500 331.000000 -0.812500
v 0.187500 331.000000 -0.187500
v 0.187500 329.250000 -0.187500
v 0.187500 329.250000 -0.812500
v 0.812500 331.000000 -0.187500
v 0.812500 331.000000 -0.812500
v 0.812500 329.250000 -0.812500
v 0.812500 329.250000 -0.187500
v 1.000000 331.250000 -1.000000
v 0.000000 331.250000 -1.000000
v 0.000000 331.000000 -1.000000
v 1.000000 331.000000 -1.000000
v 0.000000 331.250000 0.000000
v 1.000000 331.250000 0.000000
v 1.000000 331.000000 0.000000
v 0.000000 331.000000 0.000000
v 0.000000 331.250000 -1.000000
v 0.000000 331.250000 0.000000
v 0.000000 331.000000 0.000000
v 0.000000 331.000000 -1.000000
v 1.000000 331.250000 0.000000
v 1.000000 331.250000 -1.000000
v 1.000000 331.000000 -1.000000
v 1.000000 331.000000 0.000000
v 0.000000 331.250000 -1.000000
v 1.000000 331.250000 -1.000000
v 1.000000 331.250000 0.000000
v 0.000000 331.250000 0.000000
v 0.000000 331.000000 0.000000
v 1.000000 331.000000 0.000000
v 1.000000 331.000000 -1.000000
v 0.000000 331.000000 -1.000000
v 0.812500 333.000000 -0.812500
v 0.187500 333.000000 -0.812500
v 0.187500 331.250000 -0.812500
v 0.812500 331.250000 -0.812500
v 0.187500 333.000000 -0.187500
v 0.812500 333.000000 -0.187500
v 0.812500 331.250000 -0.187500
v 0.187500 331.250000 -0.187500
v 0.187500 333.000000 -0.812500
v 0.187500 333.000000 -0.187500
v 0.187500 331.250000 -0.187500
v 0.187500 331.250000 -0.812500
v 0.812500 333.000000 -0.187500
v 0.812500 333.000000 -0.812500
v 0.812500 331.250000 -0.812500
v 0.812500 331.250000 -0.187500
v 1.000000 333.250000 -1.000000
v 0.000000 333.250000 -1.000000
v 0.000000 333.000000 -1.000000
v 1.000000 333.000000 -1.000000
v 0.000000 333.250000 0.000000
v 1.000000 333.250000 0.000000
v 1.000000 333.000000 0.000000
v 0.000000 333.000000 0.000000
v 0.000000 333.250000 -1.000000
v 0.000000 333.250000 0.000000
v 0.000000 333.000000 0.000000
v 0.000000 333.000000 -1.000000
v 1.000000 333.250000 0.000000
v 1.000000 333.250000 -1.000000
v 1.000000 333.000000 -1.000000
v 1.000000 333.000000 0.000000
v 0.000000 333.250000 -1.000000
v 1.000000 333.250000 -1.000000
v 1.000000 333.250000 0.000000
v 0.000000 333.250000 0.000000
v 0.000000 333.000000 0.000000
v 1.000000 333.000000 0.000000
v 1.000000 333.000000 -1.000000
v 0.000000 333.000000 -1.000000
v 0.812500 335.000000 -0.812500
v 0.187500 335.000000 -0.812500
v 0.187500 333.250000 -0.812500
v 0.812500 333.250000 -0.812500
v 0.187500 335.000000 -0.187500
v 0.812500 335.000000 -0.187500
v 0.812500 333.250000 -0.187500
v 0.187500 333.250000 -0.187500
v 0.187500 335.000000 -0.812500
v 0.187500 335.000000 -0.187500
v 0.187500 333.250000 -0.187500
v 0.187500 333.250000 -0.812500
v 0.812500 335.000000 -0.187500
v 0.812500 335.000000 -0.812500
v 0.812500 333.250000 -0.812500
v 0.812500 333.250000 -0.187500
v 1.000000 335.250000 -1.000000
v 0.000000 335.250000 -1.000000
v 0.000000 335.000000 -1.000000
v 1.000000 335.000000 -1.000000
v 0.000000 335.250000 0.000000
v 1.000000 335.250000 0.000000
v 1.000000 335.000000 0.000000
v 0.000000 335.000000 0.000000
v 0.000000 335.250000 -1.000000
v 0.000000 335.250000 0.000000
v 0.000000 335.000000 0.000000
v 0.000000 335.000000 -1.000000
v 1.000000 335.250000 0.000000
v 1.000000 335.250000 -1.000000
v 1.000000 335.000000 -1.000000
v 1.000000 335.000000 0.000000
v 0.000000 335.250000 -1.000000
v 1.000000 335.250000 -1.000000
v 1.000000 335.250000 0.000000
v 0.000000 335.250000 0.000000
v 0.000000 335.000000 0.000000
v 1.000000 335.000000 0.000000
v 1.000000 335.000000 -1.000000
v 0.000000 335.000000 -1.000000
v 0.812500 337.000000 -0.812500
v 0.187500 337.000000 -0.812500
v 0.187500 335.250000 -0.812500
v 0.812500 335.250000 -0.812500
v 0.187500 337.000000 -0.187500
v 0.812500 337.000000 -0.187500
v 0.812500 335.250000 -0.187500
v 0.187500 335.250000 -0.187500
v 0.187500 337.000000 -0.812500
v 0.187500 337.000000 -0.187500
v 0.187500 335.250000 -0.187500
v 0.187500 335.250000 -0.812500
v 0.812500 337.000000 -0.187500
v 0.812500 337.000000 -0.812500
v 0.812500 335.250000 -0.812500
v 0.812500 335.250000 -0.187500
v 1.000000 337.250000 -1.000000
v 0.000000 337.250000 -1.000000
v 0.000000 337.000000 -1.000000
v 1.000000 337.000000 -1.000000
v 0.000000 337.250000 0.000000
v 1.000000 337.250000 0.000000
v 1.000000 337.000000 0.000000
v 0.000000 337.000000 0.000000
v 0.000000 337.250000 -1.000000
v 0.000000 337.250000 0.000000
v 0.000000 337.000000 0.000000
v 0.000000 337.000000 -1.000000
v 1.000000 337.250000 0.000000
v 1.000000 337.250000 -1.000000
v 1.000000 337.000000 -1.000000
v 1.000000 337.000000 0.000000
v 0.000000 337.250000 -1.000000
v 1.000000 337.250000 -1.000000
v 1.000000 337.250000 0.000000
v 0.000000 337.250000 0.000000
v 0.000000 337.000000 0.000000
v 1.000000 337.000000 0.000000
v 1.000000 337.000000 -1.000000
v 0.000000 337.000000 -1.000000
v 0.812500 339.000000 -0.812500
v 0.187500 339.000000 -0.812500
v 0.187500 337.250000 -0.812500
v 0.812500 337.250000 -0.812500
v 0.187500 339.000000 -0.187500
v 0.812500 339.000000 -0.187500
v 0.812500 337.250000 -0.187500
v 0.187500 337.250000 -0.187500
v 0.187500 339.000000 -0.812500
v 0.187500 339.000000 -0.187500
v 0.187500 337.250000 -0.187500
v 0.187500 337.250000 -0.812500
v 0.812500 339.000000 -0.187500
v 0.812500 339.000000 -0.812500
v 0.812500 337.250000 -0.812500
v 0.812500 337.250000 -0.187500
v 1.000000 339.250000 -1.000000
v 0.000000 339.250000 -1.000000
v 0.000000 339.000000 -1.000000
v 1.000000 339.000000 -1.000000
v 0.000000 339.250000 0.000000
v 1.000000 339.250000 0.000000
v 1.000000 339.000000 0.000000
v 0.000000 339.000000 0.000000
v 0.000000 339.250000 -1.000000
v 0.000000 339.250000 0.000000
v 0.000000 339.000000 0.000000
v 0.000000 339.000000 -1.000000
v 1.000000 339.250000 0.000000
v 1.000000 339.250000 -1.000000
v 1.000000 339.000000 -1.000000
v 1.000000 339.000000 0.000000
v 0.000000 339.250000 -1.000000
v 1.000000 339.250000 -1.000000
v 1.000000 339.250000 0.000000
v 0.000000 339.250000 0.000000
v 0.000000 339.000000 0.000000
v 1.000000 339.000000 0.000000
v 1.000000 339.000000 -1.000000
v 0.000000 339.000000 -1.000000
v 0.812500 341.000000 -0.812500
v 0.187500 341.000000 -0.812500
v 0.187500 339.250000 -0.812500
v 0.812500 339.250000 -0.812500
v 0.187500 341.000000 -0.187500
v 0.812500 341.000000 -0.187500
v 0.812500 339.250000 -0.187500
v 0.187500 339.250000 -0.187500
v 0.187500 341.000000 -0.812500
v 0.187500 341.000000 -0.187500
v 0.187500 339.250000 -0.187500
v 0.187500 339.250000 -0.812500
v 0.812500 341.000000 -0.187500
v 0.812500 341.000000 -0.812500
v 0.812500 339.250000 -0.812500
v 0.812500 339.250000 -0.187500
v 1.000000 341.250000 -1.000000
v 0.000000 341.250000 -1.000000
v 0.000000 341.000000 -1.000000
v 1.000000 341.000000 -1.000000
v 0.000000 341.250000 0.000000
v 1.000000 341.250000 0.000000
v 1.000000 341.000000 0.000000
v 0.000000 341.000000 0.000000
v 0.000000 341.250000 -1.000000
v 0.000000 341.250000 0.000000
v 0.000000 341.000000 0.000000
v 0.000000 341.000000 -1.000000
v 1.000000 341.250000 0.000000
v 1.000000 341.250000 -1.000000
v 1.000000 341.000000 -1.000000
v 1.000000 341.000000 0.000000
v 0.000000 341.250000 -1.000000
v 1.000000 341.250000 -1.000000
v 1.000000 341.250000 0.000000
v 0.000000 341.250000 0.000000
v 0.000000 341.000000 0.000000
v 1.000000 341.000000 0.000000
v 1.000000 341.000000 -1.000000
v 0.000000 341.000000 -1.000000
v 0.812500 343.000000 -0.812500
v 0.187500 343.000000 -0.812500
v 0.187500 341.250000 -0.812500
v 0.812500 341.250000 -0.812500
v 0.187500 343.000000 -0.187500
v 0.812500 343.000000 -0.187500
v 0.812500 341.250000 -0.187500
v 0.187500 341.250000 -0.187500
v 0.187500 343.000000 -0.812500
v 0.187500 343.000000 -0.187500
v 0.187500 341.250000 -0.187500
v 0.187500 341.250000 -0.812500
v 0.812500 343.000000 -0.187500
v 0.812500 343.000000 -0.812500
v 0.812500 341.250000 -0.812500
v 0.812500 341.250000 -0.187500
v 1.000000 343.250000 -1.000000
v 0.000000 343.250000 -1.000000
v 0.000000 343.000000 -1.000000
v 1.000000 343.000000 -1.000000
v 0.000000 343.250000 0.000000
v 1.000000 343.250000 0.000000
v 1.000000 343.000000 0.000000
v 0.000000 343.000000 0.000000
v 0.000000 343.250000 -1.000000
v 0.000000 343.250000 0.000000
v 0.000000 343.000000 0.000000
v 0.000000 343.000000 -1.000000
v 1.000000 343.250000 0.000000
v 1.000000 343.250000 -1.000000
v 1.000000 343.000000 -1.000000
v 1.000000 343.000000 0.000000
v 0.000000 343.250000 -1.000000
v 1.000000 343.250000 -1.000000
v 1.000000 343.250000 0.000000
v 0.000000 343.250000 0.000000
v 0.000000 343.000000 0.000000
v 1.000000 343.000000 0.000000
v 1.000000 343.000000 -1.000000
v 0.000000 343.000000 -1.000000
v 0.812500 345.000000 -0.812500
v 0.187500 345.000000 -0.812500
v 0.187500 343.250000 -0.812500
v 0.812500 343.250000 -0.812500
v 0.187500 345.000000 -0.187500
v 0.812500 345.000000 -0.187500
v 0.812500 343.250000 -0.187500
v 0.187500 343.250000 -0.187500
v 0.187500 345.000000 -0.812500
v 0.187500 345.000000 -0.187500
v 0.187500 343.250000 -0.187500
v 0.187500 343.250000 -0.812500
v 0.812500 345.000000 -0.187500
v 0.812500 345.000000 -0.812500
v 0.812500 343.250000 -0.812500
v 0.812500 343.250000 -0.187500
v 1.000000 345.250000 -1.000000
v 0.000000 345.250000 -1.000000
v 0.000000 345.000000 -1.000000
v 1.000000 345.000000 -1.000000
v 0.000000 345.250000 0.000000
v 1.000000 345.250000 0.000000
v 1.000000 345.000000 0.000000
v 0.000000 345.000000 0.000000
v 0.000000 345.250000 -1.000000
v 0.000000 345.250000 0.000000
v 0.000000 345.000000 0.000000
v 0.000000 345.000000 -1.000000
v 1.000000 345.250000 0.000000
v 1.000000 345.250000 -1.000000
v 1.000000 345.000000 -1.000000
v 1.000000 345.000000 0.000000
v 0.000000 345.250000 -1.000000
v 1.000000 345.250000 -1.000000
v 1.000000 345.250000 0.000000
v 0.000000 345.250000 0.000000
v 0.000000 345.000000 0.000000
v 1.000000 345.000000 0.000000
v 1.000000 345.000000 -1.000000
v 0.000000 345.000000 -1.000000
v 0.812500 347.000000 -0.812500
v 0.187500 347.000000 -0.812500
v 0.187500 345.250000 -0.812500
v 0.812500 345.250000 -0.812500
v 0.187500 347.000000 -0.187500
v 0.812500 347.000000 -0.187500
v 0.812500 345.250000 -0.187500
v 0.187500 345.250000 -0.187500
v 0.187500 347.000000 -0.812500
v 0.187500 347.000000 -0.187500
v 0.187500 345.250000 -0.187500
v 0.187500 345.250000 -0.812500
v 0.812500 347.000000 -0.187500
v 0.812500 347.000000 -0.812500
v 0.812500 345.250000 -0.812500
v 0.812500 345.250000 -0.187500
v 1.000000 347.250000 -1.000000
v 0.000000 347.250000 -1.000000
v 0.000000 347.000000 -1.000000
v 1.000000 347.000000 -1.000000
v 0.000000 347.250000 0.000000
v 1.000000 347.250000 0.000000
v 1.000000 347.000000 0.000000
v 0.000000 347.000000 0.000000
v 0.000000 347.250000 -1.000000
v 0.000000 347.250000 0.000000
v 0.000000 347.000000 0.000000
v 0.000000 347.000000 -1.000000
v 1.000000 347.250000 0.000000
v 1.000000 347.250000 -1.000000
v 1.000000 347.000000 -1.000000
v 1.000000 347.000000 0.000000
v 0.000000 347.250000 -1.000000
v 1.000000 347.250000 -1.000000
v 1.000000 347.250000 0.000000
v 0.000000 347.250000 0.000000
v 0.000000 347.000000 0.000000
v 1.000000 347.000000 0.000000
v 1.000000 347.000000 -1.000000
v 0.000000 347.000000 -1.000000
v 0.812500 349.000000 -0.812500
v 0.187500 349.000000 -0.812500
v 0.187500 347.250000 -0.812500
v 0.812500 347.250000 -0.812500
v 0.187500 349.000000 -0.187500
v 0.812500 349.000000 -0.187500
v 0.812500 347.250000 -0.187500
v 0.187500 347.250000 -0.187500
v 0.187500 349.000000 -0.812500
v 0.187500 349.000000 -0.187500
v 0.187500 347.250000 -0.187500
v 0.187500 347.250000 -0.812500
v 0.812500 349.000000 -0.187500
v 0.812500 349.000000 -0.812500
v 0.812500 347.250000 -0.812500
v 0.812500 347.250000 -0.187500
v 1.000000 349.250000 -1.000000
v 0.000000 349.250000 -1.000000
v 0.000000 349.000000 -1.000000
v 1.000000 349.000000 -1.000000
v 0.000000 349.250000 0.000000
v 1.000000 349.250000 0.000000
v 1.000000 349.000000 0.000000
v 0.000000 349.000000 0.000000
v 0.000000 349.250000 -1.000000
v 0.000000 349.250000 0.000000
v 0.000000 349.000000 0.000000
v 0.000000 349.000000 -1.000000
v 1.000000 349.250000 0.000000
v 1.000000 349.250000 -1.000000
v 1.000000 349.000000 -1.000000
v 1.000000 349.000000 0.000000
v 0.000000 349.250000 -1.000000
v 1.000000 349.250000 -1.000000
v 1.000000 349.250000 0.000000
v 0.000000 349.250000 0.000000
v 0.000000 349.000000 0.000000
v 1.000000 349.000000 0.000000
v 1.000000 349.000000 -1.000000
v 0.000000 349.000000 -1.000000
v 0.812500 351.000000 -0.812500
v 0.187500 351.000000 -0.812500
v 0.187500 349.250000 -0.812500
v 0.812500 349.250000 -0.812500
v 0.187500 351.000000 -0.187500
v 0.812500 351.000000 -0.187500
v 0.812500 349.250000 -0.187500
v 0.187500 349.250000 -0.187500
v 0.187500 351.000000 -0.812500
v 0.187500 351.000000 -0.187500
v 0.187500 349.250000 -0.187500
v 0.187500 349.250000 -0.812500
v 0.812500 351.000000 -0.187500
v 0.812500 351.000000 -0.812500
v 0.812500 349.250000 -0.812500
v 0.812500 349.250000 -0.187500
v 1.000000 351.250000 -1.000000
v 0.000000 351.250000 -1.000000
v 0.000000 351.000000 -1.000000
v 1.000000 351.000000 -1.000000
v 0.000000 351.250000 0.000000
v 1.000000 351.250000 0.000000
v 1.000000 351.000000 0.000000
v 0.000000 351.000000 0.000000
v 0.000000 351.250000 -1.000000
v 0.000000 351.250000 0.000000
v 0.000000 351.000000 0.000000
v 0.000000 351.000000 -1.000000
v 1.000000 351.250000 0.000000
v 1.000000 351.250000 -1.000000
v 1.000000 351.000000 -1.000000
v 1.000000 351.000000 0.000000
v 0.000000 351.250000 -1.000000
v 1.000000 351.250000 -1.000000
v 1.000000 351.250000 0.000000
v 0.000000 351.250000 0.000000
v 0.000000 351.000000 0.000000
v 1.000000 351.000000 0.000000
v 1.000000 351.000000 -1.000000
v 0.000000 351.000000 -1.000000
v 0.812500 353.000000 -0.812500
v 0.187500 353.000000 -0.812500
v 0.187500 351.250000 -0.812500
v 0.812500 351.250000 -0.812500
v 0.187500 353.000000 -0.187500
v 0.812500 353.000000 -0.187500
v 0.812500 351.250000 -0.187500
v 0.187500 351.250000 -0.187500
v 0.187500 353.000000 -0.812500
v 0.187500 353.000000 -0.187500
v 0.187500 351.250000 -0.187500
v 0.187500 351.250000 -0.812500
v 0.812500 353.000000 -0.187500
v 0.812500 353.000000 -0.812500
v 0.812500 351.250000 -0.812500
v 0.812500 351.250000 -0.187500
v 1.000000 353.250000 -1.000000
v 0.000000 353.250000 -1.000000
v 0.000000 353.000000 -1.000000
v 1.000000 353.000000 -1.000000
v 0.000000 353.250000 0.000000
v 1.000000 353.250000 0.000000
v 1.000000 353.000000 0.000000
v 0.000000 353.000000 0.000000
v 0.000000 353.250000 -1.000000
v 0.000000 353.250000 0.000000
v 0.000000 353.000000 0.000000
v 0.000000 353.000000 -1.000000
v 1.000000 353.250000 0.000000
v 1.000000 353.250000 -1.000000
v 1.000000 353.000000 -1.000000
v 1.000000 353.000000 0.000000
v 0.000000 353.250000 -1.000000
v 1.000000 353.250000 -1.000000
v 1.000000 353.250000 0.000000
v 0.000000 353.250000 0.000000
v 0.000000 353.000000 0.000000
v 1.000000 353.000000 0.000000
v 1.000000 353.000000 -1.000000
v 0.000000 353.000000 -1.000000
v 0.812500 355.000000 -0.812500
v 0.187500 355.000000 -0.812500
v 0.187500 353.250000 -0.812500
v 0.812500 353.250000 -0.812500
v 0.187500 355.000000 -0.187500
v 0.812500 355.000000 -0.187500
v 0.812500 353.250000 -0.187500
v 0.187500 353.250000 -0.187500
v 0.187500 355.000000 -0.812500
v 0.187500 355.000000 -0.187500
v 0.187500 353.250000 -0.187500
v 0.187500 353.250000 -0.812500
v 0.812500 355.000000 -0.187500
v 0.812500 355.000000 -0.812500
v 0.812500 353.250000 -0.812500
v 0.812500 353.250000 -0.187500
v 1.000000 355.250000 -1.000000
v 0.000000 355.250000 -1.000000
v 0.000000 355.000000 -1.000000
v 1.000000 355.000000 -1.000000
v 0.000000 355.250000 0.000000
v 1.000000 355.250000 0.000000
v 1.000000 355.000000 0.000000
v 0.000000 355.000000 0.000000
v 0.000000 355.250000 -1.000000
v 0.000000 355.250000 0.000000
v 0.000000 355.000000 0.000000
v 0.000000 355.000000 -1.000000
v 1.000000 355.250000 0.000000
v 1.000000 355.250000 -1.000000
v 1.000000 355.000000 -1.000000
v 1.000000 355.000000 0.000000
v 0.000000 355.250000 -1.000000
v 1.000000 355.250000 -1.000000
v 1.000000 355.250000 0.000000
v 0.000000 355.250000 0.000000
v 0.000000 355.000000 0.000000
v 1.000000 355.000000 0.000000
v 1.000000 355.000000 -1.000000
v 0.000000 355.000000 -1.000000
v 0.812500 357.000000 -0.812500
v 0.187500 357.000000 -0.812500
v 0.187500 355.250000 -0.812500
v 0.812500 355.250000 -0.812500
v 0.187500 357.000000 -0.187500
v 0.812500 357.000000 -0.187500
v 0.812500 355.250000 -0.187500
v 0.187500 355.250000 -0.187500
v 0.187500 357.000000 -0.812500
v 0.187500 357.000000 -0.187500
v 0.187500 355.250000 -0.187500
v 0.187500 355.250000 -0.812500
v 0.812500 357.000000 -0.187500
v 0.812500 357.000000 -0.812500
v 0.812500 355.250000 -0.812500
v 0.812500 355.250000 -0.187500
v 1.000000 357.250000 -1.000000
v 0.000000 357.250000 -1.000000
v 0.000000 357.000000 -1.000000
v 1.000000 357.000000 -1.000000
v 0.000000 357.250000 0.000000
v 1.000000 357.250000 0.000000
v 1.000000 357.000000 0.000000
v 0.000000 357.000000 0.000000
v 0.000000 357.250000 -1.000000
v 0.000000 357.250000 0.000000
v 0.000000 357.000000 0.000000
v 0.000000 357.000000 -1.000000
v 1.000000 357.250000 0.000000
v 1.000000 357.250000 -1.000000
v 1.000000 357.000000 -1.000000
v 1.000000 357.000000 0.000000
v 0.000000 357.250000 -1.000000
v 1.000000 357.250000 -1.000000
v 1.000000 357.250000 0.000000
v 0.000000 357.250000 0.000000
v 0.000000 357.000000 0.000000
v 1.000000 357.000000 0.000000
v 1.000000 357.000000 -1.000000
v 0.000000 357.000000 -1.000000
v 0.812500 359.000000 -0.812500
v 0.187500 359.000000 -0.812500
v 0.187500 357.250000 -0.812500
v 0.812500 357.250000 -0.812500
v 0.187500 359.000000 -0.187500
v 0.812500 359.000000 -0.187500
v 0.812500 357.250000 -0.187500
v 0.187500 357.250000 -0.187500
v 0.187500 359.000000 -0.812500
v 0.187500 359.000000 -0.187500
v 0.187500 357.250000 -0.187500
v 0.187500 357.250000 -0.812500
v 0.812500 359.000000 -0.187500
v 0.812500 359.000000 -0.812500
v 0.812500 357.250000 -0.812500
v 0.812500 357.250000 -0.187500
v 1.000000 359.250000 -1.000000
v 0.000000 359.250000 -1.000000
v 0.000000 359.000000 -1.000000
v 1.000000 359.000000 -1.000000
v 0.000000 359.250000 0.000000
v 1.000000 359.250000 0.000000
v 1.000000 359.000000 0.000000
v 0.000000 359.000000 0.000000
v 0.000000 359.250000 -1.000000
v 0.000000 359.250000 0.000000
v 0.000000 359.000000 0.000000
v 0.000000 359.000000 -1.000000
v 1.000000 359.250000 0.000000
v 1.000000 359.250000 -1.000000
v 1.000000 359.000000 -1.000000
v 1.000000 359.000000 0.000000
v 0.000000 359.250000 -1.000000
v 1.000000 359.250000 -1.000000
v 1.000000 359.250000 0.000000
v 0.000000 359.250000 0.000000
v 0.000000 359.000000 0.000000
v 1.000000 359.000000 0.000000
v 1.000000 359.000000 -1.000000
v 0.000000 359.000000 -1.000000
v 0.812500 361.000000 -0.812500
v 0.187500 361.000000 -0.812500
v 0.187500 359.250000 -0.812500
v 0.812500 359.250000 -0.812500
v 0.187500 361.000000 -0.187500
v 0.812500 361.000000 -0.187500
v 0.812500 359.250000 -0.187500
v 0.187500 359.250000 -0.187500
v 0.187500 361.000000 -0.812500
v 0.187500 361.000000 -0.187500
v 0.187500 359.250000 -0.187500
v 0.187500 359.250000 -0.812500
v 0.812500 361.000000 -0.187500
v 0.812500 361.000000 -0.812500
v 0.812500 359.250000 -0.812500
v 0.812500 359.250000 -0.187500
v 1.000000 361.250000 -1.000000
v 0.000000 361.250000 -1.000000
v 0.000000 361.000000 -1.000000
v 1.000000 361.000000 -1.000000
v 0.000000 361.250000 0.000000
v 1.000000 361.250000 0.000000
v 1.000000 361.000000 0.000000
v 0.000000 361.000000 0.000000
v 0.000000 361.250000 -1.000000
v 0.000000 361.250000 0.000000
v 0.000000 361.000000 0.000000
v 0.000000 361.000000 -1.000000
v 1.000000 361.250000 0.000000
v 1.000000 361.250000 -1.000000
v 1.000000 361.000000 -1.000000
v 1.000000 361.000000 0.000000
v 0.000000 361.250000 -1.000000
v 1.000000 361.250000 -1.000000
v 1.000000 361.250000 0.000000
v 0.000000 361.250000 0.000000
v 0.000000 361.000000 0.000000
v 1.000000 361.000000 0.000000
v 1.000000 361.000000 -1.000000
v 0.000000 361.000000 -1.000000
v 0.812500 363.000000 -0.812500
v 0.187500 363.000000 -0.812500
v 0.187500 361.250000 -0.812500
v 0.812500 361.250000 -0.812500
v 0.187500 363.000000 -0.187500
v 0.812500 363.000000 -0.187500
v 0.812500 361.250000 -0.187500
v 0.187500 361.250000 -0.187500
v 0.187500 363.000000 -0.812500
v 0.187500 363.000000 -0.187500
v 0.187500 361.250000 -0.187500
v 0.187500 361.250000 -0.812500
v 0.812500 363.000000 -0.187500
v 0.812500 363.000000 -0.812500
v 0.812500 361.250000 -0.812500
v 0.812500 361.250000 -0.187500
v 1.000000 363.250000 -1.000000
v 0.000000 363.250000 -1.000000
v 0.000000 363.000000 -1.000000
v 1.000000 363.000000 -1.000000
v 0.000000 363.250000 0.000000
v 1.000000 363.250000 0.000000
v 1.000000 363.000000 0.000000
v 0.000000 363.000000 0.000000
v 0.000000 363.250000 -1.000000
v 0.000000 363.250000 0.000000
v 0.000000 363.000000 0.000000
v 0.000000 363.000000 -1.000000
v 1.000000 363.250000 0.000000
v 1.000000 363.250000 -1.000000
v 1.000000 363.000000 -1.000000
v 1.000000 363.000000 0.000000
v 0.000000 363.250000 -1.000000
v 1.000000 363.250000 -1.000000
v 1.000000 363.250000 0.000000
v 0.000000 363.250000 0.000000
v 0.000000 363.000000 0.000000
v 1.000000 363.000000 0.000000
v 1.000000 363.000000 -1.000000
v 0.000000 363.000000 -1.000000
v 0.812500 365.000000 -0.812500
v 0.187500 365.000000 -0.812500
v 0.187500 363.250000 -0.812500
v 0.812500 363.250000 -0.812500
v 0.187500 365.000000 -0.187500
v 0.812500 365.000000 -0.187500
v 0.812500 363.250000 -0.187500
v 0.187500 363.250000 -0.187500
v 0.187500 365.000000 -0.812500
v 0.187500 365.000000 -0.187500
v 0.187500 363.250000 -0.187500
v 0.187500 363.250000 -0.812500
v 0.812500 365.000000 -0.187500
v 0.812500 365.000000 -0.812500
v 0.812500 363.250000 -0.812500
v 0.812500 363.250000 -0.187500
v 1.000000 365.250000 -1.000000
v 0.000000 365.250000 -1.000000
v 0.000000 365.000000 -1.000000
v 1.000000 365.000000 -1.000000
v 0.000000 365.250000 0.000000
v 1.000000 365.250000 0.000000
v 1.000000 365.000000 0.000000
v 0.000000 365.000000 0.000000
v 0.000000 365.250000 -1.000000
v 0.000000 365.250000 0.000000
v 0.000000 365.000000 0.000000
v 0.000000 365.000000 -1.000000
v 1.000000 365.250000 0.000000
v 1.000000 365.250000 -1.000000
v 1.000000 365.000000 -1.000000
v 1.000000 365.000000 0.000000
v 0.000000 365.250000 -1.000000
v 1.000000 365.250000 -1.000000
v 1.000000 365.250000 0.000000
v 0.000000 365.250000 0.000000
v 0.000000 365.000000 0.000000
v 1.000000 365.000000 0.000000
v 1.000000 365.000000 -1.000000
v 0.000000 365.000000 -1.000000
v 0.812500 367.000000 -0.812500
v 0.187500 367.000000 -0.812500
v 0.187500 365.250000 -0.812500
v 0.812500 365.250000 -0.812500
v 0.187500 367.000000 -0.187500
v 0.812500 367.000000 -0.187500
v 0.812500 365.250000 -0.187500
v 0.187500 365.250000 -0.187500
v 0.187500 367.000000 -0.812500
v 0.187500 367.000000 -0.187500
v 0.187500 365.250000 -0.187500
v 0.187500 365.250000 -0.812500
v 0.812500 367.000000 -0.187500
v 0.812500 367.000000 -0.812500
v 0.812500 365.250000 -0.812500
v 0.812500 365.250000 -0.187500
v 1.000000 367.250000 -1.000000
v 0.000000 367.250000 -1.000000
v 0.000000 367.000000 -1.000000
v 1.000000 367.000000 -1.000000
v 0.000000 367.250000 0.000000
v 1.000000 367.250000 0.000000
v 1.000000 367.000000 0.000000
v 0.000000 367.000000 0.000000
v 0.000000 367.250000 -1.000000
v 0.000000 367.250000 0.000000
v 0.000000 367.000000 0.000000
v 0.000000 367.000000 -1.000000
v 1.000000 367.250000 0.000000
v 1.000000 367.250000 -1.000000
v 1.000000 367.000000 -1.000000
v 1.000000 367.000000 0.000000
v 0.000000 367.250000 -1.000000
v 1.000000 367.250000 -1.000000
v 1.000000 367.250000 0.000000
v 0.000000 367.250000 0.000000
v 0.000000 367.000000 0.000000
v 1.000000 367.000000 0.000000
v 1.000000 367.000000 -1.000000
v 0.000000 367.000000 -1.000000
v 0.812500 369.000000 -0.812500
v 0.187500 369.000000 -0.812500
v 0.187500 367.250000 -0.812500
v 0.812500 367.250000 -0.812500
v 0.187500 369.000000 -0.187500
v 0.812500 369.000000 -0.187500
v 0.812500 367.250000 -0.187500
v 0.187500 367.250000 -0.187500
v 0.187500 369.000000 -0.812500
v 0.187500 369.000000 -0.187500
v 0.187500 367.250000 -0.187500
v 0.187500 367.250000 -0.812500
v 0.812500 369.000000 -0.187500
v 0.812500 369.000000 -0.812500
v 0.812500 367.250000 -0.812500
v 0.812500 367.250000 -0.187500
v 1.000000 369.250000 -1.000000
v 0.000000 369.250000 -1.000000
v 0.000000 369.000000 -1.000000
v 1.000000 369.000000 -1.000000
v 0.000000 369.250000 0.000000
v 1.000000 369.250000 0.000000
v 1.000000 369.000000 0.000000
v 0.000000 369.000000 0.000000
v 0.000000 369.250000 -1.000000
v 0.000000 369.250000 0.000000
v 0.000000 369.000000 0.000000
v 0.000000 369.000000 -1.000000
v 1.000000 369.250000 0.000000
v 1.000000 369.250000 -1.000000
v 1.000000 369.000000 -1.000000
v 1.000000 369.000000 0.000000
v 0.000000 369.250000 -1.000000
v 1.000000 369.250000 -1.000000
v 1.000000 369.250000 0.000000
v 0.000000 369.250000 0.000000
v 0.000000 369.000000 0.000000
v 1.000000 369.000000 0.000000
v 1.000000 369.000000 -1.000000
v 0.000000 369.000000 -1.000000
v 0.812500 371.000000 -0.812500
v 0.187500 371.000000 -0.812500
v 0.187500 369.250000 -0.812500
v 0.812500 369.250000 -0.812500
v 0.187500 371.000000 -0.187500
v 0.812500 371.000000 -0.187500
v 0.812500 369.250000 -0.187500
v 0.187500 369.250000 -0.187500
v 0.187500 371.000000 -0.812500
v 0.187500 371.000000 -0.187500
v 0.187500 369.250000 -0.187500
v 0.187500 369.250000 -0.812500
v 0.812500 371.000000 -0.187500
v 0.812500 371.000000 -0.812500
v 0.812500 369.250000 -0.812500
v 0.812500 369.250000 -0.187500
v 1.000000 371.250000 -1.000000
v 0.000000 371.250000 -1.000000
v 0.000000 371.000000 -1.000000
v 1.000000 371.000000 -1.000000
v 0.000000 371.250000 0.000000
v 1.000000 371.250000 0.000000
v 1.000000 371.000000 0.000000
v 0.000000 371.000000 0.000000
v 0.000000 371.250000 -1.000000
v 0.000000 371.250000 0.000000
v 0.000000 371.000000 0.000000
v 0.000000 371.000000 -1.000000
v 1.000000 371.250000 0.000000
v 1.000000 371.250000 -1.000000
v 1.000000 371.000000 -1.000000
v 1.000000 371.000000 0.000000
v 0.000000 371.250000 -1.000000
v 1.000000 371.250000 -1.000000
v 1.000000 371.250000 0.000000
v 0.000000 371.250000 0.000000
v 0.000000 371.000000 0.000000
v 1.000000 371.000000 0.000000
v 1.000000 371.000000 -1.000000
v 0.000000 371.000000 -1.000000
v 0.812500 373.000000 -0.812500
v 0.187500 373.000000 -0.812500
v 0.187500 371.250000 -0.812500
v 0.812500 371.250000 -0.812500
v 0.187500 373.000000 -0.187500
v 0.812500 373.000000 -0.187500
v 0.812500 371.250000 -0.187500
v 0.187500 371.250000 -0.187500
v 0.187500 373.000000 -0.812500
v 0.187500 373.000000 -0.187500
v 0.187500 371.250000 -0.187500
v 0.187500 371.250000 -0.812500
v 0.812500 373.000000 -0.187500
v 0.812500 373.000000 -0.812500
v 0.812500 371.250000 -0.812500
v 0.812500 371.250000 -0.187500
v 1.000000 373.250000 -1.000000
v 0.000000 373.250000 -1.000000
v 0.000000 373.000000 -1.000000
v 1.000000 373.000000 -1.000000
v 0.000000 373.250000 0.000000
v 1.000000 373.250000 0.000000
v 1.000000 373.000000 0.000000
v 0.000000 373.000000 0.000000
v 0.000000 373.250000 -1.000000
v 0.000000 373.250000 0.000000
v 0.000000 373.000000 0.000000
v 0.000000 373.000000 -1.000000
v 1.000000 373.250000 0.000000
v 1.000000 373.250000 -1.000000
v 1.000000 373.000000 -1.000000
v 1.000000 373.000000 0.000000
v 0.000000 373.250000 -1.000000
v 1.000000 373.250000 -1.000000
v 1.000000 373.250000 0.000000
v 0.000000 373.250000 0.000000
v 0.000000 373.000000 0.000000
v 1.000000 373.000000 0.000000
v 1.000000 373.000000 -1.000000
v 0.000000 373.000000 -1.000000
v 0.812500 375.000000 -0.812500
v 0.187500 375.000000 -0.812500
v 0.187500 373.250000 -0.812500
v 0.812500 373.250000 -0.812500
v 0.187500 375.000000 -0.187500
v 0.812500 375.000000 -0.187500
v 0.812500 373.250000 -0.187500
v 0.187500 373.250000 -0.187500
v 0.187500 375.000000 -0.812500
v 0.187500 375.000000 -0.187500
v 0.187500 373.250000 -0.187500
v 0.187500 373.250000 -0.812500
v 0.812500 375.000000 -0.187500
v 0.812500 375.000000 -0.812500
v 0.812500 373.250000 -0.812500
v 0.812500 373.250000 -0.187500
v 1.000000 375.250000 -1.000000
v 0.000000 375.250000 -1.000000
v 0.000000 375.000000 -1.000000
v 1.000000 375.000000 -1.000000
v 0.000000 375.250000 0.000000
v 1.000000 375.250000 0.000000
v 1.000000 375.000000 0.000000
v 0.000000 375.000000 0.000000
v 0.000000 375.250000 -1.000000
v 0.000000 375.250000 0.000000
v 0.000000 375.000000 0.000000
v 0.000000 375.000000 -1.000000
v 1.000000 375.250000 0.000000
v 1.000000 375.250000 -1.000000
v 1.000000 375.000000 -1.000000
v 1.000000 375.000000 0.000000
v 0.000000 375.250000 -1.000000
v 1.000000 375.250000 -1.000000
v 1.000000 375.250000 0.000000
v 0.000000 375.250000 0.000000
v 0.000000 375.000000 0.000000
v 1.000000 375.000000 0.000000
v 1.000000 375.000000 -1.000000
v 0.000000 375.000000 -1.000000
v 0.812500 377.000000 -0.812500
v 0.187500 377.000000 -0.812500
v 0.187500 375.250000 -0.812500
v 0.812500 375.250000 -0.812500
v 0.187500 377.000000 -0.187500
v 0.812500 377.000000 -0.187500
v 0.812500 375.250000 -0.187500
v 0.187500 375.250000 -0.187500
v 0.187500 377.000000 -0.812500
v 0.187500 377.000000 -0.187500
v 0.187500 375.250000 -0.187500
v 0.187500 375.250000 -0.812500
v 0.812500 377.000000 -0.187500
v 0.812500 377.000000 -0.812500
v 0.812500 375.250000 -0.812500
v 0.812500 375.250000 -0.187500
v 1.000000 377.250000 -1.000000
v 0.000000 377.250000 -1.000000
v 0.000000 377.000000 -1.000000
v 1.000000 377.000000 -1.000000
v 0.000000 377.250000 0.000000
v 1.000000 377.250000 0.000000
v 1.000000 377.000000 0.000000
v 0.000000 377.000000 0.000000
v 0.000000 377.250000 -1.000000
v 0.000000 377.250000 0.000000
v 0.000000 377.000000 0.000000
v 0.000000 377.000000 -1.000000
v 1.000000 377.250000 0.000000
v 1.000000 377.250000 -1.000000
v 1.000000 377.000000 -1.000000
v 1.000000 377.000000 0.000000
v 0.000000 377.250000 -1.000000
v 1.000000 377.250000 -1.000000
v 1.000000 377.250000 0.000000
v 0.000000 377.250000 0.000000
v 0.000000 377.000000 0.000000
v 1.000000 377.000000 0.000000
v 1.000000 377.000000 -1.000000
v 0.000000 377.000000 -1.000000
v 0.812500 379.000000 -0.812500
v 0.187500 379.000000 -0.812500
v 0.187500 377.250000 -0.812500
v 0.812500 377.250000 -0.812500
v 0.187500 379.000000 -0.187500
v 0.812500 379.000000 -0.187500
v 0.812500 377.250000 -0.187500
v 0.187500 377.250000 -0.187500
v 0.187500 379.000000 -0.812500
v 0.187500 379.000000 -0.187500
v 0.187500 377.250000 -0.187500
v 0.187500 377.250000 -0.812500
v 0.812500 379.000000 -0.187500
v 0.812500 379.000000 -0.812500
v 0.812500 377.250000 -0.812500
v 0.812500 377.250000 -0.187500
v 1.000000 379.250000 -1.000000
v 0.000000 379.250000 -1.000000
v 0.000000 379.000000 -1.000000
v 1.000000 379.000000 -1.000000
v 0.000000 379.250000 0.000000
v 1.000000 379.250000 0.000000
v 1.000000 379.000000 0.000000
v 0.000000 379.000000 0.000000
v 0.000000 379.250000 -1.000000
v 0.000000 379.250000 0.000000
v 0.000000 379.000000 0.000000
v 0.000000 379.000000 -1.000000
v 1.000000 379.250000 0.000000
v 1.000000 379.250000 -1.000000
v 1.000000 379.000000 -1.000000
v 1.000000 379.000000 0.000000
v 0.000000 379.250000 -1.000000
v 1.000000 379.250000 -1.000000
v 1.000000 379.250000 0.000000
v 0.000000 379.250000 0.000000
v 0.000000 379.000000 0.000000
v 1.000000 379.000000 0.000000
v 1.000000 379.000000 -1.000000
v 0.000000 379.000000 -1.000000
v 0.812500 381.000000 -0.812500
v 0.187500 381.000000 -0.812500
v 0.187500 379.250000 -0.812500
v 0.812500 379.250000 -0.812500
v 0.187500 381.000000 -0.187500
v 0.812500 381.000000 -0.187500
v 0.812500 379.250000 -0.187500
v 0.187500 379.250000 -0.187500
v 0.187500 381.000000 -0.812500
v 0.187500 381.000000 -0.187500
v 0.187500 379.250000 -0.187500
v 0.187500 379.250000 -0.812500
v 0.812500 381.000000 -0.187500
v 0.812500 381.000000 -0.812500
v 0.812500 379.250000 -0.812500
v 0.812500 379.250000 -0.187500
v 1.000000 381.250000 -1.000000
v 0.000000 381.250000 -1.000000
v 0.000000 381.000000 -1.000000
v 1.000000 381.000000 -1.000000
v 0.000000 381.250000 0.000000
v 1.000000 381.250000 0.000000
v 1.000000 381.000000 0.000000
v 0.000000 381.000000 0.000000
v 0.000000 381.250000 -1.000000
v 0.000000 381.250000 0.000000
v 0.000000 381.000000 0.000000
v 0.000000 381.000000 -1.000000
v 1.000000 381.250000 0.000000
v 1.000000 381.250000 -1.000000
v 1.000000 381.000000 -1.000000
v 1.000000 381.000000 0.000000
v 0.000000 381.250000 -1.000000
v 1.000000 381.250000 -1.000000
v 1.000000 381.250000 0.000000
v 0.000000 381.250000 0.000000
v 0.000000 381.000000 0.000000
v 1.000000 381.000000 0.000000
v 1.000000 381.000000 -1.000000
v 0.000000 381.000000 -1.000000
v 0.812500 383.000000 -0.812500
v 0.187500 383.000000 -0.812500
v 0.187500 381.250000 -0.812500
v 0.812500 381.250000 -0.812500
v 0.187500 383.000000 -0.187500
v 0.812500 383.000000 -0.187500
v 0.812500 381.250000 -0.187500
v 0.187500 381.250000 -0.187500
v 0.187500 383.000000 -0.812500
v 0.187500 383.000000 -0.187500
v 0.187500 381.250000 -0.187500
v 0.187500 381.250000 -0.812500
v 0.812500 383.000000 -0.187500
v 0.812500 383.000000 -0.812500
v 0.812500 381.250000 -0.812500
v 0.812500 381.250000 -0.187500
v 1.000000 383.250000 -1.000000
v 0.000000 383.250000 -1.000000
v 0.000000 383.000000 -1.000000
v 1.000000 383.000000 -1.000000
v 0.000000 383.250000 0.000000
v 1.000000 383.250000 0.000000
v 1.000000 383.000000 0.000000
v 0.000000 383.000000 0.000000
v 0.000000 383.250000 -1.000000
v 0.000000 383.250000 0.000000
v 0.000000 383.000000 0.000000
v 0.000000 383.000000 -1.000000
v 1.000000 383.250000 0.000000
v 1.000000 383.250000 -1.000000
v 1.000000 383.000000 -1.000000
v 1.000000 383.000000 0.000000
v 0.000000 383.250000 -1.000000
v 1.000000 383.250000 -1.000000
v 1.000000 383.250000 0.000000
v 0.000000 383.250000 0.000000
v 0.000000 383.000000 0.000000
v 1.000000 383.000000 0.000000
v 1.000000 383.000000 -1.000000
v 0.000000 383.000000 -1.000000
v 0.812500 385.000000 -0.812500
v 0.187500 385.000000 -0.812500
v 0.187500 383.250000 -0.812500
v 0.812500 383.250000 -0.812500
v 0.187500 385.000000 -0.187500
v 0.812500 385.000000 -0.187500
v 0.812500 383.250000 -0.187500
v 0.187500 383.250000 -0.187500
v 0.187500 385.000000 -0.812500
v 0.187500 385.000000 -0.187500
v 0.187500 383.250000 -0.187500
v 0.187500 383.250000 -0.812500
v 0.812500 385.000000 -0.187500
v 0.812500 385.000000 -0.812500
v 0.812500 383.250000 -0.812500
v 0.812500 383.250000 -0.187500
v 1.000000 385.250000 -1.000000
v 0.000000 385.250000 -1.000000
v 0.000000 385.000000 -1.000000
v 1.000000 385.000000 -1.000000
v 0.000000 385.250000 0.000000
v 1.000000 385.250000 0.000000
v 1.000000 385.000000 0.000000
v 0.000000 385.000000 0.000000
v 0.000000 385.250000 -1.000000
v 0.000000 385.250000 0.000000
v 0.000000 385.000000 0.000000
v 0.000000 385.000000 -1.000000
v 1.000000 385.250000 0.000000
v 1.000000 385.250000 -1.000000
v 1.000000 385.000000 -1.000000
v 1.000000 385.000000 0.000000
v 0.000000 385.250000 -1.000000
v 1.000000 385.250000 -1.000000
v 1.000000 385.250000 0.000000
v 0.000000 385.250000 0.000000
v 0.000000 385.000000 0.000000
v 1.000000 385.000000 0.000000
v 1.000000 385.000000 -1.000000
v 0.000000 385.000000 -1.000000
v 0.812500 387.000000 -0.812500
v 0.187500 387.000000 -0.812500
v 0.187500 385.250000 -0.812500
v 0.812500 385.250000 -0.812500
v 0.187500 387.000000 -0.187500
v 0.812500 387.000000 -0.187500
v 0.812500 385.250000 -0.187500
v 0.187500 385.250000 -0.187500
v 0.187500 387.000000 -0.812500
v 0.187500 387.000000 -0.187500
v 0.187500 385.250000 -0.187500
v 0.187500 385.250000 -0.812500
v 0.812500 387.000000 -0.187500
v 0.812500 387.000000 -0.812500
v 0.812500 385.250000 -0.812500
v 0.812500 385.250000 -0.187500
v 1.000000 387.250000 -1.000000
v 0.000000 387.250000 -1.000000
v 0.000000 387.000000 -1.000000
v 1.000000 387.000000 -1.000000
v 0.000000 387.250000 0.000000
v 1.000000 387.250000 0.000000
v 1.000000 387.000000 0.000000
v 0.000000 387.000000 0.000000
v 0.000000 387.250000 -1.000000
v 0.000000 387.250000 0.000000
v 0.000000 387.000000 0.000000
v 0.000000 387.000000 -1.000000
v 1.000000 387.250000 0.000000
v 1.000000 387.250000 -1.000000
v 1.000000 387.000000 -1.000000
v 1.000000 387.000000 0.000000
v 0.000000 387.250000 -1.000000
v 1.000000 387.250000 -1.000000
v 1.000000 387.250000 0.000000
v 0.000000 387.250000 0.000000
v 0.000000 387.000000 0.000000
v 1.000000 387.000000 0.000000
v 1.000000 387.000000 -1.000000
v 0.000000 387.000000 -1.000000
v 0.812500 389.000000 -0.812500
v 0.187500 389.000000 -0.812500
v 0.187500 387.250000 -0.812500
v 0.812500 387.250000 -0.812500
v 0.187500 389.000000 -0.187500
v 0.812500 389.000000 -0.187500
v 0.812500 387.250000 -0.187500
v 0.187500 387.250000 -0.187500
v 0.187500 389.000000 -0.812500
v 0.187500 389.000000 -0.187500
v 0.187500 387.250000 -0.187500
v 0.187500 387.250000 -0.812500
v 0.812500 389.000000 -0.187500
v 0.812500 389.000000 -0.812500
v 0.812500 387.250000 -0.812500
v 0.812500 387.250000 -0.187500
v 1.000000 389.250000 -1.000000
v 0.000000 389.250000 -1.000000
v 0.000000 389.000000 -1.000000
v 1.000000 389.000000 -1.000000
v 0.000000 389.250000 0.000000
v 1.000000 389.250000 0.000000
v 1.000000 389.000000 0.000000
v 0.000000 389.000000 0.000000
v 0.000000 389.250000 -1.000000
v 0.000000 389.250000 0.000000
v 0.000000 389.000000 0.000000
v 0.000000 389.000000 -1.000000
v 1.000000 389.250000 0.000000
v 1.000000 389.250000 -1.000000
v 1.000000 389.000000 -1.000000
v 1.000000 389.000000 0.000000
v 0.000000 389.250000 -1.000000
v 1.000000 389.250000 -1.000000
v 1.000000 389.250000 0.000000
v 0.000000 389.250000 0.000000
v 0.000000 389.000000 0.000000
v 1.000000 389.000000 0.000000
v 1.000000 389.000000 -1.000000
v 0.000000 389.000000 -1.000000
v 0.812500 391.000000 -0.812500
v 0.187500 391.000000 -0.812500
v 0.187500 389.250000 -0.812500
v 0.812500 389.250000 -0.812500
v 0.187500 391.000000 -0.187500
v 0.812500 391.000000 -0.187500
v 0.812500 389.250000 -0.187500
v 0.187500 389.250000 -0.187500
v 0.187500 391.000000 -0.812500
v 0.187500 391.000000 -0.187500
v 0.187500 389.250000 -0.187500
v 0.187500 389.250000 -0.812500
v 0.812500 391.000000 -0.187500
v 0.812500 391.000000 -0.812500
v 0.812500 389.250000 -0.812500
v 0.812500 389.250000 -0.187500
v 1.000000 391.250000 -1.000000
v 0.000000 391.250000 -1.000000
v 0.000000 391.000000 -1.000000
v 1.000000 391.000000 -1.000000
v 0.000000 391.250000 0.000000
v 1.000000 391.250000 0.000000
v 1.000000 391.000000 0.000000
v 0.000000 391.000000 0.000000
v 0.000000 391.250000 -1.000000
v 0.000000 391.250000 0.000000
v 0.000000 391.000000 0.000000
v 0.000000 391.000000 -1.000000
v 1.000000 391.250000 0.000000
v 1.000000 391.250000 -1.000000
v 1.000000 391.000000 -1.000000
v 1.000000 391.000000 0.000000
v 0.000000 391.250000 -1.000000
v 1.000000 391.250000 -1.000000
v 1.000000 391.250000 0.000000
v 0.000000 391.250000 0.000000
v 0.000000 391.000000 0.000000
v 1.000000 391.000000 0.000000
v 1.000000 391.000000 -1.000000
v 0.000000 391.000000 -1.000000
v 0.812500 393.000000 -0.812500
v 0.187500 393.000000 -0.812500
v 0.187500 391.250000 -0.812500
v 0.812500 391.250000 -0.812500
v 0.187500 393.000000 -0.187500
v 0.812500 393.000000 -0.187500
v 0.812500 391.250000 -0.187500
v 0.187500 391.250000 -0.187500
v 0.187500 393.000000 -0.812500
v 0.187500 393.000000 -0.187500
v 0.187500 391.250000 -0.187500
v 0.187500 391.250000 -0.812500
v 0.812500 393.000000 -0.187500
v 0.812500 393.000000 -0.812500
v 0.812500 391.250000 -0.812500
v 0.812500 391.250000 -0.187500
v 1.000000 393.250000 -1.000000
v 0.000000 393.250000 -1.000000
v 0.000000 393.000000 -1.000000
v 1.000000 393.000000 -1.000000
v 0.000000 393.250000 0.000000
v 1.000000 393.250000 0.000000
v 1.000000 393.000000 0.000000
v 0.000000 393.000000 0.000000
v 0.000000 393.250000 -1.000000
v 0.000000 393.250000 0.000000
v 0.000000 393.000000 0.000000
v 0.000000 393.000000 -1.000000
v 1.000000 393.250000 0.000000
v 1.000000 393.250000 -1.000000
v 1.000000 393.000000 -1.000000
v 1.000000 393.000000 0.000000
v 0.000000 393.250000 -1.000000
v 1.000000 393.250000 -1.000000
v 1.000000 393.250000 0.000000
v 0.000000 393.250000 0.000000
v 0.000000 393.000000 0.000000
v 1.000000 393.000000 0.000000
v 1.000000 393.000000 -1.000000
v 0.000000 393.000000 -1.000000
v 0.812500 395.000000 -0.812500
v 0.187500 395.000000 -0.812500
v 0.187500 393.250000 -0.812500
v 0.812500 393.250000 -0.812500
v 0.187500 395.000000 -0.187500
v 0.812500 395.000000 -0.187500
v 0.812500 393.250000 -0.187500
v 0.187500 393.250000 -0.187500
v 0.187500 395.000000 -0.812500
v 0.187500 395.000000 -0.187500
v 0.187500 393.250000 -0.187500
v 0.187500 393.250000 -0.812500
v 0.812500 395.000000 -0.187500
v 0.812500 395.000000 -0.812500
v 0.812500 393.250000 -0.812500
v 0.812500 393.250000 -0.187500
v 1.000000 395.250000 -1.000000
v 0.000000 395.250000 -1.000000
v 0.000000 395.000000 -1.000000
v 1.000000 395.000000 -1.000000
v 0.000000 395.250000 0.000000
v 1.000000 395.250000 0.000000
v 1.000000 395.000000 0.000000
v 0.000000 395.000000 0.000000
v 0.000000 395.250000 -1.000000
v 0.000000 395.250000 0.000000
v 0.000000 395.000000 0.000000
v 0.000000 395.000000 -1.000000
v 1.000000 395.250000 0.000000
v 1.000000 395.250000 -1.000000
v 1.000000 395.000000 -1.000000
v 1.000000 395.000000 0.000000
v 0.000000 395.250000 -1.000000
v 1.000000 395.250000 -1.000000
v 1.000000 395.250000 0.000000
v 0.000000 395.250000 0.000000
v 0.000000 395.000000 0.000000
v 1.000000 395.000000 0.000000
v 1.000000 395.000000 -1.000000
v 0.000000 395.000000 -1.000000
v 0.812500 397.000000 -0.812500
v 0.187500 397.000000 -0.812500
v 0.187500 395.250000 -0.812500
v 0.812500 395.250000 -0.812500
v 0.187500 397.000000 -0.187500
v 0.812500 397.000000 -0.187500
v 0.812500 395.250000 -0.187500
v 0.187500 395.250000 -0.187500
v 0.187500 397.000000 -0.812500
v 0.187500 397.000000 -0.187500
v 0.187500 395.250000 -0.187500
v 0.187500 395.250000 -0.812500
v 0.812500 397.000000 -0.187500
v 0.812500 397.000000 -0.812500
v 0.812500 395.250000 -0.812500
v 0.812500 395.250000 -0.187500
v 1.000000 397.250000 -1.000000
v 0.000000 397.250000 -1.000000
v 0.000000 397.000000 -1.000000
v 1.000000 397.000000 -1.000000
v 0.000000 397.250000 0.000000
v 1.000000 397.250000 0.000000
v 1.000000 397.000000 0.000000
v 0.000000 397.000000 0.000000
v 0.000000 397.250000 -1.000000
v 0.000000 397.250000 0.000000
v 0.000000 397.000000 0.000000
v 0.000000 397.000000 -1.000000
v 1.000000 397.250000 0.000000
v 1.000000 397.250000 -1.000000
v 1.000000 397.000000 -1.000000
v 1.000000 397.000000 0.000000
v 0.000000 397.250000 -1.000000
v 1.000000 397.250000 -1.000000
v 1.000000 397.250000 0.000000
v 0.000000 397.250000 0.000000
v 0.000000 397.000000 0.000000
v 1.000000 397.000000 0.000000
v 1.000000 397.000000 -1.000000
v 0.000000 397.000000 -1.000000
v 0.812500 399.000000 -0.812500
v 0.187500 399.000000 -0.812500
v 0.187500 397.250000 -0.812500
v 0.812500 397.250000 -0.812500
v 0.187500 399.000000 -0.187500
v 0.812500 399.000000 -0.187500
v 0.812500 397.250000 -0.187500
v 0.187500 397.250000 -0.187500
v 0.187500 399.000000 -0.812500
v 0.187500 399.000000 -0.187500
v 0.187500 397.250000 -0.187500
v 0.187500 397.250000 -0.812500
v 0.812500 399.000000 -0.187500
v 0.812500 399.000000 -0.812500
v 0.812500 397.250000 -0.812500
v 0.812500 397.250000 -0.187500
v 1.000000 399.250000 -1.000000
v 0.000000 399.250000 -1.000000
v 0.000000 399.000000 -1.000000
v 1.000000 399.000000 -1.000000
v 0.000000 399.250000 0.000000
v 1.000000 399.250000 0.000000
v 1.000000 399.000000 0.000000
v 0.000000 399.000000 0.000000
v 0.000000 399.250000 -1.000000
v 0.000000 399.250000 0.000000
v 0.000000 399.000000 0.000000
v 0.000000 399.000000 -1.000000
v 1.000000 399.250000 0.000000
v 1.000000 399.250000 -1.000000
v 1.000000 399.000000 -1.000000
v 1.000000 399.000000 0.000000
v 0.000000 399.250000 -1.000000
v 1.000000 399.250000 -1.000000
v 1.000000 399.250000 0.000000
v 0.000000 399.250000 0.000000
v 0.000000 399.000000 0.000000
v 1.000000 399.000000 0.000000
v 1.000000 399.000000 -1.000000
v 0.000000 399.000000 -1.000000
v 0.812500 401.000000 -0.812500
v 0.187500 401.000000 -0.812500
v 0.187500 399.250000 -0.812500
v 0.812500 399.250000 -0.812500
v 0.187500 401.000000 -0.187500
v 0.812500 401.000000 -0.187500
v 0.812500 399.250000 -0.187500
v 0.187500 399.250000 -0.187500
v 0.187500 401.000000 -0.812500
v 0.187500 401.000000 -0.187500
v 0.187500 399.250000 -0.187500
v 0.187500 399.250000 -0.812500
v 0.812500 401.000000 -0.187500
v 0.812500 401.000000 -0.812500
v 0.812500 399.250000 -0.812500
v 0.812500 399.250000 -0.187500
v 1.000000 401.250000 -1.000000
v 0.000000 401.250000 -1.000000
v 0.000000 401.000000 -1.000000
v 1.000000 401.000000 -1.000000
v 0.000000 401.250000 0.000000
v 1.000000 401.250000 0.000000
v 1.000000 401.000000 0.000000
v 0.000000 401.000000 0.000000
v 0.000000 401.250000 -1.000000
v 0.000000 401.250000 0.000000
v 0.000000 401.000000 0.000000
v 0.000000 401.000000 -1.000000
v 1.000000 401.250000 0.000000
v 1.000000 401.250000 -1.000000
v 1.000000 401.000000 -1.000000
v 1.000000 401.000000 0.000000
v 0.000000 401.250000 -1.000000
v 1.000000 401.250000 -1.000000
v 1.000000 401.250000 0.000000
v 0.000000 401.250000 0.000000
v 0.000000 401.000000 0.000000
v 1.000000 401.000000 0.000000
v 1.000000 401.000000 -1.000000
v 0.000000 401.000000 -1.000000
v 0.812500 403.000000 -0.812500
v 0.187500 403.000000 -0.812500
v 0.187500 401.250000 -0.812500
v 0.812500 401.250000 -0.812500
v 0.187500 403.000000 -0.187500
v 0.812500 403.000000 -0.187500
v 0.812500 401.250000 -0.187500
v 0.187500 401.250000 -0.187500
v 0.187500 403.000000 -0.812500
v 0.187500 403.000000 -0.187500
v 0.187500 401.250000 -0.187500
v 0.187500 401.250000 -0.812500
v 0.812500 403.000000 -0.187500
v 0.812500 403.000000 -0.812500
v 0.812500 401.250000 -0.812500
v 0.812500 401.250000 -0.187500
v 1.000000 403.250000 -1.000000
v 0.000000 403.250000 -1.000000
v 0.000000 403.000000 -1.000000
v 1.000000 403.000000 -1.000000
v 0.000000 403.250000 0.000000
v 1.000000 403.250000 0.000000
v 1.000000 403.000000 0.000000
v 0.000000 403.000000 0.000000
v 0.000000 403.250000 -1.000000
v 0.000000 403.250000 0.000000
v 0.000000 403.000000 0.000000
v 0.000000 403.000000 -1.000000
v 1.000000 403.250000 0.000000
v 1.000000 403.250000 -1.000000
v 1.000000 403.000000 -1.000000
v 1.000000 403.000000 0.000000
v 0.000000 403.250000 -1.000000
v 1.000000 403.250000 -1.000000
v 1.000000 403.250000 0.000000
v 0.000000 403.250000 0.000000
v 0.000000 403.000000 0.000000
v 1.000000 403.000000 0.000000
v 1.000000 403.000000 -1.000000
v 0.000000 403.000000 -1.000000
v 0.812500 405.000000 -0.812500
v 0.187500 405.000000 -0.812500
v 0.187500 403.250000 -0.812500
v 0.812500 403.250000 -0.812500
v 0.187500 405.000000 -0.187500
v 0.812500 405.000000 -0.187500
v 0.812500 403.250000 -0.187500
v 0.187500 403.250000 -0.187500
v 0.187500 405.000000 -0.812500
v 0.187500 405.000000 -0.187500
v 0.187500 403.250000 -0.187500
v 0.187500 403.250000 -0.812500
v 0.812500 405.000000 -0.187500
v 0.812500 405.000000 -0.812500
v 0.812500 403.250000 -0.812500
v 0.812500 403.250000 -0.187500
v 1.000000 405.250000 -1.000000
v 0.000000 405.250000 -1.000000
v 0.000000 405.000000 -1.000000
v 1.000000 405.000000 -1.000000
v 0.000000 405.250000 0.000000
v 1.000000 405.250000 0.000000
v 1.000000 405.000000 0.000000
v 0.000000 405.000000 0.000000
v 0.000000 405.250000 -1.000000
v 0.000000 405.250000 0.000000
v 0.000000 405.000000 0.000000
v 0.000000 405.000000 -1.000000
v 1.000000 405.250000 0.000000
v 1.000000 405.250000 -1.000000
v 1.000000 405.000000 -1.000000
v 1.000000 405.000000 0.000000
v 0.000000 405.250000 -1.000000
v 1.000000 405.250000 -1.000000
v 1.000000 405.250000 0.000000
v 0.000000 405.250000 0.000000
v 0.000000 405.000000 0.000000
v 1.000000 405.000000 0.000000
v 1.000000 405.000000 -1.000000
v 0.000000 405.000000 -1.000000
v 0.812500 407.000000 -0.812500
v 0.187500 407.000000 -0.812500
v 0.187500 405.250000 -0.812500
v 0.812500 405.250000 -0.812500
v 0.187500 407.000000 -0.187500
v 0.812500 407.000000 -0.187500
v 0.812500 405.250000 -0.187500
v 0.187500 405.250000 -0.187500
v 0.187500 407.000000 -0.812500
v 0.187500 407.000000 -0.187500
v 0.187500 405.250000 -0.187500
v 0.187500 405.250000 -0.812500
v 0.812500 407.000000 -0.187500
v 0.812500 407.000000 -0.812500
v 0.812500 405.250000 -0.812500
v 0.812500 405.250000 -0.187500
v 1.000000 407.250000 -1.000000
v 0.000000 407.250000 -1.000000
v 0.000000 407.000000 -1.000000
v 1.000000 407.000000 -1.000000
v 0.000000 407.250000 0.000000
v 1.000000 407.250000 0.000000
v 1.000000 407.000000 0.000000
v 0.000000 407.000000 0.000000
v 0.000000 407.250000 -1.000000
v 0.000000 407.250000 0.000000
v 0.000000 407.000000 0.000000
v 0.000000 407.000000 -1.000000
v 1.000000 407.250000 0.000000
v 1.000000 407.250000 -1.000000
v 1.000000 407.000000 -1.000000
v 1.000000 407.000000 0.000000
v 0.000000 407.250000 -1.000000
v 1.000000 407.250000 -1.000000
v 1.000000 407.250000 0.000000
v 0.000000 407.250000 0.000000
v 0.000000 407.000000 0.000000
v 1.000000 407.000000 0.000000
v 1.000000 407.000000 -1.000000
v 0.000000 407.000000 -1.000000
v 0.812500 409.000000 -0.812500
v 0.187500 409.000000 -0.812500
v 0.187500 407.250000 -0.812500
v 0.812500 407.250000 -0.812500
v 0.187500 409.000000 -0.187500
v 0.812500 409.000000 -0.187500
v 0.812500 407.250000 -0.187500
v 0.187500 407.250000 -0.187500
v 0.187500 409.000000 -0.812500
v 0.187500 409.000000 -0.187500
v 0.187500 407.250000 -0.187500
v 0.187500 407.250000 -0.812500
v 0.812500 409.000000 -0.187500
v 0.812500 409.000000 -0.812500
v 0.812500 407.250000 -0.812500
v 0.812500 407.250000 -0.187500
v 1.000000 409.250000 -1.000000
v 0.000000 409.250000 -1.000000
v 0.000000 409.000000 -1.000000
v 1.000000 409.000000 -1.000000
v 0.000000 409.250000 0.000000
v 1.000000 409.250000 0.000000
v 1.000000 409.000000 0.000000
v 0.000000 409.000000 0.000000
v 0.000000 409.250000 -1.000000
v 0.000000 409.250000 0.000000
v 0.000000 409.000000 0.000000
v 0.000000 409.000000 -1.000000
v 1.000000 409.250000 0.000000
v 1.000000 409.250000 -1.000000
v 1.000000 409.000000 -1.000000
v 1.000000 409.000000 0.000000
v 0.000000 409.250000 -1.000000
v 1.000000 409.250000 -1.000000
v 1.000000 409.250000 0.000000
v 0.000000 409.250000 0.000000
v 0.000000 409.000000 0.000000
v 1.000000 409.000000 0.000000
v 1.000000 409.000000 -1.000000
v 0.000000 409.000000 -1.000000
v 0.812500 411.000000 -0.812500
v 0.187500 411.000000 -0.812500
v 0.187500 409.250000 -0.812500
v 0.812500 409.250000 -0.812500
v 0.187500 411.000000 -0.187500
v 0.812500 411.000000 -0.187500
v 0.812500 409.250000 -0.187500
v 0.187500 409.250000 -0.187500
v 0.187500 411.000000 -0.812500
v 0.187500 411.000000 -0.187500
v 0.187500 409.250000 -0.187500
v 0.187500 409.250000 -0.812500
v 0.812500 411.000000 -0.187500
v 0.812500 411.000000 -0.812500
v 0.812500 409.250000 -0.812500
v 0.812500 409.250000 -0.187500
v 1.000000 411.250000 -1.000000
v 0.000000 411.250000 -1.000000
v 0.000000 411.000000 -1.000000
v 1.000000 411.000000 -1.000000
v 0.000000 411.250000 0.000000
v 1.000000 411.250000 0.000000
v 1.000000 411.000000 0.000000
v 0.000000 411.000000 0.000000
v 0.000000 411.250000 -1.000000
v 0.000000 411.250000 0.000000
v 0.000000 411.000000 0.000000
v 0.000000 411.000000 -1.000000
v 1.000000 411.250000 0.000000
v 1.000000 411.250000 -1.000000
v 1.000000 411.000000 -1.000000
v 1.000000 411.000000 0.000000
v 0.000000 411.250000 -1.000000
v 1.000000 411.250000 -1.000000
v 1.000000 411.250000 0.000000
v 0.000000 411.250000 0.000000
v 0.000000 411.000000 0.000000
v 1.000000 411.000000 0.000000
v 1.000000 411.000000 -1.000000
v 0.000000 411.000000 -1.000000
v 0.812500 413.000000 -0.812500
v 0.187500 413.000000 -0.812500
v 0.187500 411.250000 -0.812500
v 0.812500 411.250000 -0.812500
v 0.187500 413.000000 -0.187500
v 0.812500 413.000000 -0.187500
v 0.812500 411.250000 -0.187500
v 0.187500 411.250000 -0.187500
v 0.187500 413.000000 -0.812500
v 0.187500 413.000000 -0.187500
v 0.187500 411.250000 -0.187500
v 0.187500 411.250000 -0.812500
v 0.812500 413.000000 -0.187500
v 0.812500 413.000000 -0.812500
v 0.812500 411.250000 -0.812500
v 0.812500 411.250000 -0.187500
v 1.000000 413.250000 -1.000000
v 0.000000 413.250000 -1.000000
v 0.000000 413.000000 -1.000000
v 1.000000 413.000000 -1.000000
v 0.000000 413.250000 0.000000
v 1.000000 413.250000 0.000000
v 1.000000 413.000000 0.000000
v 0.000000 413.000000 0.000000
v 0.000000 413.250000 -1.000000
v 0.000000 413.250000 0.000000
v 0.000000 413.000000 0.000000
v 0.000000 413.000000 -1.000000
v 1.000000 413.250000 0.000000
v 1.000000 413.250000 -1.000000
v 1.000000 413.000000 -1.000000
v 1.000000 413.000000 0.000000
v 0.000000 413.250000 -1.000000
v 1.000000 413.250000 -1.000000
v 1.000000 413.250000 0.000000
v 0.000000 413.250000 0.000000
v 0.000000 413.000000 0.000000
v 1.000000 413.000000 0.000000
v 1.000000 413.000000 -1.000000
v 0.000000 413.000000 -1.000000
v 0.812500 415.000000 -0.812500
v 0.187500 415.000000 -0.812500
v 0.187500 413.250000 -0.812500
v 0.812500 413.250000 -0.812500
v 0.187500 415.000000 -0.187500
v 0.812500 415.000000 -0.187500
v 0.812500 413.250000 -0.187500
v 0.187500 413.250000 -0.187500
v 0.187500 415.000000 -0.812500
v 0.187500 415.000000 -0.187500
v 0.187500 413.250000 -0.187500
v 0.187500 413.250000 -0.812500
v 0.812500 415.000000 -0.187500
v 0.812500 415.000000 -0.812500
v 0.812500 413.250000 -0.812500
v 0.812500 413.250000 -0.187500
v 1.000000 415.250000 -1.000000
v 0.000000 415.250000 -1.000000
v 0.000000 415.000000 -1.000000
v 1.000000 415.000000 -1.000000
v 0.000000 415.250000 0.000000
v 1.000000 415.250000 0.000000
v 1.000000 415.000000 0.000000
v 0.000000 415.000000 0.000000
v 0.000000 415.250000 -1.000000
v 0.000000 415.250000 0.000000
v 0.000000 415.000000 0.000000
v 0.000000 415.000000 -1.000000
v 1.000000 415.250000 0.000000
v 1.000000 415.250000 -1.000000
v 1.000000 415.000000 -1.000000
v 1.000000 415.000000 0.000000
v 0.000000 415.250000 -1.000000
v 1.000000 415.250000 -1.000000
v 1.000000 415.250000 0.000000
v 0.000000 415.250000 0.000000
v 0.000000 415.000000 0.000000
v 1.000000 415.000000 0.000000
v 1.000000 415.000000 -1.000000
v 0.000000 415.000000 -1.000000
v 0.812500 417.000000 -0.812500
v 0.187500 417.000000 -0.812500
v 0.187500 415.250000 -0.812500
v 0.812500 415.250000 -0.812500
v 0.187500 417.000000 -0.187500
v 0.812500 417.000000 -0.187500
v 0.812500 415.250000 -0.187500
v 0.187500 415.250000 -0.187500
v 0.187500 417.000000 -0.812500
v 0.187500 417.000000 -0.187500
v 0.187500 415.250000 -0.187500
v 0.187500 415.250000 -0.812500
v 0.812500 417.000000 -0.187500
v 0.812500 417.000000 -0.812500
v 0.812500 415.250000 -0.812500
v 0.812500 415.250000 -0.187500
v 1.000000 417.250000 -1.000000
v 0.000000 417.250000 -1.000000
v 0.000000 417.000000 -1.000000
v 1.000000 417.000000 -1.000000
v 0.000000 417.250000 0.000000
v 1.000000 417.250000 0.000000
v 1.000000 417.000000 0.000000
v 0.000000 417.000000 0.000000
v 0.000000 417.250000 -1.000000
v 0.000000 417.250000 0.000000
v 0.000000 417.000000 0.000000
v 0.000000 417.000000 -1.000000
v 1.000000 417.250000 0.000000
v 1.000000 417.250000 -1.000000
v 1.000000 417.000000 -1.000000
v 1.000000 417.000000 0.000000
v 0.000000 417.250000 -1.000000
v 1.000000 417.250000 -1.000000
v 1.000000 417.250000 0.000000
v 0.000000 417.250000 0.000000
v 0.000000 417.000000 0.000000
v 1.000000 417.000000 0.000000
v 1.000000 417.000000 -1.000000
v 0.000000 417.000000 -1.000000
v 0.812500 419.000000 -0.812500
v 0.187500 419.000000 -0.812500
v 0.187500 417.250000 -0.812500
v 0.812500 417.250000 -0.812500
v 0.187500 419.000000 -0.187500
v 0.812500 419.000000 -0.187500
v 0.812500 417.250000 -0.187500
v 0.187500 417.250000 -0.187500
v 0.187500 419.000000 -0.812500
v 0.187500 419.000000 -0.187500
v 0.187500 417.250000 -0.187500
v 0.187500 417.250000 -0.812500
v 0.812500 419.000000 -0.187500
v 0.812500 419.000000 -0.812500
v 0.812500 417.250000 -0.812500
v 0.812500 417.250000 -0.187500
v 1.000000 419.250000 -1.000000
v 0.000000 419.250000 -1.000000
v 0.000000 419.000000 -1.000000
v 1.000000 419.000000 -1.000000
v 0.000000 419.250000 0.000000
v 1.000000 419.250000 0.000000
v 1.000000 419.000000 0.000000
v 0.000000 419.000000 0.000000
v 0.000000 419.250000 -1.000000
v 0.000000 419.250000 0.000000
v 0.000000 419.000000 0.000000
v 0.000000 419.000000 -1.000000
v 1.000000 419.250000 0.000000
v 1.000000 419.250000 -1.000000
v 1.000000 419.000000 -1.000000
v 1.000000 419.000000 0.000000
v 0.000000 419.250000 -1.000000
v 1.000000 419.250000 -1.000000
v 1.000000 419.250000 0.000000
v 0.000000 419.250000 0.000000
v 0.000000 419.000000 0.000000
v 1.000000 419.000000 0.000000
v 1.000000 419.000000 -1.000000
v 0.000000 419.000000 -1.000000
v 0.812500 421.000000 -0.812500
v 0.187500 421.000000 -0.812500
v 0.187500 419.250000 -0.812500
v 0.812500 419.250000 -0.812500
v 0.187500 421.000000 -0.187500
v 0.812500 421.000000 -0.187500
v 0.812500 419.250000 -0.187500
v 0.187500 419.250000 -0.187500
v 0.187500 421.000000 -0.812500
v 0.187500 421.000000 -0.187500
v 0.187500 419.250000 -0.187500
v 0.187500 419.250000 -0.812500
v 0.812500 421.000000 -0.187500
v 0.812500 421.000000 -0.812500
v 0.812500 419.250000 -0.812500
v 0.812500 419.250000 -0.187500
v 1.000000 421.250000 -1.000000
v 0.000000 421.250000 -1.000000
v 0.000000 421.000000 -1.000000
v 1.000000 421.000000 -1.000000
v 0.000000 421.250000 0.000000
v 1.000000 421.250000 0.000000
v 1.000000 421.000000 0.000000
v 0.000000 421.000000 0.000000
v 0.000000 421.250000 -1.000000
v 0.000000 421.250000 0.000000
v 0.000000 421.000000 0.000000
v 0.000000 421.000000 -1.000000
v 1.000000 421.250000 0.000000
v 1.000000 421.250000 -1.000000
v 1.000000 421.000000 -1.000000
v 1.000000 421.000000 0.000000
v 0.000000 421.250000 -1.000000
v 1.000000 421.250000 -1.000000
v 1.000000 421.250000 0.000000
v 0.000000 421.250000 0.000000
v 0.000000 421.000000 0.000000
v 1.000000 421.000000 0.000000
v 1.000000 421.000000 -1.000000
v 0.000000 421.000000 -1.000000
v 0.812500 423.000000 -0.812500
v 0.187500 423.000000 -0.812500
v 0.187500 421.250000 -0.812500
v 0.812500 421.250000 -0.812500
v 0.187500 423.000000 -0.187500
v 0.812500 423.000000 -0.187500
v 0.812500 421.250000 -0.187500
v 0.187500 421.250000 -0.187500
v 0.187500 423.000000 -0.812500
v 0.187500 423.000000 -0.187500
v 0.187500 421.250000 -0.187500
v 0.187500 421.250000 -0.812500
v 0.812500 423.000000 -0.187500
v 0.812500 423.000000 -0.812500
v 0.812500 421.250000 -0.812500
v 0.812500 421.250000 -0.187500
v 1.000000 423.250000 -1.000000
v 0.000000 423.250000 -1.000000
v 0.000000 423.000000 -1.000000
v 1.000000 423.000000 -1.000000
v 0.000000 423.250000 0.000000
v 1.000000 423.250000 0.000000
v 1.000000 423.000000 0.000000
v 0.000000 423.000000 0.000000
v 0.000000 423.250000 -1.000000
v 0.000000 423.250000 0.000000
v 0.000000 423.000000 0.000000
v 0.000000 423.000000 -1.000000
v 1.000000 423.250000 0.000000
v 1.000000 423.250000 -1.000000
v 1.000000 423.000000 -1.000000
v 1.000000 423.000000 0.000000
v 0.000000 423.250000 -1.000000
v 1.000000 423.250000 -1.000000
v 1.000000 423.250000 0.000000
v 0.000000 423.250000 0.000000
v 0.000000 423.000000 0.000000
v 1.000000 423.000000 0.000000
v 1.000000 423.000000 -1.000000
v 0.000000 423.000000 -1.000000
v 0.812500 425.000000 -0.812500
v 0.187500 425.000000 -0.812500
v 0.187500 423.250000 -0.812500
v 0.812500 423.250000 -0.812500
v 0.187500 425.000000 -0.187500
v 0.812500 425.000000 -0.187500
v 0.812500 423.250000 -0.187500
v 0.187500 423.250000 -0.187500
v 0.187500 425.000000 -0.812500
v 0.187500 425.000000 -0.187500
v 0.187500 423.250000 -0.187500
v 0.187500 423.250000 -0.812500
v 0.812500 425.000000 -0.187500
v 0.812500 425.000000 -0.812500
v 0.812500 423.250000 -0.812500
v 0.812500 423.250000 -0.187500
v 1.000000 425.250000 -1.000000
v 0.000000 425.250000 -1.000000
v 0.000000 425.000000 -1.000000
v 1.000000 425.000000 -1.000000
v 0.000000 425.250000 0.000000
v 1.000000 425.250000 0.000000
v 1.000000 425.000000 0.000000
v 0.000000 425.000000 0.000000
v 0.000000 425.250000 -1.000000
v 0.000000 425.250000 0.000000
v 0.000000 425.000000 0.000000
v 0.000000 425.000000 -1.000000
v 1.000000 425.250000 0.000000
v 1.000000 425.250000 -1.000000
v 1.000000 425.000000 -1.000000
v 1.000000 425.000000 0.000000
v 0.000000 425.250000 -1.000000
v 1.000000 425.250000 -1.000000
v 1.000000 425.250000 0.000000
v 0.000000 425.250000 0.000000
v 0.000000 425.000000 0.000000
v 1.000000 425.000000 0.000000
v 1.000000 425.000000 -1.000000
v 0.000000 425.000000 -1.000000
v 0.812500 427.000000 -0.812500
v 0.187500 427.000000 -0.812500
v 0.187500 425.250000 -0.812500
v 0.812500 425.250000 -0.812500
v 0.187500 427.000000 -0.187500
v 0.812500 427.000000 -0.187500
v 0.812500 425.250000 -0.187500
v 0.187500 425.250000 -0.187500
v 0.187500 427.000000 -0.812500
v 0.187500 427.000000 -0.187500
v 0.187500 425.250000 -0.187500
v 0.187500 425.250000 -0.812500
v 0.812500 427.000000 -0.187500
v 0.812500 427.000000 -0.812500
v 0.812500 425.250000 -0.812500
v 0.812500 425.250000 -0.187500
v 1.000000 427.250000 -1.000000
v 0.000000 427.250000 -1.000000
v 0.000000 427.000000 -1.000000
v 1.000000 427.000000 -1.000000
v 0.000000 427.250000 0.000000
v 1.000000 427.250000 0.000000
v 1.000000 427.000000 0.000000
v 0.000000 427.000000 0.000000
v 0.000000 427.250000 -1.000000
v 0.000000 427.250000 0.000000
v 0.000000 427.000000 0.000000
v 0.000000 427.000000 -1.000000
v 1.000000 427.250000 0.000000
v 1.000000 427.250000 -1.000000
v 1.000000 427.000000 -1.000000
v 1.000000 427.000000 0.000000
v 0.000000 427.250000 -1.000000
v 1.000000 427.250000 -1.000000
v 1.000000 427.250000 0.000000
v 0.000000 427.250000 0.000000
v 0.000000 427.000000 0.000000
v 1.000000 427.000000 0.000000
v 1.000000 427.000000 -1.000000
v 0.000000 427.000000 -1.000000
v 0.812500 429.000000 -0.812500
v 0.187500 429.000000 -0.812500
v 0.187500 427.250000 -0.812500
v 0.812500 427.250000 -0.812500
v 0.187500 429.000000 -0.187500
v 0.812500 429.000000 -0.187500
v 0.812500 427.250000 -0.187500
v 0.187500 427.250000 -0.187500
v 0.187500 429.000000 -0.812500
v 0.187500 429.000000 -0.187500
v 0.187500 427.250000 -0.187500
v 0.187500 427.250000 -0.812500
v 0.812500 429.000000 -0.187500
v 0.812500 429.000000 -0.812500
v 0.812500 427.250000 -0.812500
v 0.812500 427.250000 -0.187500
v 1.000000 429.250000 -1.000000
v 0.000000 429.250000 -1.000000
v 0.000000 429.000000 -1.000000
v 1.000000 429.000000 -1.000000
v 0.000000 429.250000 0.000000
v 1.000000 429.250000 0.000000
v 1.000000 429.000000 0.000000
v 0.000000 429.000000 0.000000
v 0.000000 429.250000 -1.000000
v 0.000000 429.250000 0.000000
v 0.000000 429.000000 0.000000
v 0.000000 429.000000 -1.000000
v 1.000000 429.250000 0.000000
v 1.000000 429.250000 -1.000000
v 1.000000 429.000000 -1.000000
v 1.000000 429.000000 0.000000
v 0.000000 429.250000 -1.000000
v 1.000000 429.250000 -1.000000
v 1.000000 429.250000 0.000000
v 0.000000 429.250000 0.000000
v 0.000000 429.000000 0.000000
v 1.000000 429.000000 0.000000
v 1.000000 429.000000 -1.000000
v 0.000000 429.000000 -1.000000
v 0.812500 431.000000 -0.812500
v 0.187500 431.000000 -0.812500
v 0.187500 429.250000 -0.812500
v 0.812500 429.250000 -0.812500
v 0.187500 431.000000 -0.187500
v 0.812500 431.000000 -0.187500
v 0.812500 429.250000 -0.187500
v 0.187500 429.250000 -0.187500
v 0.187500 431.000000 -0.812500
v 0.187500 431.000000 -0.187500
v 0.187500 429.250000 -0.187500
v 0.187500 429.250000 -0.812500
v 0.812500 431.000000 -0.187500
v 0.812500 431.000000 -0.812500
v 0.812500 429.250000 -0.812500
v 0.812500 429.250000 -0.187500
v 1.000000 431.250000 -1.000000
v 0.000000 431.250000 -1.000000
v 0.000000 431.000000 -1.000000
v 1.000000 431.000000 -1.000000
v 0.000000 431.250000 0.000000
v 1.000000 431.250000 0.000000
v 1.000000 431.000000 0.000000
v 0.000000 431.000000 0.000000
v 0.000000 431.250000 -1.000000
v 0.000000 431.250000 0.000000
v 0.000000 431.000000 0.000000
v 0.000000 431.000000 -1.000000
v 1.000000 431.250000 0.000000
v 1.000000 431.250000 -1.000000
v 1.000000 431.000000 -1.000000
v 1.000000 431.000000 0.000000
v 0.000000 431.250000 -1.000000
v 1.000000 431.250000 -1.000000
v 1.000000 431.250000 0.000000
v 0.000000 431.250000 0.000000
v 0.000000 431.000000 0.000000
v 1.000000 431.000000 0.000000
v 1.000000 431.000000 -1.000000
v 0.000000 431.000000 -1.000000
v 0.812500 433.000000 -0.812500
v 0.187500 433.000000 -0.812500
v 0.187500 431.250000 -0.812500
v 0.812500 431.250000 -0.812500
v 0.187500 433.000000 -0.187500
v 0.812500 433.000000 -0.187500
v 0.812500 431.250000 -0.187500
v 0.187500 431.250000 -0.187500
v 0.187500 433.000000 -0.812500
v 0.187500 433.000000 -0.187500
v 0.187500 431.250000 -0.187500
v 0.187500 431.250000 -0.812500
v 0.812500 433.000000 -0.187500
v 0.812500 433.000000 -0.812500
v 0.812500 431.250000 -0.812500
v 0.812500 431.250000 -0.187500
v 1.000000 433.250000 -1.000000
v 0.000000 433.250000 -1.000000
v 0.000000 433.000000 -1.000000
v 1.000000 433.000000 -1.000000
v 0.000000 433.250000 0.000000
v 1.000000 433.250000 0.000000
v 1.000000 433.000000 0.000000
v 0.000000 433.000000 0.000000
v 0.000000 433.250000 -1.000000
v 0.000000 433.250000 0.000000
v 0.000000 433.000000 0.000000
v 0.000000 433.000000 -1.000000
v 1.000000 433.250000 0.000000
v 1.000000 433.250000 -1.000000
v 1.000000 433.000000 -1.000000
v 1.000000 433.000000 0.000000
v 0.000000 433.250000 -1.000000
v 1.000000 433.250000 -1.000000
v 1.000000 433.250000 0.000000
v 0.000000 433.250000 0.000000
v 0.000000 433.000000 0.000000
v 1.000000 433.000000 0.000000
v 1.000000 433.000000 -1.000000
v 0.000000 433.000000 -1.000000
v 0.812500 435.000000 -0.812500
v 0.187500 435.000000 -0.812500
v 0.187500 433.250000 -0.812500
v 0.812500 433.250000 -0.812500
v 0.187500 435.000000 -0.187500
v 0.812500 435.000000 -0.187500
v 0.812500 433.250000 -0.187500
v 0.187500 433.250000 -0.187500
v 0.187500 435.000000 -0.812500
v 0.187500 435.000000 -0.187500
v 0.187500 433.250000 -0.187500
v 0.187500 433.250000 -0.812500
v 0.812500 435.000000 -0.187500
v 0.812500 435.000000 -0.812500
v 0.812500 433.250000 -0.812500
v 0.812500 433.250000 -0.187500
v 1.000000 435.250000 -1.000000
v 0.000000 435.250000 -1.000000
v 0.000000 435.000000 -1.000000
v 1.000000 435.000000 -1.000000
v 0.000000 435.250000 0.000000
v 1.000000 435.250000 0.000000
v 1.000000 435.000000 0.000000
v 0.000000 435.000000 0.000000
v 0.000000 435.250000 -1.000000
v 0.000000 435.250000 0.000000
v 0.000000 435.000000 0.000000
v 0.000000 435.000000 -1.000000
v 1.000000 435.250000 0.000000
v 1.000000 435.250000 -1.000000
v 1.000000 435.000000 -1.000000
v 1.000000 435.000000 0.000000
v 0.000000 435.250000 -1.000000
v 1.000000 435.250000 -1.000000
v 1.000000 435.250000 0.000000
v 0.000000 435.250000 0.000000
v 0.000000 435.000000 0.000000
v 1.000000 435.000000 0.000000
v 1.000000 435.000000 -1.000000
v 0.000000 435.000000 -1.000000
v 0.812500 437.000000 -0.812500
v 0.187500 437.000000 -0.812500
v 0.187500 435.250000 -0.812500
v 0.812500 435.250000 -0.812500
v 0.187500 437.000000 -0.187500
v 0.812500 437.000000 -0.187500
v 0.812500 435.250000 -0.187500
v 0.187500 435.250000 -0.187500
v 0.187500 437.000000 -0.812500
v 0.187500 437.000000 -0.187500
v 0.187500 435.250000 -0.187500
v 0.187500 435.250000 -0.812500
v 0.812500 437.000000 -0.187500
v 0.812500 437.000000 -0.812500
v 0.812500 435.250000 -0.812500
v 0.812500 435.250000 -0.187500
v 1.000000 437.250000 -1.000000
v 0.000000 437.250000 -1.000000
v 0.000000 437.000000 -1.000000
v 1.000000 437.000000 -1.000000
v 0.000000 437.250000 0.000000
v 1.000000 437.250000 0.000000
v 1.000000 437.000000 0.000000
v 0.000000 437.000000 0.000000
v 0.000000 437.250000 -1.000000
v 0.000000 437.250000 0.000000
v 0.000000 437.000000 0.000000
v 0.000000 437.000000 -1.000000
v 1.000000 437.250000 0.000000
v 1.000000 437.250000 -1.000000
v 1.000000 437.000000 -1.000000
v 1.000000 437.000000 0.000000
v 0.000000 437.250000 -1.000000
v 1.000000 437.250000 -1.000000
v 1.000000 437.250000 0.000000
v 0.000000 437.250000 0.000000
v 0.000000 437.000000 0.000000
v 1.000000 437.000000 0.000000
v 1.000000 437.000000 -1.000000
v 0.000000 437.000000 -1.000000
v 0.812500 439.000000 -0.812500
v 0.187500 439.000000 -0.812500
v 0.187500 437.250000 -0.812500
v 0.812500 437.250000 -0.812500
v 0.187500 439.000000 -0.187500
v 0.812500 439.000000 -0.187500
v 0.812500 437.250000 -0.187500
v 0.187500 437.250000 -0.187500
v 0.187500 439.000000 -0.812500
v 0.187500 439.000000 -0.187500
v 0.187500 437.250000 -0.187500
v 0.187500 437.250000 -0.812500
v 0.812500 439.000000 -0.187500
v 0.812500 439.000000 -0.812500
v 0.812500 437.250000 -0.812500
v 0.812500 437.250000 -0.187500
v 1.000000 439.250000 -1.000000
v 0.000000 439.250000 -1.000000
v 0.000000 439.000000 -1.000000
v 1.000000 439.000000 -1.000000
v 0.000000 439.250000 0.000000
v 1.000000 439.250000 0.000000
v 1.000000 439.000000 0.000000
v 0.000000 439.000000 0.000000
v 0.000000 439.250000 -1.000000
v 0.000000 439.250000 0.000000
v 0.000000 439.000000 0.000000
v 0.000000 439.000000 -1.000000
v 1.000000 439.250000 0.000000
v 1.000000 439.250000 -1.000000
v 1.000000 439.000000 -1.000000
v 1.000000 439.000000 0.000000
v 0.000000 439.250000 -1.000000
v 1.000000 439.250000 -1.000000
v 1.000000 439.250000 0.000000
v 0.000000 439.250000 0.000000
v 0.000000 439.000000 0.000000
v 1.000000 439.000000 0.000000
v 1.000000 439.000000 -1.000000
v 0.000000 439.000000 -1.000000
v 0.812500 441.000000 -0.812500
v 0.187500 441.000000 -0.812500
v 0.187500 439.250000 -0.812500
v 0.812500 439.250000 -0.812500
v 0.187500 441.000000 -0.187500
v 0.812500 441.000000 -0.187500
v 0.812500 439.250000 -0.187500
v 0.187500 439.250000 -0.187500
v 0.187500 441.000000 -0.812500
v 0.187500 441.000000 -0.187500
v 0.187500 439.250000 -0.187500
v 0.187500 439.250000 -0.812500
v 0.812500 441.000000 -0.187500
v 0.812500 441.000000 -0.812500
v 0.812500 439.250000 -0.812500
v 0.812500 439.250000 -0.187500
v 1.000000 441.250000 -1.000000
v 0.000000 441.250000 -1.000000
v 0.000000 441.000000 -1.000000
v 1.000000 441.000000 -1.000000
v 0.000000 441.250000 0.000000
v 1.000000 441.250000 0.000000
v 1.000000 441.000000 0.000000
v 0.000000 441.000000 0.000000
v 0.000000 441.250000 -1.000000
v 0.000000 441.250000 0.000000
v 0.000000 441.000000 0.000000
v 0.000000 441.000000 -1.000000
v 1.000000 441.250000 0.000000
v 1.000000 441.250000 -1.000000
v 1.000000 441.000000 -1.000000
v 1.000000 441.000000 0.000000
v 0.000000 441.250000 -1.000000
v 1.000000 441.250000 -1.000000
v 1.000000 441.250000 0.000000
v 0.000000 441.250000 0.000000
v 0.000000 441.000000 0.000000
v 1.000000 441.000000 0.000000
v 1.000000 441.000000 -1.000000
v 0.000000 441.000000 -1.000000
v 0.812500 443.000000 -0.812500
v 0.187500 443.000000 -0.812500
v 0.187500 441.250000 -0.812500
v 0.812500 441.250000 -0.812500
v 0.187500 443.000000 -0.187500
v 0.812500 443.000000 -0.187500
v 0.812500 441.250000 -0.187500
v 0.187500 441.250000 -0.187500
v 0.187500 443.000000 -0.812500
v 0.187500 443.000000 -0.187500
v 0.187500 441.250000 -0.187500
v 0.187500 441.250000 -0.812500
v 0.812500 443.000000 -0.187500
v 0.812500 443.000000 -0.812500
v 0.812500 441.250000 -0.812500
v 0.812500 441.250000 -0.187500
v 1.000000 443.250000 -1.000000
v 0.000000 443.250000 -1.000000
v 0.000000 443.000000 -1.000000
v 1.000000 443.000000 -1.000000
v 0.000000 443.250000 0.000000
v 1.000000 443.250000 0.000000
v 1.000000 443.000000 0.000000
v 0.000000 443.000000 0.000000
v 0.000000 443.250000 -1.000000
v 0.000000 443.250000 0.000000
v 0.000000 443.000000 0.000000
v 0.000000 443.000000 -1.000000
v 1.000000 443.250000 0.000000
v 1.000000 443.250000 -1.000000
v 1.000000 443.000000 -1.000000
v 1.000000 443.000000 0.000000
v 0.000000 443.250000 -1.000000
v 1.000000 443.250000 -1.000000
v 1.000000 443.250000 0.000000
v 0.000000 443.250000 0.000000
v 0.000000 443.000000 0.000000
v 1.000000 443.000000 0.000000
v 1.000000 443.000000 -1.000000
v 0.000000 443.000000 -1.000000
v 0.812500 445.000000 -0.812500
v 0.187500 445.000000 -0.812500
v 0.187500 443.250000 -0.812500
v 0.812500 443.250000 -0.812500
v 0.187500 445.000000 -0.187500
v 0.812500 445.000000 -0.187500
v 0.812500 443.250000 -0.187500
v 0.187500 443.250000 -0.187500
v 0.187500 445.000000 -0.812500
v 0.187500 445.000000 -0.187500
v 0.187500 443.250000 -0.187500
v 0.187500 443.250000 -0.812500
v 0.812500 445.000000 -0.187500
v 0.812500 445.000000 -0.812500
v 0.812500 443.250000 -0.812500
v 0.812500 443.250000 -0.187500
v 1.000000 445.250000 -1.000000
v 0.000000 445.250000 -1.000000
v 0.000000 445.000000 -1.000000
v 1.000000 445.000000 -1.000000
v 0.000000 445.250000 0.000000
v 1.000000 445.250000 0.000000
v 1.000000 445.000000 0.000000
v 0.000000 445.000000 0.000000
v 0.000000 445.250000 -1.000000
v 0.000000 445.250000 0.000000
v 0.000000 445.000000 0.000000
v 0.000000 445.000000 -1.000000
v 1.000000 445.250000 0.000000
v 1.000000 445.250000 -1.000000
v 1.000000 445.000000 -1.000000
v 1.000000 445.000000 0.000000
v 0.000000 445.250000 -1.000000
v 1.000000 445.250000 -1.000000
v 1.000000 445.250000 0.000000
v 0.000000 445.250000 0.000000
v 0.000000 445.000000 0.000000
v 1.000000 445.000000 0.000000
v 1.000000 445.000000 -1.000000
v 0.000000 445.000000 -1.000000
v 0.812500 447.000000 -0.812500
v 0.187500 447.000000 -0.812500
v 0.187500 445.250000 -0.812500
v 0.812500 445.250000 -0.812500
v 0.187500 447.000000 -0.187500
v 0.812500 447.000000 -0.187500
v 0.812500 445.250000 -0.187500
v 0.187500 445.250000 -0.187500
v 0.187500 447.000000 -0.812500
v 0.187500 447.000000 -0.187500
v 0.187500 445.250000 -0.187500
v 0.187500 445.250000 -0.812500
v 0.812500 447.000000 -0.187500
v 0.812500 447.000000 -0.812500
v 0.812500 445.250000 -0.812500
v 0.812500 445.250000 -0.187500
v 1.000000 447.250000 -1.000000
v 0.000000 447.250000 -1.000000
v 0.000000 447.000000 -1.000000
v 1.000000 447.000000 -1.000000
v 0.000000 447.250000 0.000000
v 1.000000 447.250000 0.000000
v 1.000000 447.000000 0.000000
v 0.000000 447.000000 0.000000
v 0.000000 447.250000 -1.000000
v 0.000000 447.250000 0.000000
v 0.000000 447.000000 0.000000
v 0.000000 447.000000 -1.000000
v 1.000000 447.250000 0.000000
v 1.000000 447.250000 -1.000000
v 1.000000 447.000000 -1.000000
v 1.000000 447.000000 0.000000
v 0.000000 447.250000 -1.000000
v 1.000000 447.250000 -1.000000
v 1.000000 447.250000 0.000000
v 0.000000 447.250000 0.000000
v 0.000000 447.000000 0.000000
v 1.000000 447.000000 0.000000
v 1.000000 447.000000 -1.000000
v 0.000000 447.000000 -1.000000
v 0.812500 449.000000 -0.812500
v 0.187500 449.000000 -0.812500
v 0.187500 447.250000 -0.812500
v 0.812500 447.250000 -0.812500
v 0.187500 449.000000 -0.187500
v 0.812500 449.000000 -0.187500
v 0.812500 447.250000 -0.187500
v 0.187500 447.250000 -0.187500
v 0.187500 449.000000 -0.812500
v 0.187500 449.000000 -0.187500
v 0.187500 447.250000 -0.187500
v 0.187500 447.250000 -0.812500
v 0.812500 449.000000 -0.187500
v 0.812500 449.000000 -0.812500
v 0.812500 447.250000 -0.812500
v 0.812500 447.250000 -0.187500
v 1.000000 449.250000 -1.000000
v 0.000000 449.250000 -1.000000
v 0.000000 449.000000 -1.000000
v 1.000000 449.000000 -1.000000
v 0.000000 449.250000 0.000000
v 1.000000 449.250000 0.000000
v 1.000000 449.000000 0.000000
v 0.000000 449.000000 0.000000
v 0.000000 449.250000 -1.000000
v 0.000000 449.250000 0.000000
v 0.000000 449.000000 0.000000
v 0.000000 449.000000 -1.000000
v 1.000000 449.250000 0.000000
v 1.000000 449.250000 -1.000000
v 1.000000 449.000000 -1.000000
v 1.000000 449.000000 0.000000
v 0.000000 449.250000 -1.000000
v 1.000000 449.250000 -1.000000
v 1.000000 449.250000 0.000000
v 0.000000 449.250000 0.000000
v 0.000000 449.000000 0.000000
v 1.000000 449.000000 0.000000
v 1.000000 449.000000 -1.000000
v 0.000000 449.000000 -1.000000
v 0.812500 451.000000 -0.812500
v 0.187500 451.000000 -0.812500
v 0.187500 449.250000 -0.812500
v 0.812500 449.250000 -0.812500
v 0.187500 451.000000 -0.187500
v 0.812500 451.000000 -0.187500
v 0.812500 449.250000 -0.187500
v 0.187500 449.250000 -0.187500
v 0.187500 451.000000 -0.812500
v 0.187500 451.000000 -0.187500
v 0.187500 449.250000 -0.187500
v 0.187500 449.250000 -0.812500
v 0.812500 451.000000 -0.187500
v 0.812500 451.000000 -0.812500
v 0.812500 449.250000 -0.812500
v 0.812500 449.250000 -0.187500
v 1.000000 451.250000 -1.000000
v 0.000000 451.250000 -1.000000
v 0.000000 451.000000 -1.000000
v 1.000000 451.000000 -1.000000
v 0.000000 451.250000 0.000000
v 1.000000 451.250000 0.000000
v 1.000000 451.000000 0.000000
v 0.000000 451.000000 0.000000
v 0.000000 451.250000 -1.000000
v 0.000000 451.250000 0.000000
v 0.000000 451.000000 0.000000
v 0.000000 451.000000 -1.000000
v 1.000000 451.250000 0.000000
v 1.000000 451.250000 -1.000000
v 1.000000 451.000000 -1.000000
v 1.000000 451.000000 0.000000
v 0.000000 451.250000 -1.000000
v 1.000000 451.250000 -1.000000
v 1.000000 451.250000 0.000000
v 0.000000 451.250000 0.000000
v 0.000000 451.000000 0.000000
v 1.000000 451.000000 0.000000
v 1.000000 451.000000 -1.000000
v 0.000000 451.000000 -1.000000
v 0.812500 453.000000 -0.812500
v 0.187500 453.000000 -0.812500
v 0.187500 451.250000 -0.812500
v 0.812500 451.250000 -0.812500
v 0.187500 453.000000 -0.187500
v 0.812500 453.000000 -0.187500
v 0.812500 451.250000 -0.187500
v 0.187500 451.250000 -0.187500
v 0.187500 453.000000 -0.812500
v 0.187500 453.000000 -0.187500
v 0.187500 451.250000 -0.187500
v 0.187500 451.250000 -0.812500
v 0.812500 453.000000 -0.187500
v 0.812500 453.000000 -0.812500
v 0.812500 451.250000 -0.812500
v 0.812500 451.250000 -0.187500
v 1.000000 453.250000 -1.000000
v 0.000000 453.250000 -1.000000
v 0.000000 453.000000 -1.000000
v 1.000000 453.000000 -1.000000
v 0.000000 453.250000 0.000000
v 1.000000 453.250000 0.000000
v 1.000000 453.000000 0.000000
v 0.000000 453.000000 0.000000
v 0.000000 453.250000 -1.000000
v 0.000000 453.250000 0.000000
v 0.000000 453.000000 0.000000
v 0.000000 453.000000 -1.000000
v 1.000000 453.250000 0.000000
v 1.000000 453.250000 -1.000000
v 1.000000 453.000000 -1.000000
v 1.000000 453.000000 0.000000
v 0.000000 453.250000 -1.000000
v 1.000000 453.250000 -1.000000
v 1.000000 453.250000 0.000000
v 0.000000 453.250000 0.000000
v 0.000000 453.000000 0.000000
v 1.000000 453.000000 0.000000
v 1.000000 453.000000 -1.000000
v 0.000000 453.000000 -1.000000
v 0.812500 455.000000 -0.812500
v 0.187500 455.000000 -0.812500
v 0.187500 453.250000 -0.812500
v 0.812500 453.250000 -0.812500
v 0.187500 455.000000 -0.187500
v 0.812500 455.000000 -0.187500
v 0.812500 453.250000 -0.187500
v 0.187500 453.250000 -0.187500
v 0.187500 455.000000 -0.812500
v 0.187500 455.000000 -0.187500
v 0.187500 453.250000 -0.187500
v 0.187500 453.250000 -0.812500
v 0.812500 455.000000 -0.187500
v 0.812500 455.000000 -0.812500
v 0.812500 453.250000 -0.812500
v 0.812500 453.250000 -0.187500
v 1.000000 455.250000 -1.000000
v 0.000000 455.250000 -1.000000
v 0.000000 455.000000 -1.000000
v 1.000000 455.000000 -1.000000
v 0.000000 455.250000 0.000000
v 1.000000 455.250000 0.000000
v 1.000000 455.000000 0.000000
v 0.000000 455.000000 0.000000
v 0.000000 455.250000 -1.000000
v 0.000000 455.250000 0.000000
v 0.000000 455.000000 0.000000
v 0.000000 455.000000 -1.000000
v 1.000000 455.250000 0.000000
v 1.000000 455.250000 -1.000000
v 1.000000 455.000000 -1.000000
v 1.000000 455.000000 0.000000
v 0.000000 455.250000 -1.000000
v 1.000000 455.250000 -1.000000
v 1.000000 455.250000 0.000000
v 0.000000 455.250000 0.000000
v 0.000000 455.000000 0.000000
v 1.000000 455.000000 0.000000
v 1.000000 455.000000 -1.000000
v 0.000000 455.000000 -1.000000
v 0.812500 457.000000 -0.812500
v 0.187500 457.000000 -0.812500
v 0.187500 455.250000 -0.812500
v 0.812500 455.250000 -0.812500
v 0.187500 457.000000 -0.187500
v 0.812500 457.000000 -0.187500
v 0.812500 455.250000 -0.187500
v 0.187500 455.250000 -0.187500
v 0.187500 457.000000 -0.812500
v 0.187500 457.000000 -0.187500
v 0.187500 455.250000 -0.187500
v 0.187500 455.250000 -0.812500
v 0.812500 457.000000 -0.187500
v 0.812500 457.000000 -0.812500
v 0.812500 455.250000 -0.812500
v 0.812500 455.250000 -0.187500
v 1.000000 457.250000 -1.000000
v 0.000000 457.250000 -1.000000
v 0.000000 457.000000 -1.000000
v 1.000000 457.000000 -1.000000
v 0.000000 457.250000 0.000000
v 1.000000 457.250000 0.000000
v 1.000000 457.000000 0.000000
v 0.000000 457.000000 0.000000
v 0.000000 457.250000 -1.000000
v 0.000000 457.250000 0.000000
v 0.000000 457.000000 0.000000
v 0.000000 457.000000 -1.000000
v 1.000000 457.250000 0.000000
v 1.000000 457.250000 -1.000000
v 1.000000 457.000000 -1.000000
v 1.000000 457.000000 0.000000
v 0.000000 457.250000 -1.000000
v 1.000000 457.250000 -1.000000
v 1.000000 457.250000 0.000000
v 0.000000 457.250000 0.000000
v 0.000000 457.000000 0.000000
v 1.000000 457.000000 0.000000
v 1.000000 457.000000 -1.000000
v 0.000000 457.000000 -1.000000
v 0.812500 459.000000 -0.812500
v 0.187500 459.000000 -0.812500
v 0.187500 457.250000 -0.812500
v 0.812500 457.250000 -0.812500
v 0.187500 459.000000 -0.187500
v 0.812500 459.000000 -0.187500
v 0.812500 457.250000 -0.187500
v 0.187500 457.250000 -0.187500
v 0.187500 459.000000 -0.812500
v 0.187500 459.000000 -0.187500
v 0.187500 457.250000 -0.187500
v 0.187500 457.250000 -0.812500
v 0.812500 459.000000 -0.187500
v 0.812500 459.000000 -0.812500
v 0.812500 457.250000 -0.812500
v 0.812500 457.250000 -0.187500
v 1.000000 459.250000 -1.000000
v 0.000000 459.250000 -1.000000
v 0.000000 459.000000 -1.000000
v 1.000000 459.000000 -1.000000
v 0.000000 459.250000 0.000000
v 1.000000 459.250000 0.000000
v 1.000000 459.000000 0.000000
v 0.000000 459.000000 0.000000
v 0.000000 459.250000 -1.000000
v 0.000000 459.250000 0.000000
v 0.000000 459.000000 0.000000
v 0.000000 459.000000 -1.000000
v 1.000000 459.250000 0.000000
v 1.000000 459.250000 -1.000000
v 1.000000 459.000000 -1.000000
v 1.000000 459.000000 0.000000
v 0.000000 459.250000 -1.000000
v 1.000000 459.250000 -1.000000
v 1.000000 459.250000 0.000000
v 0.000000 459.250000 0.000000
v 0.000000 459.000000 0.000000
v 1.000000 459.000000 0.000000
v 1.000000 459.000000 -1.000000
v 0.000000 459.000000 -1.000000
v 0.812500 461.000000 -0.812500
v 0.187500 461.000000 -0.812500
v 0.187500 459.250000 -0.812500
v 0.812500 459.250000 -0.812500
v 0.187500 461.000000 -0.187500
v 0.812500 461.000000 -0.187500
v 0.812500 459.250000 -0.187500
v 0.187500 459.250000 -0.187500
v 0.187500 461.000000 -0.812500
v 0.187500 461.000000 -0.187500
v 0.187500 459.250000 -0.187500
v 0.187500 459.250000 -0.812500
v 0.812500 461.000000 -0.187500
v 0.812500 461.000000 -0.812500
v 0.812500 459.250000 -0.812500
v 0.812500 459.250000 -0.187500
v 1.000000 461.250000 -1.000000
v 0.000000 461.250000 -1.000000
v 0.000000 461.000000 -1.000000
v 1.000000 461.000000 -1.000000
v 0.000000 461.250000 0.000000
v 1.000000 461.250000 0.000000
v 1.000000 461.000000 0.000000
v 0.000000 461.000000 0.000000
v 0.000000 461.250000 -1.000000
v 0.000000 461.250000 0.000000
v 0.000000 461.000000 0.000000
v 0.000000 461.000000 -1.000000
v 1.000000 461.250000 0.000000
v 1.000000 461.250000 -1.000000
v 1.000000 461.000000 -1.000000
v 1.000000 461.000000 0.000000
v 0.000000 461.250000 -1.000000
v 1.000000 461.250000 -1.000000
v 1.000000 461.250000 0.000000
v 0.000000 461.250000 0.000000
v 0.000000 461.000000 0.000000
v 1.000000 461.000000 0.000000
v 1.000000 461.000000 -1.000000
v 0.000000 461.000000 -1.000000
v 0.812500 463.000000 -0.812500
v 0.187500 463.000000 -0.812500
v 0.187500 461.250000 -0.812500
v 0.812500 461.250000 -0.812500
v 0.187500 463.000000 -0.187500
v 0.812500 463.000000 -0.187500
v 0.812500 461.250000 -0.187500
v 0.187500 461.250000 -0.187500
v 0.187500 463.000000 -0.812500
v 0.187500 463.000000 -0.187500
v 0.187500 461.250000 -0.187500
v 0.187500 461.250000 -0.812500
v 0.812500 463.000000 -0.187500
v 0.812500 463.000000 -0.812500
v 0.812500 461.250000 -0.812500
v 0.812500 461.250000 -0.187500
v 1.000000 463.250000 -1.000000
v 0.000000 463.250000 -1.000000
v 0.000000 463.000000 -1.000000
v 1.000000 463.000000 -1.000000
v 0.000000 463.250000 0.000000
v 1.000000 463.250000 0.000000
v 1.000000 463.000000 0.000000
v 0.000000 463.000000 0.000000
v 0.000000 463.250000 -1.000000
v 0.000000 463.250000 0.000000
v 0.000000 463.000000 0.000000
v 0.000000 463.000000 -1.000000
v 1.000000 463.250000 0.000000
v 1.000000 463.250000 -1.000000
v 1.000000 463.000000 -1.000000
v 1.000000 463.000000 0.000000
v 0.000000 463.250000 -1.000000
v 1.000000 463.250000 -1.000000
v 1.000000 463.250000 0.000000
v 0.000000 463.250000 0.000000
v 0.000000 463.000000 0.000000
v 1.000000 463.000000 0.000000
v 1.000000 463.000000 -1.000000
v 0.000000 463.000000 -1.000000
v 0.812500 465.000000 -0.812500
v 0.187500 465.000000 -0.812500
v 0.187500 463.250000 -0.812500
v 0.812500 463.250000 -0.812500
v 0.187500 465.000000 -0.187500
v 0.812500 465.000000 -0.187500
v 0.812500 463.250000 -0.187500
v 0.187500 463.250000 -0.187500
v 0.187500 465.000000 -0.812500
v 0.187500 465.000000 -0.187500
v 0.187500 463.250000 -0.187500
v 0.187500 463.250000 -0.812500
v 0.812500 465.000000 -0.187500
v 0.812500 465.000000 -0.812500
v 0.812500 463.250000 -0.812500
v 0.812500 463.250000 -0.187500
v 1.000000 465.250000 -1.000000
v 0.000000 465.250000 -1.000000
v 0.000000 465.000000 -1.000000
v 1.000000 465.000000 -1.000000
v 0.000000 465.250000 0.000000
v 1.000000 465.250000 0.000000
v 1.000000 465.000000 0.000000
v 0.000000 465.000000 0.000000
v 0.000000 465.250000 -1.000000
v 0.000000 465.250000 0.000000
v 0.000000 465.000000 0.000000
v 0.000000 465.000000 -1.000000
v 1.000000 465.250000 0.000000
v 1.000000 465.250000 -1.000000
v 1.000000 465.000000 -1.000000
v 1.000000 465.000000 0.000000
v 0.000000 465.250000 -1.000000
v 1.000000 465.250000 -1.000000
v 1.000000 465.250000 0.000000
v 0.000000 465.250000 0.000000
v 0.000000 465.000000 0.000000
v 1.000000 465.000000 0.000000
v 1.000000 465.000000 -1.000000
v 0.000000 465.000000 -1.000000
v 0.812500 467.000000 -0.812500
v 0.187500 467.000000 -0.812500
v 0.187500 465.250000 -0.812500
v 0.812500 465.250000 -0.812500
v 0.187500 467.000000 -0.187500
v 0.812500 467.000000 -0.187500
v 0.812500 465.250000 -0.187500
v 0.187500 465.250000 -0.187500
v 0.187500 467.000000 -0.812500
v 0.187500 467.000000 -0.187500
v 0.187500 465.250000 -0.187500
v 0.187500 465.250000 -0.812500
v 0.812500 467.000000 -0.187500
v 0.812500 467.000000 -0.812500
v 0.812500 465.250000 -0.812500
v 0.812500 465.250000 -0.187500
v 1.000000 467.250000 -1.000000
v 0.000000 467.250000 -1.000000
v 0.000000 467.000000 -1.000000
v 1.000000 467.000000 -1.000000
v 0.000000 467.250000 0.000000
v 1.000000 467.250000 0.000000
v 1.000000 467.000000 0.000000
v 0.000000 467.000000 0.000000
v 0.000000 467.250000 -1.000000
v 0.000000 467.250000 0.000000
v 0.000000 467.000000 0.000000
v 0.000000 467.000000 -1.000000
v 1.000000 467.250000 0.000000
v 1.000000 467.250000 -1.000000
v 1.000000 467.000000 -1.000000
v 1.000000 467.000000 0.000000
v 0.000000 467.250000 -1.000000
v 1.000000 467.250000 -1.000000
v 1.000000 467.250000 0.000000
v 0.000000 467.250000 0.000000
v 0.000000 467.000000 0.000000
v 1.000000 467.000000 0.000000
v 1.000000 467.000000 -1.000000
v 0.000000 467.000000 -1.000000
v 0.812500 469.000000 -0.812500
v 0.187500 469.000000 -0.812500
v 0.187500 467.250000 -0.812500
v 0.812500 467.250000 -0.812500
v 0.187500 469.000000 -0.187500
v 0.812500 469.000000 -0.187500
v 0.812500 467.250000 -0.187500
v 0.187500 467.250000 -0.187500
v 0.187500 469.000000 -0.812500
v 0.187500 469.000000 -0.187500
v 0.187500 467.250000 -0.187500
v 0.187500 467.250000 -0.812500
v 0.812500 469.000000 -0.187500
v 0.812500 469.000000 -0.812500
v 0.812500 467.250000 -0.812500
v 0.812500 467.250000 -0.187500
v 1.000000 469.250000 -1.000000
v 0.000000 469.250000 -1.000000
v 0.000000 469.000000 -1.000000
v 1.000000 469.000000 -1.000000
v 0.000000 469.250000 0.000000
v 1.000000 469.250000 0.000000
v 1.000000 469.000000 0.000000
v 0.000000 469.000000 0.000000
v 0.000000 469.250000 -1.000000
v 0.000000 469.250000 0.000000
v 0.000000 469.000000 0.000000
v 0.000000 469.000000 -1.000000
v 1.000000 469.250000 0.000000
v 1.000000 469.250000 -1.000000
v 1.000000 469.000000 -1.000000
v 1.000000 469.000000 0.000000
v 0.000000 469.250000 -1.000000
v 1.000000 469.250000 -1.000000
v 1.000000 469.250000 0.000000
v 0.000000 469.250000 0.000000
v 0.000000 469.000000 0.000000
v 1.000000 469.000000 0.000000
v 1.000000 469.000000 -1.000000
v 0.000000 469.000000 -1.000000
v 0.812500 471.000000 -0.812500
v 0.187500 471.000000 -0.812500
v 0.187500 469.250000 -0.812500
v 0.812500 469.250000 -0.812500
v 0.187500 471.000000 -0.187500
v 0.812500 471.000000 -0.187500
v 0.812500 469.250000 -0.187500
v 0.187500 469.250000 -0.187500
v 0.187500 471.000000 -0.812500
v 0.187500 471.000000 -0.187500
v 0.187500 469.250000 -0.187500
v 0.187500 469.250000 -0.812500
v 0.812500 471.000000 -0.187500
v 0.812500 471.000000 -0.812500
v 0.812500 469.250000 -0.812500
v 0.812500 469.250000 -0.187500
v 1.000000 471.250000 -1.000000
v 0.000000 471.250000 -1.000000
v 0.000000 471.000000 -1.000000
v 1.000000 471.000000 -1.000000
v 0.000000 471.250000 0.000000
v 1.000000 471.250000 0.000000
v 1.000000 471.000000 0.000000
v 0.000000 471.000000 0.000000
v 0.000000 471.250000 -1.000000
v 0.000000 471.250000 0.000000
v 0.000000 471.000000 0.000000
v 0.000000 471.000000 -1.000000
v 1.000000 471.250000 0.000000
v 1.000000 471.250000 -1.000000
v 1.000000 471.000000 -1.000000
v 1.000000 471.000000 0.000000
v 0.000000 471.250000 -1.000000
v 1.000000 471.250000 -1.000000
v 1.000000 471.250000 0.000000
v 0.000000 471.250000 0.000000
v 0.000000 471.000000 0.000000
v 1.000000 471.000000 0.000000
v 1.000000 471.000000 -1.000000
v 0.000000 471.000000 -1.000000
v 0.812500 473.000000 -0.812500
v 0.187500 473.000000 -0.812500
v 0.187500 471.250000 -0.812500
v 0.812500 471.250000 -0.812500
v 0.187500 473.000000 -0.187500
v 0.812500 473.000000 -0.187500
v 0.812500 471.250000 -0.187500
v 0.187500 471.250000 -0.187500
v 0.187500 473.000000 -0.812500
v 0.187500 473.000000 -0.187500
v 0.187500 471.250000 -0.187500
v 0.187500 471.250000 -0.812500
v 0.812500 473.000000 -0.187500
v 0.812500 473.000000 -0.812500
v 0.812500 471.250000 -0.812500
v 0.812500 471.250000 -0.187500
v 1.000000 473.250000 -1.000000
v 0.000000 473.250000 -1.000000
v 0.000000 473.000000 -1.000000
v 1.000000 473.000000 -1.000000
v 0.000000 473.250000 0.000000
v 1.000000 473.250000 0.000000
v 1.000000 473.000000 0.000000
v 0.000000 473.000000 0.000000
v 0.000000 473.250000 -1.000000
v 0.000000 473.250000 0.000000
v 0.000000 473.000000 0.000000
v 0.000000 473.000000 -1.000000
v 1.000000 473.250000 0.000000
v 1.000000 473.250000 -1.000000
v 1.000000 473.000000 -1.000000
v 1.000000 473.000000 0.000000
v 0.000000 473.250000 -1.000000
v 1.000000 473.250000 -1.000000
v 1.000000 473.250000 0.000000
v 0.000000 473.250000 0.000000
v 0.000000 473.000000 0.000000
v 1.000000 473.000000 0.000000
v 1.000000 473.000000 -1.000000
v 0.000000 473.000000 -1.000000
v 0.812500 475.000000 -0.812500
v 0.187500 475.000000 -0.812500
v 0.187500 473.250000 -0.812500
v 0.812500 473.250000 -0.812500
v 0.187500 475.000000 -0.187500
v 0.812500 475.000000 -0.187500
v 0.812500 473.250000 -0.187500
v 0.187500 473.250000 -0.187500
v 0.187500 475.000000 -0.812500
v 0.187500 475.000000 -0.187500
v 0.187500 473.250000 -0.187500
v 0.187500 473.250000 -0.812500
v 0.812500 475.000000 -0.187500
v 0.812500 475.000000 -0.812500
v 0.812500 473.250000 -0.812500
v 0.812500 473.250000 -0.187500
v 1.000000 475.250000 -1.000000
v 0.000000 475.250000 -1.000000
v 0.000000 475.000000 -1.000000
v 1.000000 475.000000 -1.000000
v 0.000000 475.250000 0.000000
v 1.000000 475.250000 0.000000
v 1.000000 475.000000 0.000000
v 0.000000 475.000000 0.000000
v 0.000000 475.250000 -1.000000
v 0.000000 475.250000 0.000000
v 0.000000 475.000000 0.000000
v 0.000000 475.000000 -1.000000
v 1.000000 475.250000 0.000000
v 1.000000 475.250000 -1.000000
v 1.000000 475.000000 -1.000000
v 1.000000 475.000000 0.000000
v 0.000000 475.250000 -1.000000
v 1.000000 475.250000 -1.000000
v 1.000000 475.250000 0.000000
v 0.000000 475.250000 0.000000
v 0.000000 475.000000 0.000000
v 1.000000 475.000000 0.000000
v 1.000000 475.000000 -1.000000
v 0.000000 475.000000 -1.000000
v 0.812500 477.000000 -0.812500
v 0.187500 477.000000 -0.812500
v 0.187500 475.250000 -0.812500
v 0.812500 475.250000 -0.812500
v 0.187500 477.000000 -0.187500
v 0.812500 477.000000 -0.187500
v 0.812500 475.250000 -0.187500
v 0.187500 475.250000 -0.187500
v 0.187500 477.000000 -0.812500
v 0.187500 477.000000 -0.187500
v 0.187500 475.250000 -0.187500
v 0.187500 475.250000 -0.812500
v 0.812500 477.000000 -0.187500
v 0.812500 477.000000 -0.812500
v 0.812500 475.250000 -0.812500
v 0.812500 475.250000 -0.187500
v 1.000000 477.250000 -1.000000
v 0.000000 477.250000 -1.000000
v 0.000000 477.000000 -1.000000
v 1.000000 477.000000 -1.000000
v 0.000000 477.250000 0.000000
v 1.000000 477.250000 0.000000
v 1.000000 477.000000 0.000000
v 0.000000 477.000000 0.000000
v 0.000000 477.250000 -1.000000
v 0.000000 477.250000 0.000000
v 0.000000 477.000000 0.000000
v 0.000000 477.000000 -1.000000
v 1.000000 477.250000 0.000000
v 1.000000 477.250000 -1.000000
v 1.000000 477.000000 -1.000000
v 1.000000 477.000000 0.000000
v 0.000000 477.250000 -1.000000
v 1.000000 477.250000 -1.000000
v 1.000000 477.250000 0.000000
v 0.000000 477.250000 0.000000
v 0.000000 477.000000 0.000000
v 1.000000 477.000000 0.000000
v 1.000000 477.000000 -1.000000
v 0.000000 477.000000 -1.000000
v 0.812500 479.000000 -0.812500
v 0.187500 479.000000 -0.812500
v 0.187500 477.250000 -0.812500
v 0.812500 477.250000 -0.812500
v 0.187500 479.000000 -0.187500
v 0.812500 479.000000 -0.187500
v 0.812500 477.250000 -0.187500
v 0.187500 477.250000 -0.187500
v 0.187500 479.000000 -0.812500
v 0.187500 479.000000 -0.187500
v 0.187500 477.250000 -0.187500
v 0.187500 477.250000 -0.812500
v 0.812500 479.000000 -0.187500
v 0.812500 479.000000 -0.812500
v 0.812500 477.250000 -0.812500
v 0.812500 477.250000 -0.187500
v 1.000000 479.250000 -1.000000
v 0.000000 479.250000 -1.000000
v 0.000000 479.000000 -1.000000
v 1.000000 479.000000 -1.000000
v 0.000000 479.250000 0.000000
v 1.000000 479.250000 0.000000
v 1.000000 479.000000 0.000000
v 0.000000 479.000000 0.000000
v 0.000000 479.250000 -1.000000
v 0.000000 479.250000 0.000000
v 0.000000 479.000000 0.000000
v 0.000000 479.000000 -1.000000
v 1.000000 479.250000 0.000000
v 1.000000 479.250000 -1.000000
v 1.000000 479.000000 -1.000000
v 1.000000 479.000000 0.000000
v 0.000000 479.250000 -1.000000
v 1.000000 479.250000 -1.000000
v 1.000000 479.250000 0.000000
v 0.000000 479.250000 0.000000
v 0.000000 479.000000 0.000000
v 1.000000 479.000000 0.000000
v 1.000000 479.000000 -1.000000
v 0.000000 479.000000 -1.000000
v 0.812500 481.000000 -0.812500
v 0.187500 481.000000 -0.812500
v 0.187500 479.250000 -0.812500
v 0.812500 479.250000 -0.812500
v 0.187500 481.000000 -0.187500
v 0.812500 481.000000 -0.187500
v 0.812500 479.250000 -0.187500
v 0.187500 479.250000 -0.187500
v 0.187500 481.000000 -0.812500
v 0.187500 481.000000 -0.187500
v 0.187500 479.250000 -0.187500
v 0.187500 479.250000 -0.812500
v 0.812500 481.000000 -0.187500
v 0.812500 481.000000 -0.812500
v 0.812500 479.250000 -0.812500
v 0.812500 479.250000 -0.187500
v 1.000000 481.250000 -1.000000
v 0.000000 481.250000 -1.000000
v 0.000000 481.000000 -1.000000
v 1.000000 481.000000 -1.000000
v 0.000000 481.250000 0.000000
v 1.000000 481.250000 0.000000
v 1.000000 481.000000 0.000000
v 0.000000 481.000000 0.000000
v 0.000000 481.250000 -1.000000
v 0.000000 481.250000 0.000000
v 0.000000 481.000000 0.000000
v 0.000000 481.000000 -1.000000
v 1.000000 481.250000 0.000000
v 1.000000 481.250000 -1.000000
v 1.000000 481.000000 -1.000000
v 1.000000 481.000000 0.000000
v 0.000000 481.250000 -1.000000
v 1.000000 481.250000 -1.000000
v 1.000000 481.250000 0.000000
v 0.000000 481.250000 0.000000
v 0.000000 481.000000 0.000000
v 1.000000 481.000000 0.000000
v 1.000000 481.000000 -1.000000
v 0.000000 481.000000 -1.000000
v 0.812500 483.000000 -0.812500
v 0.187500 483.000000 -0.812500
v 0.187500 481.250000 -0.812500
v 0.812500 481.250000 -0.812500
v 0.187500 483.000000 -0.187500
v 0.812500 483.000000 -0.187500
v 0.812500 481.250000 -0.187500
v 0.187500 481.250000 -0.187500
v 0.187500 483.000000 -0.812500
v 0.187500 483.000000 -0.187500
v 0.187500 481.250000 -0.187500
v 0.187500 481.250000 -0.812500
v 0.812500 483.000000 -0.187500
v 0.812500 483.000000 -0.812500
v 0.812500 481.250000 -0.812500
v 0.812500 481.250000 -0.187500
v 1.000000 483.250000 -1.000000
v 0.000000 483.250000 -1.000000
v 0.000000 483.000000 -1.000000
v 1.000000 483.000000 -1.000000
v 0.000000 483.250000 0.000000
v 1.000000 483.250000 0.000000
v 1.000000 483.000000 0.000000
v 0.000000 483.000000 0.000000
v 0.000000 483.250000 -1.000000
v 0.000000 483.250000 0.000000
v 0.000000 483.000000 0.000000
v 0.000000 483.000000 -1.000000
v 1.000000 483.250000 0.000000
v 1.000000 483.250000 -1.000000
v 1.000000 483.000000 -1.000000
v 1.000000 483.000000 0.000000
v 0.000000 483.250000 -1.000000
v 1.000000 483.250000 -1.000000
v 1.000000 483.250000 0.000000
v 0.000000 483.250000 0.000000
v 0.000000 483.000000 0.000000
v 1.000000 483.000000 0.000000
v 1.000000 483.000000 -1.000000
v 0.000000 483.000000 -1.000000
v 0.812500 485.000000 -0.812500
v 0.187500 485.000000 -0.812500
v 0.187500 483.250000 -0.812500
v 0.812500 483.250000 -0.812500
v 0.187500 485.000000 -0.187500
v 0.812500 485.000000 -0.187500
v 0.812500 483.250000 -0.187500
v 0.187500 483.250000 -0.187500
v 0.187500 485.000000 -0.812500
v 0.187500 485.000000 -0.187500
v 0.187500 483.250000 -0.187500
v 0.187500 483.250000 -0.812500
v 0.812500 485.000000 -0.187500
v 0.812500 485.000000 -0.812500
v 0.812500 483.250000 -0.812500
v 0.812500 483.250000 -0.187500
v 1.000000 485.250000 -1.000000
v 0.000000 485.250000 -1.000000
v 0.000000 485.000000 -1.000000
v 1.000000 485.000000 -1.000000
v 0.000000 485.250000 0.000000
v 1.000000 485.250000 0.000000
v 1.000000 485.000000 0.000000
v 0.000000 485.000000 0.000000
v 0.000000 485.250000 -1.000000
v 0.000000 485.250000 0.000000
v 0.000000 485.000000 0.000000
v 0.000000 485.000000 -1.000000
v 1.000000 485.250000 0.000000
v 1.000000 485.250000 -1.000000
v 1.000000 485.000000 -1.000000
v 1.000000 485.000000 0.000000
v 0.000000 485.250000 -1.000000
v 1.000000 485.250000 -1.000000
v 1.000000 485.250000 0.000000
v 0.000000 485.250000 0.000000
v 0.000000 485.000000 0.000000
v 1.000000 485.000000 0.000000
v 1.000000 485.000000 -1.000000
v 0.000000 485.000000 -1.000000
v 0.812500 487.000000 -0.812500
v 0.187500 487.000000 -0.812500
v 0.187500 485.250000 -0.812500
v 0.812500 485.250000 -0.812500
v 0.187500 487.000000 -0.187500
v 0.812500 487.000000 -0.187500
v 0.812500 485.250000 -0.187500
v 0.187500 485.250000 -0.187500
v 0.187500 487.000000 -0.812500
v 0.187500 487.000000 -0.187500
v 0.187500 485.250000 -0.187500
v 0.187500 485.250000 -0.812500
v 0.812500 487.000000 -0.187500
v 0.812500 487.000000 -0.812500
v 0.812500 485.250000 -0.812500
v 0.812500 485.250000 -0.187500
v 1.000000 487.250000 -1.000000
v 0.000000 487.250000 -1.000000
v 0.000000 487.000000 -1.000000
v 1.000000 487.000000 -1.000000
v 0.000000 487.250000 0.000000
v 1.000000 487.250000 0.000000
v 1.000000 487.000000 0.000000
v 0.000000 487.000000 0.000000
v 0.000000 487.250000 -1.000000
v 0.000000 487.250000 0.000000
v 0.000000 487.000000 0.000000
v 0.000000 487.000000 -1.000000
v 1.000000 487.250000 0.000000
v 1.000000 487.250000 -1.000000
v 1.000000 487.000000 -1.000000
v 1.000000 487.000000 0.000000
v 0.000000 487.250000 -1.000000
v 1.000000 487.250000 -1.000000
v 1.000000 487.250000 0.000000
v 0.000000 487.250000 0.000000
v 0.000000 487.000000 0.000000
v 1.000000 487.000000 0.000000
v 1.000000 487.000000 -1.000000
v 0.000000 487.000000 -1.000000
v 0.812500 489.000000 -0.812500
v 0.187500 489.000000 -0.812500
v 0.187500 487.250000 -0.812500
v 0.812500 487.250000 -0.812500
v 0.187500 489.000000 -0.187500
v 0.812500 489.000000 -0.187500
v 0.812500 487.250000 -0.187500
v 0.187500 487.250000 -0.187500
v 0.187500 489.000000 -0.812500
v 0.187500 489.000000 -0.187500
v 0.187500 487.250000 -0.187500
v 0.187500 487.250000 -0.812500
v 0.812500 489.000000 -0.187500
v 0.812500 489.000000 -0.812500
v 0.812500 487.250000 -0.812500
v 0.812500 487.250000 -0.187500
v 1.000000 489.250000 -1.000000
v 0.000000 489.250000 -1.000000
v 0.000000 489.000000 -1.000000
v 1.000000 489.000000 -1.000000
v 0.000000 489.250000 0.000000
v 1.000000 489.250000 0.000000
v 1.000000 489.000000 0.000000
v 0.000000 489.000000 0.000000
v 0.000000 489.250000 -1.000000
v 0.000000 489.250000 0.000000
v 0.000000 489.000000 0.000000
v 0.000000 489.000000 -1.000000
v 1.000000 489.250000 0.000000
v 1.000000 489.250000 -1.000000
v 1.000000 489.000000 -1.000000
v 1.000000 489.000000 0.000000
v 0.000000 489.250000 -1.000000
v 1.000000 489.250000 -1.000000
v 1.000000 489.250000 0.000000
v 0.000000 489.250000 0.000000
v 0.000000 489.000000 0.000000
v 1.000000 489.000000 0.000000
v 1.000000 489.000000 -1.000000
v 0.000000 489.000000 -1.000000
v 0.812500 491.000000 -0.812500
v 0.187500 491.000000 -0.812500
v 0.187500 489.250000 -0.812500
v 0.812500 489.250000 -0.812500
v 0.187500 491.000000 -0.187500
v 0.812500 491.000000 -0.187500
v 0.812500 489.250000 -0.187500
v 0.187500 489.250000 -0.187500
v 0.187500 491.000000 -0.812500
v 0.187500 491.000000 -0.187500
v 0.187500 489.250000 -0.187500
v 0.187500 489.250000 -0.812500
v 0.812500 491.000000 -0.187500
v 0.812500 491.000000 -0.812500
v 0.812500 489.250000 -0.812500
v 0.812500 489.250000 -0.187500
v 1.000000 491.250000 -1.000000
v 0.000000 491.250000 -1.000000
v 0.000000 491.000000 -1.000000
v 1.000000 491.000000 -1.000000
v 0.000000 491.250000 0.000000
v 1.000000 491.250000 0.000000
v 1.000000 491.000000 0.000000
v 0.000000 491.000000 0.000000
v 0.000000 491.250000 -1.000000
v 0.000000 491.250000 0.000000
v 0.000000 491.000000 0.000000
v 0.000000 491.000000 -1.000000
v 1.000000 491.250000 0.000000
v 1.000000 491.250000 -1.000000
v 1.000000 491.000000 -1.000000
v 1.000000 491.000000 0.000000
v 0.000000 491.250000 -1.000000
v 1.000000 491.250000 -1.000000
v 1.000000 491.250000 0.000000
v 0.000000 491.250000 0.000000
v 0.000000 491.000000 0.000000
v 1.000000 491.000000 0.000000
v 1.000000 491.000000 -1.000000
v 0.000000 491.000000 -1.000000
v 0.812500 493.000000 -0.812500
v 0.187500 493.000000 -0.812500
v 0.187500 491.250000 -0.812500
v 0.812500 491.250000 -0.812500
v 0.187500 493.000000 -0.187500
v 0.812500 493.000000 -0.187500
v 0.812500 491.250000 -0.187500
v 0.187500 491.250000 -0.187500
v 0.187500 493.000000 -0.812500
v 0.187500 493.000000 -0.187500
v 0.187500 491.250000 -0.187500
v 0.187500 491.250000 -0.812500
v 0.812500 493.000000 -0.187500
v 0.812500 493.000000 -0.812500
v 0.812500 491.250000 -0.812500
v 0.812500 491.250000 -0.187500
v 1.000000 493.250000 -1.000000
v 0.000000 493.250000 -1.000000
v 0.000000 493.000000 -1.000000
v 1.000000 493.000000 -1.000000
v 0.000000 493.250000 0.000000
v 1.000000 493.250000 0.000000
v 1.000000 493.000000 0.000000
v 0.000000 493.000000 0.000000
v 0.000000 493.250000 -1.000000
v 0.000000 493.250000 0.000000
v 0.000000 493.000000 0.000000
v 0.000000 493.000000 -1.000000
v 1.000000 493.250000 0.000000
v 1.000000 493.250000 -1.000000
v 1.000000 493.000000 -1.000000
v 1.000000 493.000000 0.000000
v 0.000000 493.250000 -1.000000
v 1.000000 493.250000 -1.000000
v 1.000000 493.250000 0.000000
v 0.000000 493.250000 0.000000
v 0.000000 493.000000 0.000000
v 1.000000 493.000000 0.000000
v 1.000000 493.000000 -1.000000
v 0.000000 493.000000 -1.000000
v 0.812500 495.000000 -0.812500
v 0.187500 495.000000 -0.812500
v 0.187500 493.250000 -0.812500
v 0.812500 493.250000 -0.812500
v 0.187500 495.000000 -0.187500
v 0.812500 495.000000 -0.187500
v 0.812500 493.250000 -0.187500
v 0.187500 493.250000 -0.187500
v 0.187500 495.000000 -0.812500
v 0.187500 495.000000 -0.187500
v 0.187500 493.250000 -0.187500
v 0.187500 493.250000 -0.812500
v 0.812500 495.000000 -0.187500
v 0.812500 495.000000 -0.812500
v 0.812500 493.250000 -0.812500
v 0.812500 493.250000 -0.187500
v 1.000000 495.250000 -1.000000
v 0.000000 495.250000 -1.000000
v 0.000000 495.000000 -1.000000
v 1.000000 495.000000 -1.000000
v 0.000000 495.250000 0.000000
v 1.000000 495.250000 0.000000
v 1.000000 495.000000 0.000000
v 0.000000 495.000000 0.000000
v 0.000000 495.250000 -1.000000
v 0.000000 495.250000 0.000000
v 0.000000 495.000000 0.000000
v 0.000000 495.000000 -1.000000
v 1.000000 495.250000 0.000000
v 1.000000 495.250000 -1.000000
v 1.000000 495.000000 -1.000000
v 1.000000 495.000000 0.000000
v 0.000000 495.250000 -1.000000
v 1.000000 495.250000 -1.000000
v 1.000000 495.250000 0.000000
v 0.000000 495.250000 0.000000
v 0.000000 495.000000 0.000000
v 1.000000 495.000000 0.000000
v 1.000000 495.000000 -1.000000
v 0.000000 495.000000 -1.000000
v 0.812500 497.000000 -0.812500
v 0.187500 497.000000 -0.812500
v 0.187500 495.250000 -0.812500
v 0.812500 495.250000 -0.812500
v 0.187500 497.000000 -0.187500
v 0.812500 497.000000 -0.187500
v 0.812500 495.250000 -0.187500
v 0.187500 495.250000 -0.187500
v 0.187500 497.000000 -0.812500
v 0.187500 497.000000 -0.187500
v 0.187500 495.250000 -0.187500
v 0.187500 495.250000 -0.812500
v 0.812500 497.000000 -0.187500
v 0.812500 497.000000 -0.812500
v 0.812500 495.250000 -0.812500
v 0.812500 495.250000 -0.187500
v 1.000000 497.250000 -1.000000
v 0.000000 497.250000 -1.000000
v 0.000000 497.000000 -1.000000
v 1.000000 497.000000 -1.000000
v 0.000000 497.250000 0.000000
v 1.000000 497.250000 0.000000
v 1.000000 497.000000 0.000000
v 0.000000 497.000000 0.000000
v 0.000000 497.250000 -1.000000
v 0.000000 497.250000 0.000000
v 0.000000 497.000000 0.000000
v 0.000000 497.000000 -1.000000
v 1.000000 497.250000 0.000000
v 1.000000 497.250000 -1.000000
v 1.000000 497.000000 -1.000000
v 1.000000 497.000000 0.000000
v 0.000000 497.250000 -1.000000
v 1.000000 497.250000 -1.000000
v 1.000000 497.250000 0.000000
v 0.000000 497.250000 0.000000
v 0.000000 497.000000 0.000000
v 1.000000 497.000000 0.000000
v 1.000000 497.000000 -1.000000
v 0.000000 497.000000 -1.000000
v 0.812500 499.000000 -0.812500
v 0.187500 499.000000 -0.812500
v 0.187500 497.250000 -0.812500
v 0.812500 497.250000 -0.812500
v 0.187500 499.000000 -0.187500
v 0.812500 499.000000 -0.187500
v 0.812500 497.250000 -0.187500
v 0.187500 497.250000 -0.187500
v 0.187500 499.000000 -0.812500
v 0.187500 499.000000 -0.187500
v 0.187500 497.250000 -0.187500
v 0.187500 497.250000 -0.812500
v 0.812500 499.000000 -0.187500
v 0.812500 499.000000 -0.812500
v 0.812500 497.250000 -0.812500
v 0.812500 497.250000 -0.187500
v 1.000000 499.250000 -1.000000
v 0.000000 499.250000 -1.000000
v 0.000000 499.000000 -1.000000
v 1.000000 499.000000 -1.000000
v 0.000000 499.250000 0.000000
v 1.000000 499.250000 0.000000
v 1.000000 499.000000 0.000000
v 0.000000 499.000000 0.000000
v 0.000000 499.250000 -1.000000
v 0.000000 499.250000 0.000000
v 0.000000 499.000000 0.000000
v 0.000000 499.000000 -1.000000
v 1.000000 499.250000 0.000000
v 1.000000 499.250000 -1.000000
v 1.000000 499.000000 -1.000000
v 1.000000 499.000000 0.000000
v 0.000000 499.250000 -1.000000
v 1.000000 499.250000 -1.000000
v 1.000000 499.250000 0.000000
v 0.000000 499.250000 0.000000
v 0.000000 499.000000 0.000000
v 1.000000 499.000000 0.000000
v 1.000000 499.000000 -1.000000
v 0.000000 499.000000 -1.000000
v 0.812500 501.000000 -0.812500
v 0.187500 501.000000 -0.812500
v 0.187500 499.250000 -0.812500
v 0.812500 499.250000 -0.812500
v 0.187500 501.000000 -0.187500
v 0.812500 501.000000 -0.187500
v 0.812500 499.250000 -0.187500
v 0.187500 499.250000 -0.187500
v 0.187500 501.000000 -0.812500
v 0.187500 501.000000 -0.187500
v 0.187500 499.250000 -0.187500
v 0.187500 499.250000 -0.812500
v 0.812500 501.000000 -0.187500
v 0.812500 501.000000 -0.812500
v 0.812500 499.250000 -0.812500
v 0.812500 499.250000 -0.187500
v 1.000000 501.250000 -1.000000
v 0.000000 501.250000 -1.000000
v 0.000000 501.000000 -1.000000
v 1.000000 501.000000 -1.000000
v 0.000000 501.250000 0.000000
v 1.000000 501.250000 0.000000
v 1.000000 501.000000 0.000000
v 0.000000 501.000000 0.000000
v 0.000000 501.250000 -1.000000
v 0.000000 501.250000 0.000000
v 0.000000 501.000000 0.000000
v 0.000000 501.000000 -1.000000
v 1.000000 501.250000 0.000000
v 1.000000 501.250000 -1.000000
v 1.000000 501.000000 -1.000000
v 1.000000 501.000000 0.000000
v 0.000000 501.250000 -1.000000
v 1.000000 501.250000 -1.000000
v 1.000000 501.250000 0.000000
v 0.000000 501.250000 0.000000
v 0.000000 501.000000 0.000000
v 1.000000 501.000000 0.000000
v 1.000000 501.000000 -1.000000
v 0.000000 501.000000 -1.000000
v 0.812500 503.000000 -0.812500
v 0.187500 503.000000 -0.812500
v 0.187500 501.250000 -0.812500
v 0.812500 501.250000 -0.812500
v 0.187500 503.000000 -0.187500
v 0.812500 503.000000 -0.187500
v 0.812500 501.250000 -0.187500
v 0.187500 501.250000 -0.187500
v 0.187500 503.000000 -0.812500
v 0.187500 503.000000 -0.187500
v 0.187500 501.250000 -0.187500
v 0.187500 501.250000 -0.812500
v 0.812500 503.000000 -0.187500
v 0.812500 503.000000 -0.812500
v 0.812500 501.250000 -0.812500
v 0.812500 501.250000 -0.187500
v 1.000000 503.250000 -1.000000
v 0.000000 503.250000 -1.000000
v 0.000000 503.000000 -1.000000
v 1.000000 503.000000 -1.000000
v 0.000000 503.250000 0.000000
v 1.000000 503.250000 0.000000
v 1.000000 503.000000 0.000000
v 0.000000 503.000000 0.000000
v 0.000000 503.250000 -1.000000
v 0.000000 503.250000 0.000000
v 0.000000 503.000000 0.000000
v 0.000000 503.000000 -1.000000
v 1.000000 503.250000 0.000000
v 1.000000 503.250000 -1.000000
v 1.000000 503.000000 -1.000000
v 1.000000 503.000000 0.000000
v 0.000000 503.250000 -1.000000
v 1.000000 503.250000 -1.000000
v 1.000000 503.250000 0.000000
v 0.000000 503.250000 0.000000
v 0.000000 503.000000 0.000000
v 1.000000 503.000000 0.000000
v 1.000000 503.000000 -1.000000
v 0.000000 503.000000 -1.000000
v 0.812500 505.000000 -0.812500
v 0.187500 505.000000 -0.812500
v 0.187500 503.250000 -0.812500
v 0.812500 503.250000 -0.812500
v 0.187500 505.000000 -0.187500
v 0.812500 505.000000 -0.187500
v 0.812500 503.250000 -0.187500
v 0.187500 503.250000 -0.187500
v 0.187500 505.000000 -0.812500
v 0.187500 505.000000 -0.187500
v 0.187500 503.250000 -0.187500
v 0.187500 503.250000 -0.812500
v 0.812500 505.000000 -0.187500
v 0.812500 505.000000 -0.812500
v 0.812500 503.250000 -0.812500
v 0.812500 503.250000 -0.187500
v 1.000000 505.250000 -1.000000
v 0.000000 505.250000 -1.000000
v 0.000000 505.000000 -1.000000
v 1.000000 505.000000 -1.000000
v 0.000000 505.250000 0.000000
v 1.000000 505.250000 0.000000
v 1.000000 505.000000 0.000000
v 0.000000 505.000000 0.000000
v 0.000000 505.250000 -1.000000
v 0.000000 505.250000 0.000000
v 0.000000 505.000000 0.000000
v 0.000000 505.000000 -1.000000
v 1.000000 505.250000 0.000000
v 1.000000 505.250000 -1.000000
v 1.000000 505.000000 -1.000000
v 1.000000 505.000000 0.000000
v 0.000000 505.250000 -1.000000
v 1.000000 505.250000 -1.000000
v 1.000000 505.250000 0.000000
v 0.000000 505.250000 0.000000
v 0.000000 505.000000 0.000000
v 1.000000 505.000000 0.000000
v 1.000000 505.000000 -1.000000
v 0.000000 505.000000 -1.000000
v 0.812500 507.000000 -0.812500
v 0.187500 507.000000 -0.812500
v 0.187500 505.250000 -0.812500
v 0.812500 505.250000 -0.812500
v 0.187500 507.000000 -0.187500
v 0.812500 507.000000 -0.187500
v 0.812500 505.250000 -0.187500
v 0.187500 505.250000 -0.187500
v 0.187500 507.000000 -0.812500
v 0.187500 507.000000 -0.187500
v 0.187500 505.250000 -0.187500
v 0.187500 505.250000 -0.812500
v 0.812500 507.000000 -0.187500
v 0.812500 507.000000 -0.812500
v 0.812500 505.250000 -0.812500
v 0.812500 505.250000 -0.187500
v 1.000000 507.250000 -1.000000
v 0.000000 507.250000 -1.000000
v 0.000000 507.000000 -1.000000
v 1.000000 507.000000 -1.000000
v 0.000000 507.250000 0.000000
v 1.000000 507.250000 0.000000
v 1.000000 507.000000 0.000000
v 0.000000 507.000000 0.000000
v 0.000000 507.250000 -1.000000
v 0.000000 507.250000 0.000000
v 0.000000 507.000000 0.000000
v 0.000000 507.000000 -1.000000
v 1.000000 507.250000 0.000000
v 1.000000 507.250000 -1.000000
v 1.000000 507.000000 -1.000000
v 1.000000 507.000000 0.000000
v 0.000000 507.250000 -1.000000
v 1.000000 507.250000 -1.000000
v 1.000000 507.250000 0.000000
v 0.000000 507.250000 0.000000
v 0.000000 507.000000 0.000000
v 1.000000 507.000000 0.000000
v 1.000000 507.000000 -1.000000
v 0.000000 507.000000 -1.000000
v 0.812500 507.750000 -0.812500
v 0.187500 507.750000 -0.812500
v 0.187500 507.250000 -0.812500
v 0.812500 507.250000 -0.812500
v 0.187500 507.750000 -0.187500
v 0.812500 507.750000 -0.187500
v 0.812500 507.250000 -0.187500
v 0.187500 507.250000 -0.187500
v 0.187500 507.750000 -0.812500
v 0.187500 507.750000 -0.187500
v 0.187500 507.250000 -0.187500
v 0.187500 507.250000 -0.812500
v 0.812500 507.750000 -0.187500
v 0.812500 507.750000 -0.812500
v 0.812500 507.250000 -0.812500
v 0.812500 507.250000 -0.187500
v 1.000000 508.000000 -1.000000
v 0.000000 508.000000 -1.000000
v 0.000000 507.750000 -1.000000
v 1.000000 507.750000 -1.000000
v 0.000000 508.000000 0.000000
v 1.000000 508.000000 0.000000
v 1.000000 507.750000 0.000000
v 0.000000 507.750000 0.000000
v 0.000000 508.000000 -1.000000
v 0.000000 508.000000 0.000000
v 0.000000 507.750000 0.000000
v 0.000000 507.750000 -1.000000
v 1.000000 508.000000 0.000000
v 1.000000 508.000000 -1.000000
v 1.000000 507.750000 -1.000000
v 1.000000 507.750000 0.000000
v 0.000000 508.000000 -1.000000
v 1.000000 508.000000 -1.000000
v 1.000000 508.000000 0.000000
v 0.000000 508.000000 0.000000
v 0.000000 507.750000 0.000000
v 1.000000 507.750000 0.000000
v 1.000000 507.750000 -1.000000
v 0.000000 507.750000 -1.000000
v 1.500000 -0.750000 -1.125000
v -1.500000 -0.750000 -1.125000
v -1.500000 -1.000000 -1.125000
v 1.500000 -1.000000 -1.125000
v -1.500000 -0.750000 1.125000
v 1.500000 -0.750000 1.125000
v 1.500000 -1.000000 1.125000
v -1.500000 -1.000000 1.125000
v -1.500000 -0.750000 -1.125000
v -1.500000 -0.750000 1.125000
v -1.500000 -1.000000 1.125000
v -1.500000 -1.000000 -1.125000
v 1.500000 -0.750000 1.125000
v 1.500000 -0.750000 -1.125000
v 1.500000 -1.000000 -1.125000
v 1.500000 -1.000000 1.125000
v -1.500000 -0.750000 -1.125000
v 1.500000 -0.750000 -1.125000
v 1.500000 -0.750000 1.125000
v -1.500000 -0.750000 1.125000
v -1.500000 -1.000000 1.125000
v 1.500000 -1.000000 1.125000
v 1.500000 -1.000000 -1.125000
v -1.500000 -1.000000 -1.125000
v 1.125000 -0.750000 -1.500000
v -1.125000 -0.750000 -1.500000
v -1.125000 -1.000000 -1.500000
v 1.125000 -1.000000 -1.500000
v -1.125000 -0.750000 -1.125000
v 1.125000 -0.750000 -1.125000
v 1.125000 -1.000000 -1.125000
v -1.125000 -1.000000 -1.125000
v -1.125000 -0.750000 -1.500000
v -1.125000 -0.750000 -1.125000
v -1.125000 -1.000000 -1.125000
v -1.125000 -1.000000 -1.500000
v 1.125000 -0.750000 -1.125000
v 1.125000 -0.750000 -1.500000
v 1.125000 -1.000000 -1.500000
v 1.125000 -1.000000 -1.125000
v -1.125000 -0.750000 -1.500000
v 1.125000 -0.750000 -1.500000
v 1.125000 -0.750000 -1.125000
v -1.125000 -0.750000 -1.125000
v -1.125000 -1.000000 -1.125000
v 1.125000 -1.000000 -1.125000
v 1.125000 -1.000000 -1.500000
v -1.125000 -1.000000 -1.500000
v 1.125000 -0.750000 1.125000
v -1.125000 -0.750000 1.125000
v -1.125000 -1.000000 1.125000
v 1.125000 -1.000000 1.125000
v -1.125000 -0.750000 1.500000
v 1.125000 -0.750000 1.500000
v 1.125000 -1.000000 1.500000
v -1.125000 -1.000000 1.500000
v -1.125000 -0.750000 1.125000
v -1.125000 -0.750000 1.500000
v -1.125000 -1.000000 1.500000
v -1.125000 -1.000000 1.125000
v 1.125000 -0.750000 1.500000
v 1.125000 -0.750000 1.125000
v 1.125000 -1.000000 1.125000
v 1.125000 -1.000000 1.500000
v -1.125000 -0.750000 1.125000
v 1.125000 -0.750000 1.125000
v 1.125000 -0.750000 1.500000
v -1.125000 -0.750000 1.500000
v -1.125000 -1.000000 1.500000
v 1.125000 -1.000000 1.500000
v 1.125000 -1.000000 1.125000
v -1.125000 -1.000000 1.125000
v -1.125000 -0.750000 -1.375000
v -1.375000 -0.750000 -1.375000
v -1.375000 -1.000000 -1.375000
v -1.125000 -1.000000 -1.375000
v -1.375000 -0.750000 -1.125000
v -1.125000 -0.750000 -1.125000
v -1.125000 -1.000000 -1.125000
v -1.375000 -1.000000 -1.125000
v -1.375000 -0.750000 -1.375000
v -1.375000 -0.750000 -1.125000
v -1.375000 -1.000000 -1.125000
v -1.375000 -1.000000 -1.375000
v -1.125000 -0.750000 -1.125000
v -1.125000 -0.750000 -1.375000
v -1.125000 -1.000000 -1.375000
v -1.125000 -1.000000 -1.125000
v -1.375000 -1.000000 -1.125000
v -1.125000 -1.000000 -1.125000
v -1.125000 -1.000000 -1.375000
v -1.375000 -1.000000 -1.375000
v 1.375000 -0.750000 -1.375000
v 1.125000 -0.750000 -1.375000
v 1.125000 -1.000000 -1.375000
v 1.375000 -1.000000 -1.375000
v 1.125000 -0.750000 -1.125000
v 1.375000 -0.750000 -1.125000
v 1.375000 -1.000000 -1.125000
v 1.125000 -1.000000 -1.125000
v 1.125000 -0.750000 -1.375000
v 1.125000 -0.750000 -1.125000
v 1.125000 -1.000000 -1.125000
v 1.125000 -1.000000 -1.375000
v 1.375000 -0.750000 -1.125000
v 1.375000 -0.750000 -1.375000
v 1.375000 -1.000000 -1.375000
v 1.375000 -1.000000 -1.125000
v 1.125000 -1.000000 -1.125000
v 1.375000 -1.000000 -1.125000
v 1.375000 -1.000000 -1.375000
v 1.125000 -1.000000 -1.375000
v -1.125000 -0.750000 1.125000
v -1.375000 -0.750000 1.125000
v -1.375000 -1.000000 1.125000
v -1.125000 -1.000000 1.125000
v -1.375000 -0.750000 1.375000
v -1.125000 -0.750000 1.375000
v -1.125000 -1.000000 1.375000
v -1.375000 -1.000000 1.375000
v -1.375000 -0.750000 1.125000
v -1.375000 -0.750000 1.375000
v -1.375000 -1.000000 1.375000
v -1.375000 -1.000000 1.125000
v -1.125000 -0.750000 1.375000
v -1.125000 -0.750000 1.125000
v -1.125000 -1.000000 1.125000
v -1.125000 -1.000000 1.375000
v -1.375000 -1.000000 1.375000
v -1.125000 -1.000000 1.375000
v -1.125000 -1.000000 1.125000
v -1.375000 -1.000000 1.125000
v 1.375000 -0.750000 1.125000
v 1.125000 -0.750000 1.125000
v 1.125000 -1.000000 1.125000
v 1.375000 -1.000000 1.125000
v 1.125000 -0.750000 1.375000
v 1.375000 -0.750000 1.375000
v 1.375000 -1.000000 1.375000
v 1.125000 -1.000000 1.375000
v 1.125000 -0.750000 1.125000
v 1.125000 -0.750000 1.375000
v 1.125000 -1.000000 1.375000
v 1.125000 -1.000000 1.125000
v 1.375000 -0.750000 1.375000
v 1.375000 -0.750000 1.125000
v 1.375000 -1.000000 1.125000
v 1.375000 -1.000000 1.375000
v 1.125000 -1.000000 1.375000
v 1.375000 -1.000000 1.375000
v 1.375000 -1.000000 1.125000
v 1.125000 -1.000000 1.125000
v 1.500000 3.000000 -1.125000
v -1.500000 3.000000 -1.125000
v -1.500000 2.750000 -1.125000
v 1.500000 2.750000 -1.125000
v -1.500000 3.000000 1.125000
v 1.500000 3.000000 1.125000
v 1.500000 2.750000 1.125000
v -1.500000 2.750000 1.125000
v -1.500000 3.000000 -1.125000
v -1.500000 3.000000 1.125000
v -1.500000 2.750000 1.125000
v -1.500000 2.750000 -1.125000
v 1.500000 3.000000 1.125000
v 1.500000 3.000000 -1.125000
v 1.500000 2.750000 -1.125000
v 1.500000 2.750000 1.125000
v -1.500000 3.000000 -1.125000
v 1.500000 3.000000 -1.125000
v 1.500000 3.000000 1.125000
v -1.500000 3.000000 1.125000
v -1.500000 2.750000 1.125000
v 1.500000 2.750000 1.125000
v 1.500000 2.750000 -1.125000
v -1.500000 2.750000 -1.125000
v 1.125000 3.000000 -1.500000
v -1.125000 3.000000 -1.500000
v -1.125000 2.750000 -1.500000
v 1.125000 2.750000 -1.500000
v -1.125000 3.000000 -1.125000
v 1.125000 3.000000 -1.125000
v 1.125000 2.750000 -1.125000
v -1.125000 2.750000 -1.125000
v -1.125000 3.000000 -1.500000
v -1.125000 3.000000 -1.125000
v -1.125000 2.750000 -1.125000
v -1.125000 2.750000 -1.500000
v 1.125000 3.000000 -1.125000
v 1.125000 3.000000 -1.500000
v 1.125000 2.750000 -1.500000
v 1.125000 2.750000 -1.125000
v -1.125000 3.000000 -1.500000
v 1.125000 3.000000 -1.500000
v 1.125000 3.000000 -1.125000
v -1.125000 3.000000 -1.125000
v -1.125000 2.750000 -1.125000
v 1.125000 2.750000 -1.125000
v 1.125000 2.750000 -1.500000
v -1.125000 2.750000 -1.500000
v 1.125000 3.000000 1.125000
v -1.125000 3.000000 1.125000
v -1.125000 2.750000 1.125000
v 1.125000 2.750000 1.125000
v -1.125000 3.000000 1.500000
v 1.125000 3.000000 1.500000
v 1.125000 2.750000 1.500000
v -1.125000 2.750000 1.500000
v -1.125000 3.000000 1.125000
v -1.125000 3.000000 1.500000
v -1.125000 2.750000 1.500000
v -1.125000 2.750000 1.125000
v 1.125000 3.000000 1.500000
v 1.125000 3.000000 1.125000
v 1.125000 2.750000 1.125000
v 1.125000 2.750000 1.500000
v -1.125000 3.000000 1.125000
v 1.125000 3.000000 1.125000
v 1.125000 3.000000 1.500000
v -1.125000 3.000000 1.500000
v -1.125000 2.750000 1.500000
v 1.125000 2.750000 1.500000
v 1.125000 2.750000 1.125000
v -1.125000 2.750000 1.125000
v -1.125000 3.000000 -1.375000
v -1.375000 3.000000 -1.375000
v -1.375000 2.750000 -1.375000
v -1.125000 2.750000 -1.375000
v -1.375000 3.000000 -1.125000
v -1.125000 3.000000 -1.125000
v -1.125000 2.750000 -1.125000
v -1.375000 2.750000 -1.125000
v -1.375000 3.000000 -1.375000
v -1.375000 3.000000 -1.125000
v -1.375000 2.750000 -1.125000
v -1.375000 2.750000 -1.375000
v -1.125000 3.000000 -1.125000
v -1.125000 3.000000 -1.375000
v -1.125000 2.750000 -1.375000
v -1.125000 2.750000 -1.125000
v -1.375000 3.000000 -1.375000
v -1.125000 3.000000 -1.375000
v -1.125000 3.000000 -1.125000
v -1.375000 3.000000 -1.125000
v 1.375000 3.000000 -1.375000
v 1.125000 3.000000 -1.375000
v 1.125000 2.750000 -1.375000
v 1.375000 2.750000 -1.375000
v 1.125000 3.000000 -1.125000
v 1.375000 3.000000 -1.125000
v 1.375000 2.750000 -1.125000
v 1.125000 2.750000 -1.125000
v 1.125000 3.000000 -1.375000
v 1.125000 3.000000 -1.125000
v 1.125000 2.750000 -1.125000
v 1.125000 2.750000 -1.375000
v 1.375000 3.000000 -1.125000
v 1.375000 3.000000 -1.375000
v 1.375000 2.750000 -1.375000
v 1.375000 2.750000 -1.125000
v 1.125000 3.000000 -1.375000
v 1.375000 3.000000 -1.375000
v 1.375000 3.000000 -1.125000
v 1.125000 3.000000 -1.125000
v -1.125000 3.000000 1.125000
v -1.375000 3.000000 1.125000
v -1.375000 2.750000 1.125000
v -1.125000 2.750000 1.125000
v -1.375000 3.000000 1.375000
v -1.125000 3.000000 1.375000
v -1.125000 2.750000 1.375000
v -1.375000 2.750000 1.375000
v -1.375000 3.000000 1.125000
v -1.375000 3.000000 1.375000
v -1.375000 2.750000 1.375000
v -1.375000 2.750000 1.125000
v -1.125000 3.000000 1.375000
v -1.125000 3.000000 1.125000
v -1.125000 2.750000 1.125000
v -1.125000 2.750000 1.375000
v -1.375000 3.000000 1.125000
v -1.125000 3.000000 1.125000
v -1.125000 3.000000 1.375000
v -1.375000 3.000000 1.375000
v 1.375000 3.000000 1.125000
v 1.125000 3.000000 1.125000
v 1.125000 2.750000 1.125000
v 1.375000 2.750000 1.125000
v 1.125000 3.000000 1.375000
v 1.375000 3.000000 1.375000
v 1.375000 2.750000 1.375000
v 1.125000 2.750000 1.375000
v 1.125000 3.000000 1.125000
v 1.125000 3.000000 1.375000
v 1.125000 2.750000 1.375000
v 1.125000 2.750000 1.125000
v 1.375000 3.000000 1.375000
v 1.375000 3.000000 1.125000
v 1.375000 2.750000 1.125000
v 1.375000 2.750000 1.375000
v 1.125000 3.000000 1.125000
v 1.375000 3.000000 1.125000
v 1.375000 3.000000 1.375000
v 1.125000 3.000000 1.375000
v -1.125000 2.750000 -1.375000
v -1.375000 2.750000 -1.375000
v -1.375000 -0.750000 -1.375000
v -1.125000 -0.750000 -1.375000
v -1.375000 2.750000 -1.125000
v -1.125000 2.750000 -1.125000
v -1.125000 -0.750000 -1.125000
v -1.375000 -0.750000 -1.125000
v -1.375000 2.750000 -1.375000
v -1.375000 2.750000 -1.125000
v -1.375000 -0.750000 -1.125000
v -1.375000 -0.750000 -1.375000
v -1.125000 2.750000 -1.125000
v -1.125000 2.750000 -1.375000
v -1.125000 -0.750000 -1.375000
v -1.125000 -0.750000 -1.125000
v 1.375000 2.750000 -1.375000
v 1.125000 2.750000 -1.375000
v 1.125000 -0.750000 -1.375000
v 1.375000 -0.750000 -1.375000
v 1.125000 2.750000 -1.125000
v 1.375000 2.750000 -1.125000
v 1.375000 -0.750000 -1.125000
v 1.125000 -0.750000 -1.125000
v 1.125000 2.750000 -1.375000
v 1.125000 2.750000 -1.125000
v 1.125000 -0.750000 -1.125000
v 1.125000 -0.750000 -1.375000
v 1.375000 2.750000 -1.125000
v 1.375000 2.750000 -1.375000
v 1.375000 -0.750000 -1.375000
v 1.375000 -0.750000 -1.125000
v -1.125000 2.750000 1.125000
v -1.375000 2.750000 1.125000
v -1.375000 -0.750000 1.125000
v -1.125000 -0.750000 1.125000
v -1.375000 2.750000 1.375000
v -1.125000 2.750000 1.375000
v -1.125000 -0.750000 1.375000
v -1.375000 -0.750000 1.375000
v -1.375000 2.750000 1.125000
v -1.375000 2.750000 1.375000
v -1.375000 -0.750000 1.375000
v -1.375000 -0.750000 1.125000
v -1.125000 2.750000 1.375000
v -1.125000 2.750000 1.125000
v -1.125000 -0.750000 1.125000
v -1.125000 -0.750000 1.375000
v 1.375000 2.750000 1.125000
v 1.125000 2.750000 1.125000
v 1.125000 -0.750000 1.125000
v 1.375000 -0.750000 1.125000
v 1.125000 2.750000 1.375000
v 1.375000 2.750000 1.375000
v 1.375000 -0.750000 1.375000
v 1.125000 -0.750000 1.375000
v 1.125000 2.750000 1.125000
v 1.125000 2.750000 1.375000
v 1.125000 -0.750000 1.375000
v 1.125000 -0.750000 1.125000
v 1.375000 2.750000 1.375000
v 1.375000 2.750000 1.125000
v 1.375000 -0.750000 1.125000
v 1.375000 -0.750000 1.375000
v 1.125000 2.750000 1.250000
v -1.125000 2.750000 1.250000
v -1.125000 -0.750000 1.250000
v 1.125000 -0.750000 1.250000
v -1.125000 2.750000 1.500000
v 1.125000 2.750000 1.500000
v 1.125000 -0.750000 1.500000
v -1.125000 -0.750000 1.500000
v -1.125000 2.750000 1.250000
v -1.125000 2.750000 1.500000
v -1.125000 -0.750000 1.500000
v -1.125000 -0.750000 1.250000
v 1.125000 2.750000 1.500000
v 1.125000 2.750000 1.250000
v 1.125000 -0.750000 1.250000
v 1.125000 -0.750000 1.500000
v 1.125000 1.000000 -1.500000
v -1.125000 1.000000 -1.500000
v -1.125000 -0.750000 -1.500000
v 1.125000 -0.750000 -1.500000
v -1.125000 1.000000 -1.250000
v 1.125000 1.000000 -1.250000
v 1.125000 -0.750000 -1.250000
v -1.125000 -0.750000 -1.250000
v -1.125000 1.000000 -1.500000
v -1.125000 1.000000 -1.250000
v -1.125000 -0.750000 -1.250000
v -1.125000 -0.750000 -1.500000
v 1.125000 1.000000 -1.250000
v 1.125000 1.000000 -1.500000
v 1.125000 -0.750000 -1.500000
v 1.125000 -0.750000 -1.250000
v -1.125000 1.000000 -1.500000
v 1.125000 1.000000 -1.500000
v 1.125000 1.000000 -1.250000
v -1.125000 1.000000 -1.250000
v 1.125000 2.750000 -1.500000
v -1.125000 2.750000 -1.500000
v -1.125000 2.000000 -1.500000
v 1.125000 2.000000 -1.500000
v -1.125000 2.750000 -1.250000
v 1.125000 2.750000 -1.250000
v 1.125000 2.000000 -1.250000
v -1.125000 2.000000 -1.250000
v -1.125000 2.750000 -1.500000
v -1.125000 2.750000 -1.250000
v -1.125000 2.000000 -1.250000
v -1.125000 2.000000 -1.500000
v 1.125000 2.750000 -1.250000
v 1.125000 2.750000 -1.500000
v 1.125000 2.000000 -1.500000
v 1.125000 2.000000 -1.250000
v -1.125000 2.000000 -1.250000
v 1.125000 2.000000 -1.250000
v 1.125000 2.000000 -1.500000
v -1.125000 2.000000 -1.500000
v 1.125000 2.000000 -1.406250
v -1.125000 2.000000 -1.406250
v -1.125000 1.000000 -1.406250
v 1.125000 1.000000 -1.406250
v -1.125000 2.000000 -1.375000
v 1.125000 2.000000 -1.375000
v 1.125000 1.000000 -1.375000
v -1.125000 1.000000 -1.375000
v 1.500000 1.000000 -1.125000
v 1.250000 1.000000 -1.125000
v 1.250000 -0.750000 -1.125000
v 1.500000 -0.750000 -1.125000
v 1.250000 1.000000 1.125000
v 1.500000 1.000000 1.125000
v 1.500000 -0.750000 1.125000
v 1.250000 -0.750000 1.125000
v 1.250000 1.000000 -1.125000
v 1.250000 1.000000 1.125000
v 1.250000 -0.750000 1.125000
v 1.250000 -0.750000 -1.125000
v 1.500000 1.000000 1.125000
v 1.500000 1.000000 -1.125000
v 1.500000 -0.750000 -1.125000
v 1.500000 -0.750000 1.125000
v 1.250000 1.000000 -1.125000
v 1.500000 1.000000 -1.125000
v 1.500000 1.000000 1.125000
v 1.250000 1.000000 1.125000
v 1.500000 2.750000 -1.125000
v 1.250000 2.750000 -1.125000
v 1.250000 2.000000 -1.125000
v 1.500000 2.000000 -1.125000
v 1.250000 2.750000 1.125000
v 1.500000 2.750000 1.125000
v 1.500000 2.000000 1.125000
v 1.250000 2.000000 1.125000
v 1.250000 2.750000 -1.125000
v 1.250000 2.750000 1.125000
v 1.250000 2.000000 1.125000
v 1.250000 2.000000 -1.125000
v 1.500000 2.750000 1.125000
v 1.500000 2.750000 -1.125000
v 1.500000 2.000000 -1.125000
v 1.500000 2.000000 1.125000
v 1.250000 2.000000 1.125000
v 1.500000 2.000000 1.125000
v 1.500000 2.000000 -1.125000
v 1.250000 2.000000 -1.125000
v 1.375000 2.000000 -1.125000
v 1.375000 2.000000 1.125000
v 1.375000 1.000000 1.125000
v 1.375000 1.000000 -1.125000
v 1.406250 2.000000 1.125000
v 1.406250 2.000000 -1.125000
v 1.406250 1.000000 -1.125000
v 1.406250 1.000000 1.125000
v -1.250000 2.750000 -1.125000
v -1.500000 2.750000 -1.125000
v -1.500000 -0.750000 -1.125000
v -1.250000 -0.750000 -1.125000
v -1.500000 2.750000 -0.562500
v -1.250000 2.750000 -0.562500
v -1.250000 -0.750000 -0.562500
v -1.500000 -0.750000 -0.562500
v -1.500000 2.750000 -1.125000
v -1.500000 2.750000 -0.562500
v -1.500000 -0.750000 -0.562500
v -1.500000 -0.750000 -1.125000
v -1.250000 2.750000 -0.562500
v -1.250000 2.750000 -1.125000
v -1.250000 -0.750000 -1.125000
v -1.250000 -0.750000 -0.562500
v -1.250000 2.750000 0.562500
v -1.500000 2.750000 0.562500
v -1.500000 -0.750000 0.562500
v -1.250000 -0.750000 0.562500
v -1.500000 2.750000 1.125000
v -1.250000 2.750000 1.125000
v -1.250000 -0.750000 1.125000
v -1.500000 -0.750000 1.125000
v -1.500000 2.750000 0.562500
v -1.500000 2.750000 1.125000
v -1.500000 -0.750000 1.125000
v -1.500000 -0.750000 0.562500
v -1.250000 2.750000 1.125000
v -1.250000 2.750000 0.562500
v -1.250000 -0.750000 0.562500
v -1.250000 -0.750000 1.125000
v 1.250000 -0.125000 -0.625000
v 0.500000 -0.125000 -0.625000
v 0.500000 -0.750000 -0.625000
v 1.250000 -0.750000 -0.625000
v 0.500000 -0.125000 0.625000
v 1.250000 -0.125000 0.625000
v 1.250000 -0.750000 0.625000
v 0.500000 -0.750000 0.625000
v 0.500000 -0.125000 -0.625000
v 0.500000 -0.125000 0.625000
v 0.500000 -0.750000 0.625000
v 0.500000 -0.750000 -0.625000
v 0.500000 -0.125000 -0.625000
v 1.250000 -0.125000 -0.625000
v 1.250000 -0.125000 0.625000
v 0.500000 -0.125000 0.625000
v 1.250000 0.875000 -0.625000
v 1.000000 0.875000 -0.625000
v 1.000000 -0.125000 -0.625000
v 1.250000 -0.125000 -0.625000
v 1.000000 0.875000 0.625000
v 1.250000 0.875000 0.625000
v 1.250000 -0.125000 0.625000
v 1.000000 -0.125000 0.625000
v 1.000000 0.875000 -0.625000
v 1.000000 0.875000 0.625000
v 1.000000 -0.125000 0.625000
v 1.000000 -0.125000 -0.625000
v 1.000000 0.875000 -0.625000
v 1.250000 0.875000 -0.625000
v 1.250000 0.875000 0.625000
v 1.000000 0.875000 0.625000
v 1.000000 -0.125000 0.625000
v 1.250000 -0.125000 0.625000
v 1.250000 -0.125000 -0.625000
v 1.000000 -0.125000 -0.625000
v -1.000000 0.875000 -0.875000
v 0.125000 0.875000 -0.875000
v 0.125000 0.500000 -0.875000
v -1.000000 0.500000 -0.875000
v -1.000000 0.875000 -1.250000
v -1.000000 0.875000 -0.875000
v -1.000000 0.500000 -0.875000
v -1.000000 0.500000 -1.250000
v 0.125000 0.875000 -0.875000
v 0.125000 0.875000 -1.250000
v 0.125000 0.500000 -1.250000
v 0.125000 0.500000 -0.875000
v -1.000000 0.875000 -1.250000
v 0.125000 0.875000 -1.250000
v 0.125000 0.875000 -0.875000
v -1.000000 0.875000 -0.875000
v -1.000000 0.500000 -0.875000
v 0.125000 0.500000 -0.875000
v 0.125000 0.500000 -1.250000
v -1.000000 0.500000 -1.250000
v 0.250000 2.750000 -0.250000
v -0.250000 2.750000 -0.250000
v -0.250000 2.625000 -0.250000
v 0.250000 2.625000 -0.250000
v -0.250000 2.750000 0.250000
v 0.250000 2.750000 0.250000
v 0.250000 2.625000 0.250000
v -0.250000 2.625000 0.250000
v -0.250000 2.750000 -0.250000
v -0.250000 2.750000 0.250000
v -0.250000 2.625000 0.250000
v -0.250000 2.625000 -0.250000
v 0.250000 2.750000 0.250000
v 0.250000 2.750000 -0.250000
v 0.250000 2.625000 -0.250000
v 0.250000 2.625000 0.250000
v -0.250000 2.625000 0.250000
v 0.250000 2.625000 0.250000
v 0.250000 2.625000 -0.250000
v -0.250000 2.625000 -0.250000
v 1.125000 1.000000 -1.531250
v -1.125000 1.000000 -1.531250
v -1.125000 0.875000 -1.531250
v 1.125000 0.875000 -1.531250
v -1.125000 1.000000 -1.531250
v -1.125000 1.000000 -1.500000
v -1.125000 0.875000 -1.500000
v -1.125000 0.875000 -1.531250
v 1.125000 1.000000 -1.500000
v 1.125000 1.000000 -1.531250
v 1.125000 0.875000 -1.531250
v 1.125000 0.875000 -1.500000
v -1.125000 1.000000 -1.531250
v 1.125000 1.000000 -1.531250
v 1.125000 1.000000 -1.500000
v -1.125000 1.000000 -1.500000
v -1.125000 0.875000 -1.500000
v 1.125000 0.875000 -1.500000
v 1.125000 0.875000 -1.531250
v -1.125000 0.875000 -1.531250
v 1.531250 1.000000 -1.125000
v 1.500000 1.000000 -1.125000
v 1.500000 0.875000 -1.125000
v 1.531250 0.875000 -1.125000
v 1.500000 1.000000 1.125000
v 1.531250 1.000000 1.125000
v 1.531250 0.875000 1.125000
v 1.500000 0.875000 1.125000
v 1.531250 1.000000 1.125000
v 1.531250 1.000000 -1.125000
v 1.531250 0.875000 -1.125000
v 1.531250 0.875000 1.125000
v 1.500000 1.000000 -1.125000
v 1.531250 1.000000 -1.125000
v 1.531250 1.000000 1.125000
v 1.500000 1.000000 1.125000
v 1.500000 0.875000 1.125000
v 1.531250 0.875000 1.125000
v 1.531250 0.875000 -1.125000
v 1.500000 0.875000 -1.125000
v -0.500000 3.000000 1.625000
v 0.500000 3.000000 1.625000
v 0.500000 0.000000 1.625000
v -0.500000 0.000000 1.625000
v -0.500000 3.000000 1.500000
v -0.500000 3.000000 1.625000
v -0.500000 0.000000 1.625000
v -0.500000 0.000000 1.500000
v 0.500000 3.000000 1.625000
v 0.500000 3.000000 1.500000
v 0.500000 0.000000 1.500000
v 0.500000 0.000000 1.625000
v -0.500000 3.000000 1.500000
v 0.500000 3.000000 1.500000
v 0.500000 3.000000 1.625000
v -0.500000 3.000000 1.625000
v -0.500000 0.000000 1.625000
v 0.500000 0.000000 1.625000
v 0.500000 0.000000 1.500000
v -0.500000 0.000000 1.500000
v 0.375000 0.875000 1.625000
v -0.375000 0.875000 1.625000
v -0.375000 0.125000 1.625000
v 0.375000 0.125000 1.625000
v -0.375000 0.875000 2.375000
v 0.375000 0.875000 2.375000
v 0.375000 0.125000 2.375000
v -0.375000 0.125000 2.375000
v -0.375000 0.875000 1.625000
v -0.375000 0.875000 2.375000
v -0.375000 0.125000 2.375000
v -0.375000 0.125000 1.625000
v 0.375000 0.875000 2.375000
v 0.375000 0.875000 1.625000
v 0.375000 0.125000 1.625000
v 0.375000 0.125000 2.375000
v -0.375000 0.875000 1.625000
v 0.375000 0.875000 1.625000
v 0.375000 0.875000 2.375000
v -0.375000 0.875000 2.375000
v -0.375000 0.125000 2.375000
v 0.375000 0.125000 2.375000
v 0.375000 0.125000 1.625000
v -0.375000 0.125000 1.625000
v 0.375000 2.875000 1.625000
v -0.375000 2.875000 1.625000
v -0.375000 2.125000 1.625000
v 0.375000 2.125000 1.625000
v -0.375000 2.875000 2.375000
v 0.375000 2.875000 2.375000
v 0.375000 2.125000 2.375000
v -0.375000 2.125000 2.375000
v -0.375000 2.875000 1.625000
v -0.375000 2.875000 2.375000
v -0.375000 2.125000 2.375000
v -0.375000 2.125000 1.625000
v 0.375000 2.875000 2.375000
v 0.375000 2.875000 1.625000
v 0.375000 2.125000 1.625000
v 0.375000 2.125000 2.375000
v -0.375000 2.875000 1.625000
v 0.375000 2.875000 1.625000
v 0.375000 2.875000 2.375000
v -0.375000 2.875000 2.375000
v -0.375000 2.125000 2.375000
v 0.375000 2.125000 2.375000
v 0.375000 2.125000 1.625000
v -0.375000 2.125000 1.625000
v 0.187500 3.031250 -0.187500
v -0.187500 3.031250 -0.187500
v -0.187500 3.000000 -0.187500
v 0.187500 3.000000 -0.187500
v -0.187500 3.031250 0.187500
v 0.187500 3.031250 0.187500
v 0.187500 3.000000 0.187500
v -0.187500 3.000000 0.187500
v -0.187500 3.031250 -0.187500
v -0.187500 3.031250 0.187500
v -0.187500 3.000000 0.187500
v -0.187500 3.000000 -0.187500
v 0.187500 3.031250 0.187500
v 0.187500 3.031250 -0.187500
v 0.187500 3.000000 -0.187500
v 0.187500 3.000000 0.187500
v -0.187500 3.031250 -0.187500
v 0.187500 3.031250 -0.187500
v 0.187500 3.031250 0.187500
v -0.187500 3.031250 0.187500
v -1.312500 2.750000 -0.562500
v -1.500000 2.750000 -0.562500
v -1.500000 -0.750000 -0.562500
v -1.312500 -0.750000 -0.562500
v -1.500000 2.750000 0.562500
v -1.312500 2.750000 0.562500
v -1.312500 -0.750000 0.562500
v -1.500000 -0.750000 0.562500
v -1.500000 2.750000 -0.562500
v -1.500000 2.750000 0.562500
v -1.500000 -0.750000 0.562500
v -1.500000 -0.750000 -0.562500
v -1.312500 2.750000 0.562500
v -1.312500 2.750000 -0.562500
v -1.312500 -0.750000 -0.562500
v -1.312500 -0.750000 0.562500
v -1.500000 2.750000 -0.562500
v -1.312500 2.750000 -0.562500
v -1.312500 2.750000 0.562500
v -1.500000 2.750000 0.562500
v -1.500000 -0.750000 0.562500
v -1.312500 -0.750000 0.562500
v -1.312500 -0.750000 -0.562500
v -1.500000 -0.750000 -0.562500
v -1.500000 2.250000 -0.312500
v -1.531250 2.250000 -0.312500
v -1.531250 1.500000 -0.312500
v -1.500000 1.500000 -0.312500
v -1.531250 2.250000 0.312500
v -1.500000 2.250000 0.312500
v -1.500000 1.500000 0.312500
v -1.531250 1.500000 0.312500
v -1.531250 2.250000 -0.312500
v -1.531250 2.250000 0.312500
v -1.531250 1.500000 0.312500
v -1.531250 1.500000 -0.312500
v -1.531250 2.250000 -0.312500
v -1.500000 2.250000 -0.312500
v -1.500000 2.250000 0.312500
v -1.531250 2.250000 0.312500
v -1.531250 1.500000 0.312500
v -1.500000 1.500000 0.312500
v -1.500000 1.500000 -0.312500
v -1.531250 1.500000 -0.312500
v -1.500000 1.000000 0.250000
v -1.562500 1.000000 0.250000
v -1.562500 0.625000 0.250000
v -1.500000 0.625000 0.250000
v -1.562500 1.000000 0.375000
v -1.500000 1.000000 0.375000
v -1.500000 0.625000 0.375000
v -1.562500 0.625000 0.375000
v -1.562500 1.000000 0.250000
v -1.562500 1.000000 0.375000
v -1.562500 0.625000 0.375000
v -1.562500 0.625000 0.250000
v -1.562500 1.000000 0.250000
v -1.500000 1.000000 0.250000
v -1.500000 1.000000 0.375000
v -1.562500 1.000000 0.375000
v -1.562500 0.625000 0.375000
v -1.500000 0.625000 0.375000
v -1.500000 0.625000 0.250000
v -1.562500 0.625000 0.250000
v 1.500000 1.000000 -1.504000
v 1.500000 0.500000 -1.504000
v -0.500000 0.500000 -1.504000
v -0.500000 1.000000 -1.504000
v 1.504000 1.000000 0.500000
v 1.504000 0.500000 0.500000
v 1.504000 0.500000 -1.500000
v 1.504000 1.000000 -1.500000
v -1.125000 1.004000 -1.500000
v -1.125000 1.004000 -1.250000
v 1.125000 1.004000 -1.250000
v 1.125000 1.004000 -1.500000
v 1.250000 1.004000 -1.125000
v 1.250000 1.004000 1.125000
v 1.500000 1.004000 1.125000
v 1.500000 1.004000 -1.125000
v -1.004000 0.875000 -1.250000
v -1.004000 0.500000 -1.250000
v -1.004000 0.500000 -0.875000
v -1.004000 0.875000 -0.875000
vt 0.441406 0.484375
vt 0.722656 0.484375
vt 0.722656 0.453125
vt 0.441406 0.453125
vt 0.441406 0.484375
vt 0.722656 0.484375
vt 0.722656 0.453125
vt 0.441406 0.453125
vt 0.722656 0.484375
vt 0.910156 0.484375
vt 0.910156 0.453125
vt 0.722656 0.453125
vt 0.722656 0.484375
vt 0.910156 0.484375
vt 0.910156 0.453125
vt 0.722656 0.453125
vt 0.000000 1.000000
vt 0.281250 1.000000
vt 0.281250 0.625000
vt 0.000000 0.625000
vt 0.722656 0.484375
vt 0.910156 0.484375
vt 0.910156 0.453125
vt 0.722656 0.453125
vt 0.722656 0.484375
vt 0.910156 0.484375
vt 0.910156 0.453125
vt 0.722656 0.453125
vt 0.203125 0.437500
vt 0.250000 0.437500
vt 0.250000 0.406250
vt 0.203125 0.406250
vt 0.203125 0.437500
vt 0.250000 0.437500
vt 0.250000 0.406250
vt 0.203125 0.406250
vt 0.441406 0.625000
vt 0.628906 0.625000
vt 0.628906 0.531250
vt 0.441406 0.531250
vt 0.722656 0.484375
vt 0.910156 0.484375
vt 0.910156 0.453125
vt 0.722656 0.453125
vt 0.722656 0.484375
vt 0.910156 0.484375
vt 0.910156 0.453125
vt 0.722656 0.453125
vt 0.203125 0.437500
vt 0.250000 0.437500
vt 0.250000 0.406250
vt 0.203125 0.406250
vt 0.203125 0.437500
vt 0.250000 0.437500
vt 0.250000 0.406250
vt 0.203125 0.406250
vt 0.441406 0.625000
vt 0.628906 0.625000
vt 0.628906 0.531250
vt 0.441406 0.531250
vt 0.546875 0.406250
vt 0.578125 0.406250
vt 0.578125 0.390625
vt 0.546875 0.390625
vt 0.546875 0.406250
vt 0.578125 0.406250
vt 0.578125 0.390625
vt 0.546875 0.390625
vt 0.546875 0.406250
vt 0.578125 0.406250
vt 0.578125 0.390625
vt 0.546875 0.390625
vt 0.546875 0.406250
vt 0.578125 0.406250
vt 0.578125 0.390625
vt 0.546875 0.390625
vt 0.783203 0.625000
vt 0.814453 0.625000
vt 0.814453 0.562500
vt 0.783203 0.562500
vt 0.908203 0.625000
vt 0.935547 0.625000
vt 0.935547 0.562500
vt 0.908203 0.562500
vt 0.908203 0.625000
vt 0.935547 0.625000
vt 0.935547 0.562500
vt 0.908203 0.562500
vt 0.908203 0.625000
vt 0.935547 0.625000
vt 0.935547 0.562500
vt 0.908203 0.562500
vt 0.908203 0.625000
vt 0.935547 0.625000
vt 0.935547 0.562500
vt 0.908203 0.562500
vt 0.578125 0.406250
vt 0.609375 0.406250
vt 0.609375 0.390625
vt 0.578125 0.390625
vt 0.578125 0.406250
vt 0.609375 0.406250
vt 0.609375 0.390625
vt 0.578125 0.390625
vt 0.578125 0.406250
vt 0.609375 0.406250
vt 0.609375 0.390625
vt 0.578125 0.390625
vt 0.578125 0.406250
vt 0.609375 0.406250
vt 0.609375 0.390625
vt 0.578125 0.390625
vt 0.814453 0.625000
vt 0.845703 0.625000
vt 0.845703 0.562500
vt 0.814453 0.562500
vt 0.845703 0.625000
vt 0.876953 0.625000
vt 0.876953 0.562500
vt 0.845703 0.562500
vt 0.457031 0.390625
vt 0.464844 0.390625
vt 0.464844 0.386719
vt 0.457031 0.386719
vt 0.457031 0.390625
vt 0.464844 0.390625
vt 0.464844 0.386719
vt 0.457031 0.386719
vt 0.457031 0.390625
vt 0.464844 0.390625
vt 0.464844 0.386719
vt 0.457031 0.386719
vt 0.457031 0.390625
vt 0.464844 0.390625
vt 0.464844 0.386719
vt 0.457031 0.386719
vt 0.761719 0.406250
vt 0.769531 0.406250
vt 0.769531 0.390625
vt 0.761719 0.390625
vt 0.546875 0.406250
vt 0.578125 0.406250
vt 0.578125 0.390625
vt 0.546875 0.390625
vt 0.546875 0.406250
vt 0.578125 0.406250
vt 0.578125 0.390625
vt 0.546875 0.390625
vt 0.546875 0.406250
vt 0.578125 0.406250
vt 0.578125 0.390625
vt 0.546875 0.390625
vt 0.546875 0.406250
vt 0.578125 0.406250
vt 0.578125 0.390625
vt 0.546875 0.390625
vt 0.783203 0.625000
vt 0.814453 0.625000
vt 0.814453 0.562500
vt 0.783203 0.562500
vt 0.908203 0.625000
vt 0.935547 0.625000
vt 0.935547 0.562500
vt 0.908203 0.562500
vt 0.908203 0.625000
vt 0.935547 0.625000
vt 0.935547 0.562500
vt 0.908203 0.562500
vt 0.908203 0.625000
vt 0.935547 0.625000
vt 0.935547 0.562500
vt 0.908203 0.562500
vt 0.908203 0.625000
vt 0.935547 0.625000
vt 0.935547 0.562500
vt 0.908203 0.562500
vt 0.578125 0.406250
vt 0.609375 0.406250
vt 0.609375 0.390625
vt 0.578125 0.390625
vt 0.578125 0.406250
vt 0.609375 0.406250
vt 0.609375 0.390625
vt 0.578125 0.390625
vt 0.578125 0.406250
vt 0.609375 0.406250
vt 0.609375 0.390625
vt 0.578125 0.390625
vt 0.578125 0.406250
vt 0.609375 0.406250
vt 0.609375 0.390625
vt 0.578125 0.390625
vt 0.814453 0.625000
vt 0.845703 0.625000
vt 0.845703 0.562500
vt 0.814453 0.562500
vt 0.845703 0.625000
vt 0.876953 0.625000
vt 0.876953 0.562500
vt 0.845703 0.562500
vt 0.457031 0.390625
vt 0.464844 0.390625
vt 0.464844 0.386719
vt 0.457031 0.386719
vt 0.457031 0.390625
vt 0.464844 0.390625
vt 0.464844 0.386719
vt 0.457031 0.386719
vt 0.457031 0.390625
vt 0.464844 0.390625
vt 0.464844 0.386719
vt 0.457031 0.386719
vt 0.457031 0.390625
vt 0.464844 0.390625
vt 0.464844 0.386719
vt 0.457031 0.386719
vt 0.761719 0.406250
vt 0.769531 0.406250
vt 0.769531 0.390625
vt 0.761719 0.390625
vt 0.546875 0.406250
vt 0.578125 0.406250
vt 0.578125 0.390625
vt 0.546875 0.390625
vt 0.546875 0.406250
vt 0.578125 0.406250
vt 0.578125 0.390625
vt 0.546875 0.390625
vt 0.546875 0.406250
vt 0.578125 0.406250
vt 0.578125 0.390625
vt 0.546875 0.390625
vt 0.546875 0.406250
vt 0.578125 0.406250
vt 0.578125 0.390625
vt 0.546875 0.390625
vt 0.783203 0.625000
vt 0.814453 0.625000
vt 0.814453 0.562500
vt 0.783203 0.562500
vt 0.908203 0.625000
vt 0.935547 0.625000
vt 0.935547 0.562500
vt 0.908203 0.562500
vt 0.908203 0.625000
vt 0.935547 0.625000
vt 0.935547 0.562500
vt 0.908203 0.562500
vt 0.908203 0.625000
vt 0.935547 0.625000
vt 0.935547 0.562500
vt 0.908203 0.562500
vt 0.908203 0.625000
vt 0.935547 0.625000
vt 0.935547 0.562500
vt 0.908203 0.562500
vt 0.578125 0.406250
vt 0.609375 0.406250
vt 0.609375 0.390625
vt 0.578125 0.390625
vt 0.578125 0.406250
vt 0.609375 0.406250
vt 0.609375 0.390625
vt 0.578125 0.390625
vt 0.578125 0.406250
vt 0.609375 0.406250
vt 0.609375 0.390625
vt 0.578125 0.390625
vt 0.578125 0.406250
vt 0.609375 0.406250
vt 0.609375 0.390625
vt 0.578125 0.390625
vt 0.814453 0.625000
vt 0.845703 0.625000
vt 0.845703 0.562500
vt 0.814453 0.562500
vt 0.845703 0.625000
vt 0.876953 0.625000
vt 0.876953 0.562500
vt 0.845703 0.562500
vt 0.457031 0.390625
vt 0.464844 0.390625
vt 0.464844 0.386719
vt 0.457031 0.386719
vt 0.457031 0.390625
vt 0.464844 0.390625
vt 0.464844 0.386719
vt 0.457031 0.386719
vt 0.457031 0.390625
vt 0.464844 0.390625
vt 0.464844 0.386719
vt 0.457031 0.386719
vt 0.457031 0.390625
vt 0.464844 0.390625
vt 0.464844 0.386719
vt 0.457031 0.386719
vt 0.761719 0.406250
vt 0.769531 0.406250
vt 0.769531 0.390625
vt 0.761719 0.390625
vt 0.546875 0.406250
vt 0.578125 0.406250
vt 0.578125 0.390625
vt 0.546875 0.390625
vt 0.546875 0.406250
vt 0.578125 0.406250
vt 0.578125 0.390625
vt 0.546875 0.390625
vt 0.546875 0.406250
vt 0.578125 0.406250
vt 0.578125 0.390625
vt 0.546875 0.390625
vt 0.546875 0.406250
vt 0.578125 0.406250
vt 0.578125 0.390625
vt 0.546875 0.390625
vt 0.783203 0.625000
vt 0.814453 0.625000
vt 0.814453 0.562500
vt 0.783203 0.562500
vt 0.908203 0.625000
vt 0.935547 0.625000
vt 0.935547 0.562500
vt 0.908203 0.562500
vt 0.908203 0.625000
vt 0.935547 0.625000
vt 0.935547 0.562500
vt 0.908203 0.562500
vt 0.908203 0.625000
vt 0.935547 0.625000
vt 0.935547 0.562500
vt 0.908203 0.562500
vt 0.908203 0.625000
vt 0.935547 0.625000
vt 0.935547 0.562500
vt 0.908203 0.562500
vt 0.578125 0.406250
vt 0.609375 0.406250
vt 0.609375 0.390625
vt 0.578125 0.390625
vt 0.578125 0.406250
vt 0.609375 0.406250
vt 0.609375 0.390625
vt 0.578125 0.390625
vt 0.578125 0.406250
vt 0.609375 0.406250
vt 0.609375 0.390625
vt 0.578125 0.390625
vt 0.578125 0.406250
vt 0.609375 0.406250
vt 0.609375 0.390625
vt 0.578125 0.390625
vt 0.814453 0.625000
vt 0.845703 0.625000
vt 0.845703 0.562500
vt 0.814453 0.562500
vt 0.845703 0.625000
vt 0.876953 0.625000
vt 0.876953 0.562500
vt 0.845703 0.562500
vt 0.457031 0.390625
vt 0.464844 0.390625
vt 0.464844 0.386719
vt 0.457031 0.386719
vt 0.457031 0.390625
vt 0.464844 0.390625
vt 0.464844 0.386719
vt 0.457031 0.386719
vt 0.457031 0.390625
vt 0.464844 0.390625
vt 0.464844 0.386719
vt 0.457031 0.386719
vt 0.457031 0.390625
vt 0.464844 0.390625
vt 0.464844 0.386719
vt 0.457031 0.386719
vt 0.761719 0.406250
vt 0.769531 0.406250
vt 0.769531 0.390625
vt 0.761719 0.390625
vt 0.910156 0.484375
vt 0.972656 0.484375
vt 0.972656 0.453125
vt 0.910156 0.453125
vt 0.910156 0.484375
vt 0.972656 0.484375
vt 0.972656 0.453125
vt 0.910156 0.453125
vt 0.910156 0.484375
vt 0.972656 0.484375
vt 0.972656 0.453125
vt 0.910156 0.453125
vt 0.910156 0.484375
vt 0.972656 0.484375
vt 0.972656 0.453125
vt 0.910156 0.453125
vt 0.925781 1.000000
vt 0.988281 1.000000
vt 0.988281 0.875000
vt 0.925781 0.875000
vt 0.281250 0.390625
vt 0.375000 0.390625
vt 0.375000 0.386719
vt 0.281250 0.386719
vt 0.281250 0.390625
vt 0.375000 0.390625
vt 0.375000 0.386719
vt 0.281250 0.386719
vt 0.281250 0.390625
vt 0.375000 0.390625
vt 0.375000 0.386719
vt 0.281250 0.386719
vt 0.281250 0.390625
vt 0.375000 0.390625
vt 0.375000 0.386719
vt 0.281250 0.386719
vt 0.564453 1.000000
vt 0.658203 1.000000
vt 0.658203 0.812500
vt 0.564453 0.812500
vt 0.816406 0.437500
vt 0.824219 0.437500
vt 0.824219 0.414062
vt 0.816406 0.414062
vt 0.816406 0.437500
vt 0.824219 0.437500
vt 0.824219 0.414062
vt 0.816406 0.414062
vt 0.632812 0.437500
vt 0.679688 0.437500
vt 0.679688 0.414062
vt 0.632812 0.414062
vt 0.632812 0.437500
vt 0.679688 0.437500
vt 0.679688 0.414062
vt 0.632812 0.414062
vt 0.628906 0.625000
vt 0.636719 0.625000
vt 0.636719 0.531250
vt 0.628906 0.531250
vt 0.816406 0.437500
vt 0.824219 0.437500
vt 0.824219 0.414062
vt 0.816406 0.414062
vt 0.816406 0.437500
vt 0.824219 0.437500
vt 0.824219 0.414062
vt 0.816406 0.414062
vt 0.632812 0.437500
vt 0.679688 0.437500
vt 0.679688 0.414062
vt 0.632812 0.414062
vt 0.632812 0.437500
vt 0.679688 0.437500
vt 0.679688 0.414062
vt 0.632812 0.414062
vt 0.628906 0.625000
vt 0.636719 0.625000
vt 0.636719 0.531250
vt 0.628906 0.531250
vt 0.750000 0.437500
vt 0.781250 0.437500
vt 0.781250 0.414062
vt 0.750000 0.414062
vt 0.750000 0.437500
vt 0.781250 0.437500
vt 0.781250 0.414062
vt 0.750000 0.414062
vt 0.824219 0.437500
vt 0.832031 0.437500
vt 0.832031 0.414062
vt 0.824219 0.414062
vt 0.824219 0.437500
vt 0.832031 0.437500
vt 0.832031 0.414062
vt 0.824219 0.414062
vt 0.609375 0.406250
vt 0.640625 0.406250
vt 0.640625 0.390625
vt 0.609375 0.390625
vt 0.750000 0.437500
vt 0.781250 0.437500
vt 0.781250 0.414062
vt 0.750000 0.414062
vt 0.750000 0.437500
vt 0.781250 0.437500
vt 0.781250 0.414062
vt 0.750000 0.414062
vt 0.824219 0.437500
vt 0.832031 0.437500
vt 0.832031 0.414062
vt 0.824219 0.414062
vt 0.824219 0.437500
vt 0.832031 0.437500
vt 0.832031 0.414062
vt 0.824219 0.414062
vt 0.609375 0.406250
vt 0.640625 0.406250
vt 0.640625 0.390625
vt 0.609375 0.390625
vt 0.906250 0.406250
vt 1.000000 0.406250
vt 1.000000 0.394531
vt 0.906250 0.394531
vt 0.906250 0.406250
vt 1.000000 0.406250
vt 1.000000 0.394531
vt 0.906250 0.394531
vt 0.000000 0.390625
vt 0.015625 0.390625
vt 0.015625 0.378906
vt 0.000000 0.378906
vt 0.000000 0.390625
vt 0.015625 0.390625
vt 0.015625 0.378906
vt 0.000000 0.378906
vt 0.109375 0.437500
vt 0.203125 0.437500
vt 0.203125 0.406250
vt 0.109375 0.406250
vt 0.796875 0.406250
vt 0.906250 0.406250
vt 0.906250 0.394531
vt 0.796875 0.394531
vt 0.796875 0.406250
vt 0.906250 0.406250
vt 0.906250 0.394531
vt 0.796875 0.394531
vt 0.000000 0.390625
vt 0.015625 0.390625
vt 0.015625 0.378906
vt 0.000000 0.378906
vt 0.000000 0.390625
vt 0.015625 0.390625
vt 0.015625 0.378906
vt 0.000000 0.378906
vt 0.000000 0.437500
vt 0.109375 0.437500
vt 0.109375 0.406250
vt 0.000000 0.406250
vt 0.000000 0.390625
vt 0.015625 0.390625
vt 0.015625 0.378906
vt 0.000000 0.378906
vt 0.000000 0.390625
vt 0.015625 0.390625
vt 0.015625 0.378906
vt 0.000000 0.378906
vt 0.906250 0.406250
vt 1.000000 0.406250
vt 1.000000 0.394531
vt 0.906250 0.394531
vt 0.906250 0.406250
vt 1.000000 0.406250
vt 1.000000 0.394531
vt 0.906250 0.394531
vt 0.751953 1.000000
vt 0.767578 1.000000
vt 0.767578 0.812500
vt 0.751953 0.812500
vt 0.000000 0.390625
vt 0.015625 0.390625
vt 0.015625 0.378906
vt 0.000000 0.378906
vt 0.000000 0.390625
vt 0.015625 0.390625
vt 0.015625 0.378906
vt 0.000000 0.378906
vt 0.906250 0.406250
vt 1.000000 0.406250
vt 1.000000 0.394531
vt 0.906250 0.394531
vt 0.906250 0.406250
vt 1.000000 0.406250
vt 1.000000 0.394531
vt 0.906250 0.394531
vt 0.751953 1.000000
vt 0.767578 1.000000
vt 0.767578 0.812500
vt 0.751953 0.812500
vt 0.792969 0.406250
vt 0.796875 0.406250
vt 0.796875 0.390625
vt 0.792969 0.390625
vt 0.792969 0.406250
vt 0.796875 0.406250
vt 0.796875 0.390625
vt 0.792969 0.390625
vt 0.722656 0.406250
vt 0.738281 0.406250
vt 0.738281 0.390625
vt 0.722656 0.390625
vt 0.722656 0.406250
vt 0.738281 0.406250
vt 0.738281 0.390625
vt 0.722656 0.390625
vt 0.992188 0.484375
vt 0.996094 0.484375
vt 0.996094 0.453125
vt 0.992188 0.453125
vt 0.722656 0.406250
vt 0.738281 0.406250
vt 0.738281 0.390625
vt 0.722656 0.390625
vt 0.722656 0.406250
vt 0.738281 0.406250
vt 0.738281 0.390625
vt 0.722656 0.390625
vt 0.792969 0.406250
vt 0.796875 0.406250
vt 0.796875 0.390625
vt 0.792969 0.390625
vt 0.792969 0.406250
vt 0.796875 0.406250
vt 0.796875 0.390625
vt 0.792969 0.390625
vt 0.242188 0.390625
vt 0.257812 0.390625
vt 0.257812 0.382812
vt 0.242188 0.382812
vt 0.722656 0.406250
vt 0.738281 0.406250
vt 0.738281 0.390625
vt 0.722656 0.390625
vt 0.722656 0.406250
vt 0.738281 0.406250
vt 0.738281 0.390625
vt 0.722656 0.390625
vt 0.792969 0.406250
vt 0.796875 0.406250
vt 0.796875 0.390625
vt 0.792969 0.390625
vt 0.792969 0.406250
vt 0.796875 0.406250
vt 0.796875 0.390625
vt 0.792969 0.390625
vt 0.242188 0.390625
vt 0.257812 0.390625
vt 0.257812 0.382812
vt 0.242188 0.382812
vt 0.640625 0.406250
vt 0.671875 0.406250
vt 0.671875 0.390625
vt 0.640625 0.390625
vt 0.640625 0.406250
vt 0.671875 0.406250
vt 0.671875 0.390625
vt 0.640625 0.390625
vt 0.835938 0.437500
vt 0.929688 0.437500
vt 0.929688 0.421875
vt 0.835938 0.421875
vt 0.835938 0.437500
vt 0.929688 0.437500
vt 0.929688 0.421875
vt 0.835938 0.421875
vt 0.658203 1.000000
vt 0.689453 1.000000
vt 0.689453 0.812500
vt 0.658203 0.812500
vt 0.703125 0.406250
vt 0.722656 0.406250
vt 0.722656 0.390625
vt 0.703125 0.390625
vt 0.703125 0.406250
vt 0.722656 0.406250
vt 0.722656 0.390625
vt 0.703125 0.390625
vt 0.093750 0.406250
vt 0.179688 0.406250
vt 0.179688 0.390625
vt 0.093750 0.390625
vt 0.179688 0.406250
vt 0.265625 0.406250
vt 0.265625 0.390625
vt 0.179688 0.390625
vt 0.771484 1.000000
vt 0.791016 1.000000
vt 0.791016 0.828125
vt 0.771484 0.828125
vt 0.791016 1.000000
vt 0.810547 1.000000
vt 0.810547 0.828125
vt 0.791016 0.828125
vt 0.425781 0.484375
vt 0.437500 0.484375
vt 0.437500 0.445312
vt 0.425781 0.445312
vt 0.425781 0.484375
vt 0.437500 0.484375
vt 0.437500 0.445312
vt 0.425781 0.445312
vt 0.160156 0.484375
vt 0.246094 0.484375
vt 0.246094 0.445312
vt 0.160156 0.445312
vt 0.246094 0.484375
vt 0.332031 0.484375
vt 0.332031 0.445312
vt 0.246094 0.445312
vt 0.810547 1.000000
vt 0.822266 1.000000
vt 0.822266 0.828125
vt 0.810547 0.828125
vt 0.810547 1.000000
vt 0.822266 1.000000
vt 0.822266 0.828125
vt 0.810547 0.828125
vt 0.371094 0.484375
vt 0.402344 0.484375
vt 0.402344 0.445312
vt 0.371094 0.445312
vt 0.371094 0.484375
vt 0.402344 0.484375
vt 0.402344 0.445312
vt 0.371094 0.445312
vt 0.437500 0.484375
vt 0.441406 0.484375
vt 0.441406 0.445312
vt 0.437500 0.445312
vt 0.437500 0.484375
vt 0.441406 0.484375
vt 0.441406 0.445312
vt 0.437500 0.445312
vt 0.179688 0.390625
vt 0.210938 0.390625
vt 0.210938 0.382812
vt 0.179688 0.382812
vt 0.179688 0.390625
vt 0.210938 0.390625
vt 0.210938 0.382812
vt 0.179688 0.382812
vt 0.371094 0.484375
vt 0.402344 0.484375
vt 0.402344 0.445312
vt 0.371094 0.445312
vt 0.371094 0.484375
vt 0.402344 0.484375
vt 0.402344 0.445312
vt 0.371094 0.445312
vt 0.437500 0.484375
vt 0.441406 0.484375
vt 0.441406 0.445312
vt 0.437500 0.445312
vt 0.437500 0.484375
vt 0.441406 0.484375
vt 0.441406 0.445312
vt 0.437500 0.445312
vt 0.179688 0.390625
vt 0.210938 0.390625
vt 0.210938 0.382812
vt 0.179688 0.382812
vt 0.179688 0.390625
vt 0.210938 0.390625
vt 0.210938 0.382812
vt 0.179688 0.382812
vt 0.265625 0.437500
vt 0.351562 0.437500
vt 0.351562 0.414062
vt 0.265625 0.414062
vt 0.265625 0.437500
vt 0.351562 0.437500
vt 0.351562 0.414062
vt 0.265625 0.414062
vt 0.996094 0.484375
vt 1.000000 0.484375
vt 1.000000 0.460938
vt 0.996094 0.460938
vt 0.996094 0.484375
vt 1.000000 0.484375
vt 1.000000 0.460938
vt 0.996094 0.460938
vt 0.996094 0.484375
vt 1.000000 0.484375
vt 1.000000 0.460938
vt 0.996094 0.460938
vt 0.996094 0.484375
vt 1.000000 0.484375
vt 1.000000 0.460938
vt 0.996094 0.460938
vt 0.273438 0.390625
vt 0.277344 0.390625
vt 0.277344 0.382812
vt 0.273438 0.382812
vt 0.273438 0.390625
vt 0.277344 0.390625
vt 0.277344 0.382812
vt 0.273438 0.382812
vt 0.996094 0.484375
vt 1.000000 0.484375
vt 1.000000 0.460938
vt 0.996094 0.460938
vt 0.996094 0.484375
vt 1.000000 0.484375
vt 1.000000 0.460938
vt 0.996094 0.460938
vt 0.996094 0.484375
vt 1.000000 0.484375
vt 1.000000 0.460938
vt 0.996094 0.460938
vt 0.996094 0.484375
vt 1.000000 0.484375
vt 1.000000 0.460938
vt 0.996094 0.460938
vt 0.273438 0.390625
vt 0.277344 0.390625
vt 0.277344 0.382812
vt 0.273438 0.382812
vt 0.273438 0.390625
vt 0.277344 0.390625
vt 0.277344 0.382812
vt 0.273438 0.382812
vt 0.996094 0.484375
vt 1.000000 0.484375
vt 1.000000 0.460938
vt 0.996094 0.460938
vt 0.996094 0.484375
vt 1.000000 0.484375
vt 1.000000 0.460938
vt 0.996094 0.460938
vt 0.996094 0.484375
vt 1.000000 0.484375
vt 1.000000 0.460938
vt 0.996094 0.460938
vt 0.996094 0.484375
vt 1.000000 0.484375
vt 1.000000 0.460938
vt 0.996094 0.460938
vt 0.273438 0.390625
vt 0.277344 0.390625
vt 0.277344 0.382812
vt 0.273438 0.382812
vt 0.273438 0.390625
vt 0.277344 0.390625
vt 0.277344 0.382812
vt 0.273438 0.382812
vt 0.210938 0.390625
vt 0.242188 0.390625
vt 0.242188 0.382812
vt 0.210938 0.382812
vt 0.210938 0.390625
vt 0.242188 0.390625
vt 0.242188 0.382812
vt 0.210938 0.382812
vt 0.015625 0.390625
vt 0.109375 0.390625
vt 0.109375 0.382812
vt 0.015625 0.382812
vt 0.015625 0.390625
vt 0.109375 0.390625
vt 0.109375 0.382812
vt 0.015625 0.382812
vt 0.689453 1.000000
vt 0.720703 1.000000
vt 0.720703 0.812500
vt 0.689453 0.812500
vt 0.720703 1.000000
vt 0.751953 1.000000
vt 0.751953 0.812500
vt 0.720703 0.812500
vt 0.464844 0.390625
vt 0.472656 0.390625
vt 0.472656 0.386719
vt 0.464844 0.386719
vt 0.464844 0.390625
vt 0.472656 0.390625
vt 0.472656 0.386719
vt 0.464844 0.386719
vt 0.464844 0.390625
vt 0.472656 0.390625
vt 0.472656 0.386719
vt 0.464844 0.386719
vt 0.464844 0.390625
vt 0.472656 0.390625
vt 0.472656 0.386719
vt 0.464844 0.386719
vt 0.769531 0.406250
vt 0.777344 0.406250
vt 0.777344 0.390625
vt 0.769531 0.390625
vt 0.671875 0.406250
vt 0.703125 0.406250
vt 0.703125 0.390625
vt 0.671875 0.390625
vt 0.671875 0.406250
vt 0.703125 0.406250
vt 0.703125 0.390625
vt 0.671875 0.390625
vt 0.671875 0.406250
vt 0.703125 0.406250
vt 0.703125 0.390625
vt 0.671875 0.390625
vt 0.671875 0.406250
vt 0.703125 0.406250
vt 0.703125 0.390625
vt 0.671875 0.390625
vt 0.876953 0.625000
vt 0.908203 0.625000
vt 0.908203 0.562500
vt 0.876953 0.562500
vt 0.876953 0.625000
vt 0.908203 0.625000
vt 0.908203 0.562500
vt 0.876953 0.562500
vt 0.421875 0.625000
vt 0.441406 0.625000
vt 0.441406 0.515625
vt 0.421875 0.515625
vt 0.421875 0.625000
vt 0.441406 0.625000
vt 0.441406 0.515625
vt 0.421875 0.515625
vt 0.421875 0.625000
vt 0.441406 0.625000
vt 0.441406 0.515625
vt 0.421875 0.515625
vt 0.421875 0.625000
vt 0.441406 0.625000
vt 0.441406 0.515625
vt 0.421875 0.515625
vt 0.671875 0.406250
vt 0.703125 0.406250
vt 0.703125 0.390625
vt 0.671875 0.390625
vt 0.671875 0.406250
vt 0.703125 0.406250
vt 0.703125 0.390625
vt 0.671875 0.390625
vt 0.671875 0.406250
vt 0.703125 0.406250
vt 0.703125 0.390625
vt 0.671875 0.390625
vt 0.671875 0.406250
vt 0.703125 0.406250
vt 0.703125 0.390625
vt 0.671875 0.390625
vt 0.876953 0.625000
vt 0.908203 0.625000
vt 0.908203 0.562500
vt 0.876953 0.562500
vt 0.876953 0.625000
vt 0.908203 0.625000
vt 0.908203 0.562500
vt 0.876953 0.562500
vt 0.421875 0.625000
vt 0.441406 0.625000
vt 0.441406 0.515625
vt 0.421875 0.515625
vt 0.421875 0.625000
vt 0.441406 0.625000
vt 0.441406 0.515625
vt 0.421875 0.515625
vt 0.421875 0.625000
vt 0.441406 0.625000
vt 0.441406 0.515625
vt 0.421875 0.515625
vt 0.421875 0.625000
vt 0.441406 0.625000
vt 0.441406 0.515625
vt 0.421875 0.515625
vt 0.671875 0.406250
vt 0.703125 0.406250
vt 0.703125 0.390625
vt 0.671875 0.390625
vt 0.671875 0.406250
vt 0.703125 0.406250
vt 0.703125 0.390625
vt 0.671875 0.390625
vt 0.671875 0.406250
vt 0.703125 0.406250
vt 0.703125 0.390625
vt 0.671875 0.390625
vt 0.671875 0.406250
vt 0.703125 0.406250
vt 0.703125 0.390625
vt 0.671875 0.390625
vt 0.876953 0.625000
vt 0.908203 0.625000
vt 0.908203 0.562500
vt 0.876953 0.562500
vt 0.876953 0.625000
vt 0.908203 0.625000
vt 0.908203 0.562500
vt 0.876953 0.562500
vt 0.421875 0.625000
vt 0.441406 0.625000
vt 0.441406 0.515625
vt 0.421875 0.515625
vt 0.421875 0.625000
vt 0.441406 0.625000
vt 0.441406 0.515625
vt 0.421875 0.515625
vt 0.421875 0.625000
vt 0.441406 0.625000
vt 0.441406 0.515625
vt 0.421875 0.515625
vt 0.421875 0.625000
vt 0.441406 0.625000
vt 0.441406 0.515625
vt 0.421875 0.515625
vt 0.671875 0.406250
vt 0.703125 0.406250
vt 0.703125 0.390625
vt 0.671875 0.390625
vt 0.671875 0.406250
vt 0.703125 0.406250
vt 0.703125 0.390625
vt 0.671875 0.390625
vt 0.671875 0.406250
vt 0.703125 0.406250
vt 0.703125 0.390625
vt 0.671875 0.390625
vt 0.671875 0.406250
vt 0.703125 0.406250
vt 0.703125 0.390625
vt 0.671875 0.390625
vt 0.876953 0.625000
vt 0.908203 0.625000
vt 0.908203 0.562500
vt 0.876953 0.562500
vt 0.876953 0.625000
vt 0.908203 0.625000
vt 0.908203 0.562500
vt 0.876953 0.562500
vt 0.421875 0.625000
vt 0.441406 0.625000
vt 0.441406 0.515625
vt 0.421875 0.515625
vt 0.421875 0.625000
vt 0.441406 0.625000
vt 0.441406 0.515625
vt 0.421875 0.515625
vt 0.421875 0.625000
vt 0.441406 0.625000
vt 0.441406 0.515625
vt 0.421875 0.515625
vt 0.421875 0.625000
vt 0.441406 0.625000
vt 0.441406 0.515625
vt 0.421875 0.515625
vt 0.671875 0.406250
vt 0.703125 0.406250
vt 0.703125 0.390625
vt 0.671875 0.390625
vt 0.671875 0.406250
vt 0.703125 0.406250
vt 0.703125 0.390625
vt 0.671875 0.390625
vt 0.671875 0.406250
vt 0.703125 0.406250
vt 0.703125 0.390625
vt 0.671875 0.390625
vt 0.671875 0.406250
vt 0.703125 0.406250
vt 0.703125 0.390625
vt 0.671875 0.390625
vt 0.876953 0.625000
vt 0.908203 0.625000
vt 0.908203 0.562500
vt 0.876953 0.562500
vt 0.876953 0.625000
vt 0.908203 0.625000
vt 0.908203 0.562500
vt 0.876953 0.562500
vt 0.421875 0.625000
vt 0.441406 0.625000
vt 0.441406 0.515625
vt 0.421875 0.515625
vt 0.421875 0.625000
vt 0.441406 0.625000
vt 0.441406 0.515625
vt 0.421875 0.515625
vt 0.421875 0.625000
vt 0.441406 0.625000
vt 0.441406 0.515625
vt 0.421875 0.515625
vt 0.421875 0.625000
vt 0.441406 0.625000
vt 0.441406 0.515625
vt 0.421875 0.515625
vt 0.671875 0.406250
vt 0.703125 0.406250
vt 0.703125 0.390625
vt 0.671875 0.390625
vt 0.671875 0.406250
vt 0.703125 0.406250
vt 0.703125 0.390625
vt 0.671875 0.390625
vt 0.671875 0.406250
vt 0.703125 0.406250
vt 0.703125 0.390625
vt 0.671875 0.390625
vt 0.671875 0.406250
vt 0.703125 0.406250
vt 0.703125 0.390625
vt 0.671875 0.390625
vt 0.876953 0.625000
vt 0.908203 0.625000
vt 0.908203 0.562500
vt 0.876953 0.562500
vt 0.876953 0.625000
vt 0.908203 0.625000
vt 0.908203 0.562500
vt 0.876953 0.562500
vt 0.421875 0.625000
vt 0.441406 0.625000
vt 0.441406 0.515625
vt 0.421875 0.515625
vt 0.421875 0.625000
vt 0.441406 0.625000
vt 0.441406 0.515625
vt 0.421875 0.515625
vt 0.421875 0.625000
vt 0.441406 0.625000
vt 0.441406 0.515625
vt 0.421875 0.515625
vt 0.421875 0.625000
vt 0.441406 0.625000
vt 0.441406 0.515625
vt 0.421875 0.515625
vt 0.671875 0.406250
vt 0.703125 0.406250
vt 0.703125 0.390625
vt 0.671875 0.390625
vt 0.671875 0.406250
vt 0.703125 0.406250
vt 0.703125 0.390625
vt 0.671875 0.390625
vt 0.671875 0.406250
vt 0.703125 0.406250
vt 0.703125 0.390625
vt 0.671875 0.390625
vt 0.671875 0.406250
vt 0.703125 0.406250
vt 0.703125 0.390625
vt 0.671875 0.390625
vt 0.876953 0.625000
vt 0.908203 0.625000
vt 0.908203 0.562500
vt 0.876953 0.562500
vt 0.876953 0.625000
vt 0.908203 0.625000
vt 0.908203 0.562500
vt 0.876953 0.562500
vt 0.421875 0.625000
vt 0.441406 0.625000
vt 0.441406 0.515625
vt 0.421875 0.515625
vt 0.421875 0.625000
vt 0.441406 0.625000
vt 0.441406 0.515625
vt 0.421875 0.515625
vt 0.421875 0.625000
vt 0.441406 0.625000
vt 0.441406 0.515625
vt 0.421875 0.515625
vt 0.421875 0.625000
vt 0.441406 0.625000
vt 0.441406 0.515625
vt 0.421875 0.515625
vt 0.671875 0.406250
vt 0.703125 0.406250
vt 0.703125 0.390625
vt 0.671875 0.390625
vt 0.671875 0.406250
vt 0.703125 0.406250
vt 0.703125 0.390625
vt 0.671875 0.390625
vt 0.671875 0.406250
vt 0.703125 0.406250
vt 0.703125 0.390625
vt 0.671875 0.390625
vt 0.671875 0.406250
vt 0.703125 0.406250
vt 0.703125 0.390625
vt 0.671875 0.390625
vt 0.876953 0.625000
vt 0.908203 0.625000
vt 0.908203 0.562500
vt 0.876953 0.562500
vt 0.876953 0.625000
vt 0.908203 0.625000
vt 0.908203 0.562500
vt 0.876953 0.562500
vt 0.421875 0.625000
vt 0.441406 0.625000
vt 0.441406 0.515625
vt 0.421875 0.515625
vt 0.421875 0.625000
vt 0.441406 0.625000
vt 0.441406 0.515625
vt 0.421875 0.515625
vt 0.421875 0.625000
vt 0.441406 0.625000
vt 0.441406 0.515625
vt 0.421875 0.515625
vt 0.421875 0.625000
vt 0.441406 0.625000
vt 0.441406 0.515625
vt 0.421875 0.515625
vt 0.671875 0.406250
vt 0.703125 0.406250
vt 0.703125 0.390625
vt 0.671875 0.390625
vt 0.671875 0.406250
vt 0.703125 0.406250
vt 0.703125 0.390625
vt 0.671875 0.390625
vt 0.671875 0.406250
vt 0.703125 0.406250
vt 0.703125 0.390625
vt 0.671875 0.390625
vt 0.671875 0.406250
vt 0.703125 0.406250
vt 0.703125 0.390625
vt 0.671875 0.390625
vt 0.876953 0.625000
vt 0.908203 0.625000
vt 0.908203 0.562500
vt 0.876953 0.562500
vt 0.876953 0.625000
vt 0.908203 0.625000
vt 0.908203 0.562500
vt 0.876953 0.562500
vt 0.421875 0.625000
vt 0.441406 0.625000
vt 0.441406 0.515625
vt 0.421875 0.515625
vt 0.421875 0.625000
vt 0.441406 0.625000
vt 0.441406 0.515625
vt 0.421875 0.515625
vt 0.421875 0.625000
vt 0.441406 0.625000
vt 0.441406 0.515625
vt 0.421875 0.515625
vt 0.421875 0.625000
vt 0.441406 0.625000
vt 0.441406 0.515625
vt 0.421875 0.515625
vt 0.671875 0.406250
vt 0.703125 0.406250
vt 0.703125 0.390625
vt 0.671875 0.390625
vt 0.671875 0.406250
vt 0.703125 0.406250
vt 0.703125 0.390625
vt 0.671875 0.390625
vt 0.671875 0.406250
vt 0.703125 0.406250
vt 0.703125 0.390625
vt 0.671875 0.390625
vt 0.671875 0.406250
vt 0.703125 0.406250
vt 0.703125 0.390625
vt 0.671875 0.390625
vt 0.876953 0.625000
vt 0.908203 0.625000
vt 0.908203 0.562500
vt 0.876953 0.562500
vt 0.876953 0.625000
vt 0.908203 0.625000
vt 0.908203 0.562500
vt 0.876953 0.562500
vt 0.421875 0.625000
vt 0.441406 0.625000
vt 0.441406 0.515625
vt 0.421875 0.515625
vt 0.421875 0.625000
vt 0.441406 0.625000
vt 0.441406 0.515625
vt 0.421875 0.515625
vt 0.421875 0.625000
vt 0.441406 0.625000
vt 0.441406 0.515625
vt 0.421875 0.515625
vt 0.421875 0.625000
vt 0.441406 0.625000
vt 0.441406 0.515625
vt 0.421875 0.515625
vt 0.671875 0.406250
vt 0.703125 0.406250
vt 0.703125 0.390625
vt 0.671875 0.390625
vt 0.671875 0.406250
vt 0.703125 0.406250
vt 0.703125 0.390625
vt 0.671875 0.390625
vt 0.671875 0.406250
vt 0.703125 0.406250
vt 0.703125 0.390625
vt 0.671875 0.390625
vt 0.671875 0.406250
vt 0.703125 0.406250
vt 0.703125 0.390625
vt 0.671875 0.390625
vt 0.876953 0.625000
vt 0.908203 0.625000
vt 0.908203 0.562500
vt 0.876953 0.562500
vt 0.876953 0.625000
vt 0.908203 0.625000
vt 0.908203 0.562500
vt 0.876953 0.562500
vt 0.421875 0.625000
vt 0.441406 0.625000
vt 0.441406 0.515625
vt 0.421875 0.515625
vt 0.421875 0.625000
vt 0.441406 0.625000
vt 0.441406 0.515625
vt 0.421875 0.515625
vt 0.421875 0.625000
vt 0.441406 0.625000
vt 0.441406 0.515625
vt 0.421875 0.515625
vt 0.421875 0.625000
vt 0.441406 0.625000
vt 0.441406 0.515625
vt 0.421875 0.515625
vt 0.671875 0.406250
vt 0.703125 0.406250
vt 0.703125 0.390625
vt 0.671875 0.390625
vt 0.671875 0.406250
vt 0.703125 0.406250
vt 0.703125 0.390625
vt 0.671875 0.390625
vt 0.671875 0.406250
vt 0.703125 0.406250
vt 0.703125 0.390625
vt 0.671875 0.390625
vt 0.671875 0.406250
vt 0.703125 0.406250
vt 0.703125 0.390625
vt 0.671875 0.390625
vt 0.876953 0.625000
vt 0.908203 0.625000
vt 0.908203 0.562500
vt 0.876953 0.562500
vt 0.876953 0.625000
vt 0.908203 0.625000
vt 0.908203 0.562500
vt 0.876953 0.562500
vt 0.421875 0.625000
vt 0.441406 0.625000
vt 0.441406 0.515625
vt 0.421875 0.515625
vt 0.421875 0.625000
vt 0.441406 0.625000
vt 0.441406 0.515625
vt 0.421875 0.515625
vt 0.421875 0.625000
vt 0.441406 0.625000
vt 0.441406 0.515625
vt 0.421875 0.515625
vt 0.421875 0.625000
vt 0.441406 0.625000
vt 0.441406 0.515625
vt 0.421875 0.515625
vt 0.671875 0.406250
vt 0.703125 0.406250
vt 0.703125 0.390625
vt 0.671875 0.390625
vt 0.671875 0.406250
vt 0.703125 0.406250
vt 0.703125 0.390625
vt 0.671875 0.390625
vt 0.671875 0.406250
vt 0.703125 0.406250
vt 0.703125 0.390625
vt 0.671875 0.390625
vt 0.671875 0.406250
vt 0.703125 0.406250
vt 0.703125 0.390625
vt 0.671875 0.390625
vt 0.876953 0.625000
vt 0.908203 0.625000
vt 0.908203 0.562500
vt 0.876953 0.562500
vt 0.876953 0.625000
vt 0.908203 0.625000
vt 0.908203 0.562500
vt 0.876953 0.562500
vt 0.421875 0.625000
vt 0.441406 0.625000
vt 0.441406 0.515625
vt 0.421875 0.515625
vt 0.421875 0.625000
vt 0.441406 0.625000
vt 0.441406 0.515625
vt 0.421875 0.515625
vt 0.421875 0.625000
vt 0.441406 0.625000
vt 0.441406 0.515625
vt 0.421875 0.515625
vt 0.421875 0.625000
vt 0.441406 0.625000
vt 0.441406 0.515625
vt 0.421875 0.515625
vt 0.671875 0.406250
vt 0.703125 0.406250
vt 0.703125 0.390625
vt 0.671875 0.390625
vt 0.671875 0.406250
vt 0.703125 0.406250
vt 0.703125 0.390625
vt 0.671875 0.390625
vt 0.671875 0.406250
vt 0.703125 0.406250
vt 0.703125 0.390625
vt 0.671875 0.390625
vt 0.671875 0.406250
vt 0.703125 0.406250
vt 0.703125 0.390625
vt 0.671875 0.390625
vt 0.876953 0.625000
vt 0.908203 0.625000
vt 0.908203 0.562500
vt 0.876953 0.562500
vt 0.876953 0.625000
vt 0.908203 0.625000
vt 0.908203 0.562500
vt 0.876953 0.562500
vt 0.421875 0.625000
vt 0.441406 0.625000
vt 0.441406 0.515625
vt 0.421875 0.515625
vt 0.421875 0.625000
vt 0.441406 0.625000
vt 0.441406 0.515625
vt 0.421875 0.515625
vt 0.421875 0.625000
vt 0.441406 0.625000
vt 0.441406 0.515625
vt 0.421875 0.515625
vt 0.421875 0.625000
vt 0.441406 0.625000
vt 0.441406 0.515625
vt 0.421875 0.515625
vt 0.671875 0.406250
vt 0.703125 0.406250
vt 0.703125 0.390625
vt 0.671875 0.390625
vt 0.671875 0.406250
vt 0.703125 0.406250
vt 0.703125 0.390625
vt 0.671875 0.390625
vt 0.671875 0.406250
vt 0.703125 0.406250
vt 0.703125 0.390625
vt 0.671875 0.390625
vt 0.671875 0.406250
vt 0.703125 0.406250
vt 0.703125 0.390625
vt 0.671875 0.390625
vt 0.876953 0.625000
vt 0.908203 0.625000
vt 0.908203 0.562500
vt 0.876953 0.562500
vt 0.876953 0.625000
vt 0.908203 0.625000
vt 0.908203 0.562500
vt 0.876953 0.562500
vt 0.421875 0.625000
vt 0.441406 0.625000
vt 0.441406 0.515625
vt 0.421875 0.515625
vt 0.421875 0.625000
vt 0.441406 0.625000
vt 0.441406 0.515625
vt 0.421875 0.515625
vt 0.421875 0.625000
vt 0.441406 0.625000
vt 0.441406 0.515625
vt 0.421875 0.515625
vt 0.421875 0.625000
vt 0.441406 0.625000
vt 0.441406 0.515625
vt 0.421875 0.515625
vt 0.671875 0.406250
vt 0.703125 0.406250
vt 0.703125 0.390625
vt 0.671875 0.390625
vt 0.671875 0.406250
vt 0.703125 0.406250
vt 0.703125 0.390625
vt 0.671875 0.390625
vt 0.671875 0.406250
vt 0.703125 0.406250
vt 0.703125 0.390625
vt 0.671875 0.390625
vt 0.671875 0.406250
vt 0.703125 0.406250
vt 0.703125 0.390625
vt 0.671875 0.390625
vt 0.876953 0.625000
vt 0.908203 0.625000
vt 0.908203 0.562500
vt 0.876953 0.562500
vt 0.876953 0.625000
vt 0.908203 0.625000
vt 0.908203 0.562500
vt 0.876953 0.562500
vt 0.421875 0.625000
vt 0.441406 0.625000
vt 0.441406 0.515625
vt 0.421875 0.515625
vt 0.421875 0.625000
vt 0.441406 0.625000
vt 0.441406 0.515625
vt 0.421875 0.515625
vt 0.421875 0.625000
vt 0.441406 0.625000
vt 0.441406 0.515625
vt 0.421875 0.515625
vt 0.421875 0.625000
vt 0.441406 0.625000
vt 0.441406 0.515625
vt 0.421875 0.515625
vt 0.671875 0.406250
vt 0.703125 0.406250
vt 0.703125 0.390625
vt 0.671875 0.390625
vt 0.671875 0.406250
vt 0.703125 0.406250
vt 0.703125 0.390625
vt 0.671875 0.390625
vt 0.671875 0.406250
vt 0.703125 0.406250
vt 0.703125 0.390625
vt 0.671875 0.390625
vt 0.671875 0.406250
vt 0.703125 0.406250
vt 0.703125 0.390625
vt 0.671875 0.390625
vt 0.876953 0.625000
vt 0.908203 0.625000
vt 0.908203 0.562500
vt 0.876953 0.562500
vt 0.876953 0.625000
vt 0.908203 0.625000
vt 0.908203 0.562500
vt 0.876953 0.562500
vt 0.421875 0.625000
vt 0.441406 0.625000
vt 0.441406 0.515625
vt 0.421875 0.515625
vt 0.421875 0.625000
vt 0.441406 0.625000
vt 0.441406 0.515625
vt 0.421875 0.515625
vt 0.421875 0.625000
vt 0.441406 0.625000
vt 0.441406 0.515625
vt 0.421875 0.515625
vt 0.421875 0.625000
vt 0.441406 0.625000
vt 0.441406 0.515625
vt 0.421875 0.515625
vt 0.671875 0.406250
vt 0.703125 0.406250
vt 0.703125 0.390625
vt 0.671875 0.390625
vt 0.671875 0.406250
vt 0.703125 0.406250
vt 0.703125 0.390625
vt 0.671875 0.390625
vt 0.671875 0.406250
vt 0.703125 0.406250
vt 0.703125 0.390625
vt 0.671875 0.390625
vt 0.671875 0.406250
vt 0.703125 0.406250
vt 0.703125 0.390625
vt 0.671875 0.390625
vt 0.876953 0.625000
vt 0.908203 0.625000
vt 0.908203 0.562500
vt 0.876953 0.562500
vt 0.876953 0.625000
vt 0.908203 0.625000
vt 0.908203 0.562500
vt 0.876953 0.562500
vt 0.421875 0.625000
vt 0.441406 0.625000
vt 0.441406 0.515625
vt 0.421875 0.515625
vt 0.421875 0.625000
vt 0.441406 0.625000
vt 0.441406 0.515625
vt 0.421875 0.515625
vt 0.421875 0.625000
vt 0.441406 0.625000
vt 0.441406 0.515625
vt 0.421875 0.515625
vt 0.421875 0.625000
vt 0.441406 0.625000
vt 0.441406 0.515625
vt 0.421875 0.515625
vt 0.671875 0.406250
vt 0.703125 0.406250
vt 0.703125 0.390625
vt 0.671875 0.390625
vt 0.671875 0.406250
vt 0.703125 0.406250
vt 0.703125 0.390625
vt 0.671875 0.390625
vt 0.671875 0.406250
vt 0.703125 0.406250
vt 0.703125 0.390625
vt 0.671875 0.390625
vt 0.671875 0.406250
vt 0.703125 0.406250
vt 0.703125 0.390625
vt 0.671875 0.390625
vt 0.876953 0.625000
vt 0.908203 0.625000
vt 0.908203 0.562500
vt 0.876953 0.562500
vt 0.876953 0.625000
vt 0.908203 0.625000
vt 0.908203 0.562500
vt 0.876953 0.562500
vt 0.421875 0.625000
vt 0.441406 0.625000
vt 0.441406 0.515625
vt 0.421875 0.515625
vt 0.421875 0.625000
vt 0.441406 0.625000
vt 0.441406 0.515625
vt 0.421875 0.515625
vt 0.421875 0.625000
vt 0.441406 0.625000
vt 0.441406 0.515625
vt 0.421875 0.515625
vt 0.421875 0.625000
vt 0.441406 0.625000
vt 0.441406 0.515625
vt 0.421875 0.515625
vt 0.671875 0.406250
vt 0.703125 0.406250
vt 0.703125 0.390625
vt 0.671875 0.390625
vt 0.671875 0.406250
vt 0.703125 0.406250
vt 0.703125 0.390625
vt 0.671875 0.390625
vt 0.671875 0.406250
vt 0.703125 0.406250
vt 0.703125 0.390625
vt 0.671875 0.390625
vt 0.671875 0.406250
vt 0.703125 0.406250
vt 0.703125 0.390625
vt 0.671875 0.390625
vt 0.876953 0.625000
vt 0.908203 0.625000
vt 0.908203 0.562500
vt 0.876953 0.562500
vt 0.876953 0.625000
vt 0.908203 0.625000
vt 0.908203 0.562500
vt 0.876953 0.562500
vt 0.421875 0.625000
vt 0.441406 0.625000
vt 0.441406 0.515625
vt 0.421875 0.515625
vt 0.421875 0.625000
vt 0.441406 0.625000
vt 0.441406 0.515625
vt 0.421875 0.515625
vt 0.421875 0.625000
vt 0.441406 0.625000
vt 0.441406 0.515625
vt 0.421875 0.515625
vt 0.421875 0.625000
vt 0.441406 0.625000
vt 0.441406 0.515625
vt 0.421875 0.515625
vt 0.671875 0.406250
vt 0.703125 0.406250
vt 0.703125 0.390625
vt 0.671875 0.390625
vt 0.671875 0.406250
vt 0.703125 0.406250
vt 0.703125 0.390625
vt 0.671875 0.390625
vt 0.671875 0.406250
vt 0.703125 0.406250
vt 0.703125 0.390625
vt 0.671875 0.390625
vt 0.671875 0.406250
vt 0.703125 0.406250
vt 0.703125 0.390625
vt 0.671875 0.390625
vt 0.876953 0.625000
vt 0.908203 0.625000
vt 0.908203 0.562500
vt 0.876953 0.562500
vt 0.876953 0.625000
vt 0.908203 0.625000
vt 0.908203 0.562500
vt 0.876953 0.562500
vt 0.421875 0.625000
vt 0.441406 0.625000
vt 0.441406 0.515625
vt 0.421875 0.515625
vt 0.421875 0.625000
vt 0.441406 0.625000
vt 0.441406 0.515625
vt 0.421875 0.515625
vt 0.421875 0.625000
vt 0.441406 0.625000
vt 0.441406 0.515625
vt 0.421875 0.515625
vt 0.421875 0.625000
vt 0.441406 0.625000
vt 0.441406 0.515625
vt 0.421875 0.515625
vt 0.671875 0.406250
vt 0.703125 0.406250
vt 0.703125 0.390625
vt 0.671875 0.390625
vt 0.671875 0.406250
vt 0.703125 0.406250
vt 0.703125 0.390625
vt 0.671875 0.390625
vt 0.671875 0.406250
vt 0.703125 0.406250
vt 0.703125 0.390625
vt 0.671875 0.390625
vt 0.671875 0.406250
vt 0.703125 0.406250
vt 0.703125 0.390625
vt 0.671875 0.390625
vt 0.876953 0.625000
vt 0.908203 0.625000
vt 0.908203 0.562500
vt 0.876953 0.562500
vt 0.876953 0.625000
vt 0.908203 0.625000
vt 0.908203 0.562500
vt 0.876953 0.562500
vt 0.421875 0.625000
vt 0.441406 0.625000
vt 0.441406 0.515625
vt 0.421875 0.515625
vt 0.421875 0.625000
vt 0.441406 0.625000
vt 0.441406 0.515625
vt 0.421875 0.515625
vt 0.421875 0.625000
vt 0.441406 0.625000
vt 0.441406 0.515625
vt 0.421875 0.515625
vt 0.421875 0.625000
vt 0.441406 0.625000
vt 0.441406 0.515625
vt 0.421875 0.515625
vt 0.671875 0.406250
vt 0.703125 0.406250
vt 0.703125 0.390625
vt 0.671875 0.390625
vt 0.671875 0.406250
vt 0.703125 0.406250
vt 0.703125 0.390625
vt 0.671875 0.390625
vt 0.671875 0.406250
vt 0.703125 0.406250
vt 0.703125 0.390625
vt 0.671875 0.390625
vt 0.671875 0.406250
vt 0.703125 0.406250
vt 0.703125 0.390625
vt 0.671875 0.390625
vt 0.876953 0.625000
vt 0.908203 0.625000
vt 0.908203 0.562500
vt 0.876953 0.562500
vt 0.876953 0.625000
vt 0.908203 0.625000
vt 0.908203 0.562500
vt 0.876953 0.562500
vt 0.421875 0.625000
vt 0.441406 0.625000
vt 0.441406 0.515625
vt 0.421875 0.515625
vt 0.421875 0.625000
vt 0.441406 0.625000
vt 0.441406 0.515625
vt 0.421875 0.515625
vt 0.421875 0.625000
vt 0.441406 0.625000
vt 0.441406 0.515625
vt 0.421875 0.515625
vt 0.421875 0.625000
vt 0.441406 0.625000
vt 0.441406 0.515625
vt 0.421875 0.515625
vt 0.671875 0.406250
vt 0.703125 0.406250
vt 0.703125 0.390625
vt 0.671875 0.390625
vt 0.671875 0.406250
vt 0.703125 0.406250
vt 0.703125 0.390625
vt 0.671875 0.390625
vt 0.671875 0.406250
vt 0.703125 0.406250
vt 0.703125 0.390625
vt 0.671875 0.390625
vt 0.671875 0.406250
vt 0.703125 0.406250
vt 0.703125 0.390625
vt 0.671875 0.390625
vt 0.876953 0.625000
vt 0.908203 0.625000
vt 0.908203 0.562500
vt 0.876953 0.562500
vt 0.876953 0.625000
vt 0.908203 0.625000
vt 0.908203 0.562500
vt 0.876953 0.562500
vt 0.421875 0.625000
vt 0.441406 0.625000
vt 0.441406 0.515625
vt 0.421875 0.515625
vt 0.421875 0.625000
vt 0.441406 0.625000
vt 0.441406 0.515625
vt 0.421875 0.515625
vt 0.421875 0.625000
vt 0.441406 0.625000
vt 0.441406 0.515625
vt 0.421875 0.515625
vt 0.421875 0.625000
vt 0.441406 0.625000
vt 0.441406 0.515625
vt 0.421875 0.515625
vt 0.671875 0.406250
vt 0.703125 0.406250
vt 0.703125 0.390625
vt 0.671875 0.390625
vt 0.671875 0.406250
vt 0.703125 0.406250
vt 0.703125 0.390625
vt 0.671875 0.390625
vt 0.671875 0.406250
vt 0.703125 0.406250
vt 0.703125 0.390625
vt 0.671875 0.390625
vt 0.671875 0.406250
vt 0.703125 0.406250
vt 0.703125 0.390625
vt 0.671875 0.390625
vt 0.876953 0.625000
vt 0.908203 0.625000
vt 0.908203 0.562500
vt 0.876953 0.562500
vt 0.876953 0.625000
vt 0.908203 0.625000
vt 0.908203 0.562500
vt 0.876953 0.562500
vt 0.421875 0.625000
vt 0.441406 0.625000
vt 0.441406 0.515625
vt 0.421875 0.515625
vt 0.421875 0.625000
vt 0.441406 0.625000
vt 0.441406 0.515625
vt 0.421875 0.515625
vt 0.421875 0.625000
vt 0.441406 0.625000
vt 0.441406 0.515625
vt 0.421875 0.515625
vt 0.421875 0.625000
vt 0.441406 0.625000
vt 0.441406 0.515625
vt 0.421875 0.515625
vt 0.671875 0.406250
vt 0.703125 0.406250
vt 0.703125 0.390625
vt 0.671875 0.390625
vt 0.671875 0.406250
vt 0.703125 0.406250
vt 0.703125 0.390625
vt 0.671875 0.390625
vt 0.671875 0.406250
vt 0.703125 0.406250
vt 0.703125 0.390625
vt 0.671875 0.390625
vt 0.671875 0.406250
vt 0.703125 0.406250
vt 0.703125 0.390625
vt 0.671875 0.390625
vt 0.876953 0.625000
vt 0.908203 0.625000
vt 0.908203 0.562500
vt 0.876953 0.562500
vt 0.876953 0.625000
vt 0.908203 0.625000
vt 0.908203 0.562500
vt 0.876953 0.562500
vt 0.421875 0.625000
vt 0.441406 0.625000
vt 0.441406 0.515625
vt 0.421875 0.515625
vt 0.421875 0.625000
vt 0.441406 0.625000
vt 0.441406 0.515625
vt 0.421875 0.515625
vt 0.421875 0.625000
vt 0.441406 0.625000
vt 0.441406 0.515625
vt 0.421875 0.515625
vt 0.421875 0.625000
vt 0.441406 0.625000
vt 0.441406 0.515625
vt 0.421875 0.515625
vt 0.671875 0.406250
vt 0.703125 0.406250
vt 0.703125 0.390625
vt 0.671875 0.390625
vt 0.671875 0.406250
vt 0.703125 0.406250
vt 0.703125 0.390625
vt 0.671875 0.390625
vt 0.671875 0.406250
vt 0.703125 0.406250
vt 0.703125 0.390625
vt 0.671875 0.390625
vt 0.671875 0.406250
vt 0.703125 0.406250
vt 0.703125 0.390625
vt 0.671875 0.390625
vt 0.876953 0.625000
vt 0.908203 0.625000
vt 0.908203 0.562500
vt 0.876953 0.562500
vt 0.876953 0.625000
vt 0.908203 0.625000
vt 0.908203 0.562500
vt 0.876953 0.562500
vt 0.421875 0.625000
vt 0.441406 0.625000
vt 0.441406 0.515625
vt 0.421875 0.515625
vt 0.421875 0.625000
vt 0.441406 0.625000
vt 0.441406 0.515625
vt 0.421875 0.515625
vt 0.421875 0.625000
vt 0.441406 0.625000
vt 0.441406 0.515625
vt 0.421875 0.515625
vt 0.421875 0.625000
vt 0.441406 0.625000
vt 0.441406 0.515625
vt 0.421875 0.515625
vt 0.671875 0.406250
vt 0.703125 0.406250
vt 0.703125 0.390625
vt 0.671875 0.390625
vt 0.671875 0.406250
vt 0.703125 0.406250
vt 0.703125 0.390625
vt 0.671875 0.390625
vt 0.671875 0.406250
vt 0.703125 0.406250
vt 0.703125 0.390625
vt 0.671875 0.390625
vt 0.671875 0.406250
vt 0.703125 0.406250
vt 0.703125 0.390625
vt 0.671875 0.390625
vt 0.876953 0.625000
vt 0.908203 0.625000
vt 0.908203 0.562500
vt 0.876953 0.562500
vt 0.876953 0.625000
vt 0.908203 0.625000
vt 0.908203 0.562500
vt 0.876953 0.562500
vt 0.421875 0.625000
vt 0.441406 0.625000
vt 0.441406 0.515625
vt 0.421875 0.515625
vt 0.421875 0.625000
vt 0.441406 0.625000
vt 0.441406 0.515625
vt 0.421875 0.515625
vt 0.421875 0.625000
vt 0.441406 0.625000
vt 0.441406 0.515625
vt 0.421875 0.515625
vt 0.421875 0.625000
vt 0.441406 0.625000
vt 0.441406 0.515625
vt 0.421875 0.515625
vt 0.671875 0.406250
vt 0.703125 0.406250
vt 0.703125 0.390625
vt 0.671875 0.390625
vt 0.671875 0.406250
vt 0.703125 0.406250
vt 0.703125 0.390625
vt 0.671875 0.390625
vt 0.671875 0.406250
vt 0.703125 0.406250
vt 0.703125 0.390625
vt 0.671875 0.390625
vt 0.671875 0.406250
vt 0.703125 0.406250
vt 0.703125 0.390625
vt 0.671875 0.390625
vt 0.876953 0.625000
vt 0.908203 0.625000
vt 0.908203 0.562500
vt 0.876953 0.562500
vt 0.876953 0.625000
vt 0.908203 0.625000
vt 0.908203 0.562500
vt 0.876953 0.562500
vt 0.421875 0.625000
vt 0.441406 0.625000
vt 0.441406 0.515625
vt 0.421875 0.515625
vt 0.421875 0.625000
vt 0.441406 0.625000
vt 0.441406 0.515625
vt 0.421875 0.515625
vt 0.421875 0.625000
vt 0.441406 0.625000
vt 0.441406 0.515625
vt 0.421875 0.515625
vt 0.421875 0.625000
vt 0.441406 0.625000
vt 0.441406 0.515625
vt 0.421875 0.515625
vt 0.671875 0.406250
vt 0.703125 0.406250
vt 0.703125 0.390625
vt 0.671875 0.390625
vt 0.671875 0.406250
vt 0.703125 0.406250
vt 0.703125 0.390625
vt 0.671875 0.390625
vt 0.671875 0.406250
vt 0.703125 0.406250
vt 0.703125 0.390625
vt 0.671875 0.390625
vt 0.671875 0.406250
vt 0.703125 0.406250
vt 0.703125 0.390625
vt 0.671875 0.390625
vt 0.876953 0.625000
vt 0.908203 0.625000
vt 0.908203 0.562500
vt 0.876953 0.562500
vt 0.876953 0.625000
vt 0.908203 0.625000
vt 0.908203 0.562500
vt 0.876953 0.562500
vt 0.421875 0.625000
vt 0.441406 0.625000
vt 0.441406 0.515625
vt 0.421875 0.515625
vt 0.421875 0.625000
vt 0.441406 0.625000
vt 0.441406 0.515625
vt 0.421875 0.515625
vt 0.421875 0.625000
vt 0.441406 0.625000
vt 0.441406 0.515625
vt 0.421875 0.515625
vt 0.421875 0.625000
vt 0.441406 0.625000
vt 0.441406 0.515625
vt 0.421875 0.515625
vt 0.671875 0.406250
vt 0.703125 0.406250
vt 0.703125 0.390625
vt 0.671875 0.390625
vt 0.671875 0.406250
vt 0.703125 0.406250
vt 0.703125 0.390625
vt 0.671875 0.390625
vt 0.671875 0.406250
vt 0.703125 0.406250
vt 0.703125 0.390625
vt 0.671875 0.390625
vt 0.671875 0.406250
vt 0.703125 0.406250
vt 0.703125 0.390625
vt 0.671875 0.390625
vt 0.876953 0.625000
vt 0.908203 0.625000
vt 0.908203 0.562500
vt 0.876953 0.562500
vt 0.876953 0.625000
vt 0.908203 0.625000
vt 0.908203 0.562500
vt 0.876953 0.562500
vt 0.421875 0.625000
vt 0.441406 0.625000
vt 0.441406 0.515625
vt 0.421875 0.515625
vt 0.421875 0.625000
vt 0.441406 0.625000
vt 0.441406 0.515625
vt 0.421875 0.515625
vt 0.421875 0.625000
vt 0.441406 0.625000
vt 0.441406 0.515625
vt 0.421875 0.515625
vt 0.421875 0.625000
vt 0.441406 0.625000
vt 0.441406 0.515625
vt 0.421875 0.515625
vt 0.671875 0.406250
vt 0.703125 0.406250
vt 0.703125 0.390625
vt 0.671875 0.390625
vt 0.671875 0.406250
vt 0.703125 0.406250
vt 0.703125 0.390625
vt 0.671875 0.390625
vt 0.671875 0.406250
vt 0.703125 0.406250
vt 0.703125 0.390625
vt 0.671875 0.390625
vt 0.671875 0.406250
vt 0.703125 0.406250
vt 0.703125 0.390625
vt 0.671875 0.390625
vt 0.876953 0.625000
vt 0.908203 0.625000
vt 0.908203 0.562500
vt 0.876953 0.562500
vt 0.876953 0.625000
vt 0.908203 0.625000
vt 0.908203 0.562500
vt 0.876953 0.562500
vt 0.421875 0.625000
vt 0.441406 0.625000
vt 0.441406 0.515625
vt 0.421875 0.515625
vt 0.421875 0.625000
vt 0.441406 0.625000
vt 0.441406 0.515625
vt 0.421875 0.515625
vt 0.421875 0.625000
vt 0.441406 0.625000
vt 0.441406 0.515625
vt 0.421875 0.515625
vt 0.421875 0.625000
vt 0.441406 0.625000
vt 0.441406 0.515625
vt 0.421875 0.515625
vt 0.671875 0.406250
vt 0.703125 0.406250
vt 0.703125 0.390625
vt 0.671875 0.390625
vt 0.671875 0.406250
vt 0.703125 0.406250
vt 0.703125 0.390625
vt 0.671875 0.390625
vt 0.671875 0.406250
vt 0.703125 0.406250
vt 0.703125 0.390625
vt 0.671875 0.390625
vt 0.671875 0.406250
vt 0.703125 0.406250
vt 0.703125 0.390625
vt 0.671875 0.390625
vt 0.876953 0.625000
vt 0.908203 0.625000
vt 0.908203 0.562500
vt 0.876953 0.562500
vt 0.876953 0.625000
vt 0.908203 0.625000
vt 0.908203 0.562500
vt 0.876953 0.562500
vt 0.421875 0.625000
vt 0.441406 0.625000
vt 0.441406 0.515625
vt 0.421875 0.515625
vt 0.421875 0.625000
vt 0.441406 0.625000
vt 0.441406 0.515625
vt 0.421875 0.515625
vt 0.421875 0.625000
vt 0.441406 0.625000
vt 0.441406 0.515625
vt 0.421875 0.515625
vt 0.421875 0.625000
vt 0.441406 0.625000
vt 0.441406 0.515625
vt 0.421875 0.515625
vt 0.671875 0.406250
vt 0.703125 0.406250
vt 0.703125 0.390625
vt 0.671875 0.390625
vt 0.671875 0.406250
vt 0.703125 0.406250
vt 0.703125 0.390625
vt 0.671875 0.390625
vt 0.671875 0.406250
vt 0.703125 0.406250
vt 0.703125 0.390625
vt 0.671875 0.390625
vt 0.671875 0.406250
vt 0.703125 0.406250
vt 0.703125 0.390625
vt 0.671875 0.390625
vt 0.876953 0.625000
vt 0.908203 0.625000
vt 0.908203 0.562500
vt 0.876953 0.562500
vt 0.876953 0.625000
vt 0.908203 0.625000
vt 0.908203 0.562500
vt 0.876953 0.562500
vt 0.421875 0.625000
vt 0.441406 0.625000
vt 0.441406 0.515625
vt 0.421875 0.515625
vt 0.421875 0.625000
vt 0.441406 0.625000
vt 0.441406 0.515625
vt 0.421875 0.515625
vt 0.421875 0.625000
vt 0.441406 0.625000
vt 0.441406 0.515625
vt 0.421875 0.515625
vt 0.421875 0.625000
vt 0.441406 0.625000
vt 0.441406 0.515625
vt 0.421875 0.515625
vt 0.671875 0.406250
vt 0.703125 0.406250
vt 0.703125 0.390625
vt 0.671875 0.390625
vt 0.671875 0.406250
vt 0.703125 0.406250
vt 0.703125 0.390625
vt 0.671875 0.390625
vt 0.671875 0.406250
vt 0.703125 0.406250
vt 0.703125 0.390625
vt 0.671875 0.390625
vt 0.671875 0.406250
vt 0.703125 0.406250
vt 0.703125 0.390625
vt 0.671875 0.390625
vt 0.876953 0.625000
vt 0.908203 0.625000
vt 0.908203 0.562500
vt 0.876953 0.562500
vt 0.876953 0.625000
vt 0.908203 0.625000
vt 0.908203 0.562500
vt 0.876953 0.562500
vt 0.421875 0.625000
vt 0.441406 0.625000
vt 0.441406 0.515625
vt 0.421875 0.515625
vt 0.421875 0.625000
vt 0.441406 0.625000
vt 0.441406 0.515625
vt 0.421875 0.515625
vt 0.421875 0.625000
vt 0.441406 0.625000
vt 0.441406 0.515625
vt 0.421875 0.515625
vt 0.421875 0.625000
vt 0.441406 0.625000
vt 0.441406 0.515625
vt 0.421875 0.515625
vt 0.671875 0.406250
vt 0.703125 0.406250
vt 0.703125 0.390625
vt 0.671875 0.390625
vt 0.671875 0.406250
vt 0.703125 0.406250
vt 0.703125 0.390625
vt 0.671875 0.390625
vt 0.671875 0.406250
vt 0.703125 0.406250
vt 0.703125 0.390625
vt 0.671875 0.390625
vt 0.671875 0.406250
vt 0.703125 0.406250
vt 0.703125 0.390625
vt 0.671875 0.390625
vt 0.876953 0.625000
vt 0.908203 0.625000
vt 0.908203 0.562500
vt 0.876953 0.562500
vt 0.876953 0.625000
vt 0.908203 0.625000
vt 0.908203 0.562500
vt 0.876953 0.562500
vt 0.421875 0.625000
vt 0.441406 0.625000
vt 0.441406 0.515625
vt 0.421875 0.515625
vt 0.421875 0.625000
vt 0.441406 0.625000
vt 0.441406 0.515625
vt 0.421875 0.515625
vt 0.421875 0.625000
vt 0.441406 0.625000
vt 0.441406 0.515625
vt 0.421875 0.515625
vt 0.421875 0.625000
vt 0.441406 0.625000
vt 0.441406 0.515625
vt 0.421875 0.515625
vt 0.671875 0.406250
vt 0.703125 0.406250
vt 0.703125 0.390625
vt 0.671875 0.390625
vt 0.671875 0.406250
vt 0.703125 0.406250
vt 0.703125 0.390625
vt 0.671875 0.390625
vt 0.671875 0.406250
vt 0.703125 0.406250
vt 0.703125 0.390625
vt 0.671875 0.390625
vt 0.671875 0.406250
vt 0.703125 0.406250
vt 0.703125 0.390625
vt 0.671875 0.390625
vt 0.876953 0.625000
vt 0.908203 0.625000
vt 0.908203 0.562500
vt 0.876953 0.562500
vt 0.876953 0.625000
vt 0.908203 0.625000
vt 0.908203 0.562500
vt 0.876953 0.562500
vt 0.421875 0.625000
vt 0.441406 0.625000
vt 0.441406 0.515625
vt 0.421875 0.515625
vt 0.421875 0.625000
vt 0.441406 0.625000
vt 0.441406 0.515625
vt 0.421875 0.515625
vt 0.421875 0.625000
vt 0.441406 0.625000
vt 0.441406 0.515625
vt 0.421875 0.515625
vt 0.421875 0.625000
vt 0.441406 0.625000
vt 0.441406 0.515625
vt 0.421875 0.515625
vt 0.671875 0.406250
vt 0.703125 0.406250
vt 0.703125 0.390625
vt 0.671875 0.390625
vt 0.671875 0.406250
vt 0.703125 0.406250
vt 0.703125 0.390625
vt 0.671875 0.390625
vt 0.671875 0.406250
vt 0.703125 0.406250
vt 0.703125 0.390625
vt 0.671875 0.390625
vt 0.671875 0.406250
vt 0.703125 0.406250
vt 0.703125 0.390625
vt 0.671875 0.390625
vt 0.876953 0.625000
vt 0.908203 0.625000
vt 0.908203 0.562500
vt 0.876953 0.562500
vt 0.876953 0.625000
vt 0.908203 0.625000
vt 0.908203 0.562500
vt 0.876953 0.562500
vt 0.421875 0.625000
vt 0.441406 0.625000
vt 0.441406 0.515625
vt 0.421875 0.515625
vt 0.421875 0.625000
vt 0.441406 0.625000
vt 0.441406 0.515625
vt 0.421875 0.515625
vt 0.421875 0.625000
vt 0.441406 0.625000
vt 0.441406 0.515625
vt 0.421875 0.515625
vt 0.421875 0.625000
vt 0.441406 0.625000
vt 0.441406 0.515625
vt 0.421875 0.515625
vt 0.671875 0.406250
vt 0.703125 0.406250
vt 0.703125 0.390625
vt 0.671875 0.390625
vt 0.671875 0.406250
vt 0.703125 0.406250
vt 0.703125 0.390625
vt 0.671875 0.390625
vt 0.671875 0.406250
vt 0.703125 0.406250
vt 0.703125 0.390625
vt 0.671875 0.390625
vt 0.671875 0.406250
vt 0.703125 0.406250
vt 0.703125 0.390625
vt 0.671875 0.390625
vt 0.876953 0.625000
vt 0.908203 0.625000
vt 0.908203 0.562500
vt 0.876953 0.562500
vt 0.876953 0.625000
vt 0.908203 0.625000
vt 0.908203 0.562500
vt 0.876953 0.562500
vt 0.421875 0.625000
vt 0.441406 0.625000
vt 0.441406 0.515625
vt 0.421875 0.515625
vt 0.421875 0.625000
vt 0.441406 0.625000
vt 0.441406 0.515625
vt 0.421875 0.515625
vt 0.421875 0.625000
vt 0.441406 0.625000
vt 0.441406 0.515625
vt 0.421875 0.515625
vt 0.421875 0.625000
vt 0.441406 0.625000
vt 0.441406 0.515625
vt 0.421875 0.515625
vt 0.671875 0.406250
vt 0.703125 0.406250
vt 0.703125 0.390625
vt 0.671875 0.390625
vt 0.671875 0.406250
vt 0.703125 0.406250
vt 0.703125 0.390625
vt 0.671875 0.390625
vt 0.671875 0.406250
vt 0.703125 0.406250
vt 0.703125 0.390625
vt 0.671875 0.390625
vt 0.671875 0.406250
vt 0.703125 0.406250
vt 0.703125 0.390625
vt 0.671875 0.390625
vt 0.876953 0.625000
vt 0.908203 0.625000
vt 0.908203 0.562500
vt 0.876953 0.562500
vt 0.876953 0.625000
vt 0.908203 0.625000
vt 0.908203 0.562500
vt 0.876953 0.562500
vt 0.421875 0.625000
vt 0.441406 0.625000
vt 0.441406 0.515625
vt 0.421875 0.515625
vt 0.421875 0.625000
vt 0.441406 0.625000
vt 0.441406 0.515625
vt 0.421875 0.515625
vt 0.421875 0.625000
vt 0.441406 0.625000
vt 0.441406 0.515625
vt 0.421875 0.515625
vt 0.421875 0.625000
vt 0.441406 0.625000
vt 0.441406 0.515625
vt 0.421875 0.515625
vt 0.671875 0.406250
vt 0.703125 0.406250
vt 0.703125 0.390625
vt 0.671875 0.390625
vt 0.671875 0.406250
vt 0.703125 0.406250
vt 0.703125 0.390625
vt 0.671875 0.390625
vt 0.671875 0.406250
vt 0.703125 0.406250
vt 0.703125 0.390625
vt 0.671875 0.390625
vt 0.671875 0.406250
vt 0.703125 0.406250
vt 0.703125 0.390625
vt 0.671875 0.390625
vt 0.876953 0.625000
vt 0.908203 0.625000
vt 0.908203 0.562500
vt 0.876953 0.562500
vt 0.876953 0.625000
vt 0.908203 0.625000
vt 0.908203 0.562500
vt 0.876953 0.562500
vt 0.421875 0.625000
vt 0.441406 0.625000
vt 0.441406 0.515625
vt 0.421875 0.515625
vt 0.421875 0.625000
vt 0.441406 0.625000
vt 0.441406 0.515625
vt 0.421875 0.515625
vt 0.421875 0.625000
vt 0.441406 0.625000
vt 0.441406 0.515625
vt 0.421875 0.515625
vt 0.421875 0.625000
vt 0.441406 0.625000
vt 0.441406 0.515625
vt 0.421875 0.515625
vt 0.671875 0.406250
vt 0.703125 0.406250
vt 0.703125 0.390625
vt 0.671875 0.390625
vt 0.671875 0.406250
vt 0.703125 0.406250
vt 0.703125 0.390625
vt 0.671875 0.390625
vt 0.671875 0.406250
vt 0.703125 0.406250
vt 0.703125 0.390625
vt 0.671875 0.390625
vt 0.671875 0.406250
vt 0.703125 0.406250
vt 0.703125 0.390625
vt 0.671875 0.390625
vt 0.876953 0.625000
vt 0.908203 0.625000
vt 0.908203 0.562500
vt 0.876953 0.562500
vt 0.876953 0.625000
vt 0.908203 0.625000
vt 0.908203 0.562500
vt 0.876953 0.562500
vt 0.421875 0.625000
vt 0.441406 0.625000
vt 0.441406 0.515625
vt 0.421875 0.515625
vt 0.421875 0.625000
vt 0.441406 0.625000
vt 0.441406 0.515625
vt 0.421875 0.515625
vt 0.421875 0.625000
vt 0.441406 0.625000
vt 0.441406 0.515625
vt 0.421875 0.515625
vt 0.421875 0.625000
vt 0.441406 0.625000
vt 0.441406 0.515625
vt 0.421875 0.515625
vt 0.671875 0.406250
vt 0.703125 0.406250
vt 0.703125 0.390625
vt 0.671875 0.390625
vt 0.671875 0.406250
vt 0.703125 0.406250
vt 0.703125 0.390625
vt 0.671875 0.390625
vt 0.671875 0.406250
vt 0.703125 0.406250
vt 0.703125 0.390625
vt 0.671875 0.390625
vt 0.671875 0.406250
vt 0.703125 0.406250
vt 0.703125 0.390625
vt 0.671875 0.390625
vt 0.876953 0.625000
vt 0.908203 0.625000
vt 0.908203 0.562500
vt 0.876953 0.562500
vt 0.876953 0.625000
vt 0.908203 0.625000
vt 0.908203 0.562500
vt 0.876953 0.562500
vt 0.421875 0.625000
vt 0.441406 0.625000
vt 0.441406 0.515625
vt 0.421875 0.515625
vt 0.421875 0.625000
vt 0.441406 0.625000
vt 0.441406 0.515625
vt 0.421875 0.515625
vt 0.421875 0.625000
vt 0.441406 0.625000
vt 0.441406 0.515625
vt 0.421875 0.515625
vt 0.421875 0.625000
vt 0.441406 0.625000
vt 0.441406 0.515625
vt 0.421875 0.515625
vt 0.671875 0.406250
vt 0.703125 0.406250
vt 0.703125 0.390625
vt 0.671875 0.390625
vt 0.671875 0.406250
vt 0.703125 0.406250
vt 0.703125 0.390625
vt 0.671875 0.390625
vt 0.671875 0.406250
vt 0.703125 0.406250
vt 0.703125 0.390625
vt 0.671875 0.390625
vt 0.671875 0.406250
vt 0.703125 0.406250
vt 0.703125 0.390625
vt 0.671875 0.390625
vt 0.876953 0.625000
vt 0.908203 0.625000
vt 0.908203 0.562500
vt 0.876953 0.562500
vt 0.876953 0.625000
vt 0.908203 0.625000
vt 0.908203 0.562500
vt 0.876953 0.562500
vt 0.421875 0.625000
vt 0.441406 0.625000
vt 0.441406 0.515625
vt 0.421875 0.515625
vt 0.421875 0.625000
vt 0.441406 0.625000
vt 0.441406 0.515625
vt 0.421875 0.515625
vt 0.421875 0.625000
vt 0.441406 0.625000
vt 0.441406 0.515625
vt 0.421875 0.515625
vt 0.421875 0.625000
vt 0.441406 0.625000
vt 0.441406 0.515625
vt 0.421875 0.515625
vt 0.671875 0.406250
vt 0.703125 0.406250
vt 0.703125 0.390625
vt 0.671875 0.390625
vt 0.671875 0.406250
vt 0.703125 0.406250
vt 0.703125 0.390625
vt 0.671875 0.390625
vt 0.671875 0.406250
vt 0.703125 0.406250
vt 0.703125 0.390625
vt 0.671875 0.390625
vt 0.671875 0.406250
vt 0.703125 0.406250
vt 0.703125 0.390625
vt 0.671875 0.390625
vt 0.876953 0.625000
vt 0.908203 0.625000
vt 0.908203 0.562500
vt 0.876953 0.562500
vt 0.876953 0.625000
vt 0.908203 0.625000
vt 0.908203 0.562500
vt 0.876953 0.562500
vt 0.421875 0.625000
vt 0.441406 0.625000
vt 0.441406 0.515625
vt 0.421875 0.515625
vt 0.421875 0.625000
vt 0.441406 0.625000
vt 0.441406 0.515625
vt 0.421875 0.515625
vt 0.421875 0.625000
vt 0.441406 0.625000
vt 0.441406 0.515625
vt 0.421875 0.515625
vt 0.421875 0.625000
vt 0.441406 0.625000
vt 0.441406 0.515625
vt 0.421875 0.515625
vt 0.671875 0.406250
vt 0.703125 0.406250
vt 0.703125 0.390625
vt 0.671875 0.390625
vt 0.671875 0.406250
vt 0.703125 0.406250
vt 0.703125 0.390625
vt 0.671875 0.390625
vt 0.671875 0.406250
vt 0.703125 0.406250
vt 0.703125 0.390625
vt 0.671875 0.390625
vt 0.671875 0.406250
vt 0.703125 0.406250
vt 0.703125 0.390625
vt 0.671875 0.390625
vt 0.876953 0.625000
vt 0.908203 0.625000
vt 0.908203 0.562500
vt 0.876953 0.562500
vt 0.876953 0.625000
vt 0.908203 0.625000
vt 0.908203 0.562500
vt 0.876953 0.562500
vt 0.421875 0.625000
vt 0.441406 0.625000
vt 0.441406 0.515625
vt 0.421875 0.515625
vt 0.421875 0.625000
vt 0.441406 0.625000
vt 0.441406 0.515625
vt 0.421875 0.515625
vt 0.421875 0.625000
vt 0.441406 0.625000
vt 0.441406 0.515625
vt 0.421875 0.515625
vt 0.421875 0.625000
vt 0.441406 0.625000
vt 0.441406 0.515625
vt 0.421875 0.515625
vt 0.671875 0.406250
vt 0.703125 0.406250
vt 0.703125 0.390625
vt 0.671875 0.390625
vt 0.671875 0.406250
vt 0.703125 0.406250
vt 0.703125 0.390625
vt 0.671875 0.390625
vt 0.671875 0.406250
vt 0.703125 0.406250
vt 0.703125 0.390625
vt 0.671875 0.390625
vt 0.671875 0.406250
vt 0.703125 0.406250
vt 0.703125 0.390625
vt 0.671875 0.390625
vt 0.876953 0.625000
vt 0.908203 0.625000
vt 0.908203 0.562500
vt 0.876953 0.562500
vt 0.876953 0.625000
vt 0.908203 0.625000
vt 0.908203 0.562500
vt 0.876953 0.562500
vt 0.421875 0.625000
vt 0.441406 0.625000
vt 0.441406 0.515625
vt 0.421875 0.515625
vt 0.421875 0.625000
vt 0.441406 0.625000
vt 0.441406 0.515625
vt 0.421875 0.515625
vt 0.421875 0.625000
vt 0.441406 0.625000
vt 0.441406 0.515625
vt 0.421875 0.515625
vt 0.421875 0.625000
vt 0.441406 0.625000
vt 0.441406 0.515625
vt 0.421875 0.515625
vt 0.671875 0.406250
vt 0.703125 0.406250
vt 0.703125 0.390625
vt 0.671875 0.390625
vt 0.671875 0.406250
vt 0.703125 0.406250
vt 0.703125 0.390625
vt 0.671875 0.390625
vt 0.671875 0.406250
vt 0.703125 0.406250
vt 0.703125 0.390625
vt 0.671875 0.390625
vt 0.671875 0.406250
vt 0.703125 0.406250
vt 0.703125 0.390625
vt 0.671875 0.390625
vt 0.876953 0.625000
vt 0.908203 0.625000
vt 0.908203 0.562500
vt 0.876953 0.562500
vt 0.876953 0.625000
vt 0.908203 0.625000
vt 0.908203 0.562500
vt 0.876953 0.562500
vt 0.421875 0.625000
vt 0.441406 0.625000
vt 0.441406 0.515625
vt 0.421875 0.515625
vt 0.421875 0.625000
vt 0.441406 0.625000
vt 0.441406 0.515625
vt 0.421875 0.515625
vt 0.421875 0.625000
vt 0.441406 0.625000
vt 0.441406 0.515625
vt 0.421875 0.515625
vt 0.421875 0.625000
vt 0.441406 0.625000
vt 0.441406 0.515625
vt 0.421875 0.515625
vt 0.671875 0.406250
vt 0.703125 0.406250
vt 0.703125 0.390625
vt 0.671875 0.390625
vt 0.671875 0.406250
vt 0.703125 0.406250
vt 0.703125 0.390625
vt 0.671875 0.390625
vt 0.671875 0.406250
vt 0.703125 0.406250
vt 0.703125 0.390625
vt 0.671875 0.390625
vt 0.671875 0.406250
vt 0.703125 0.406250
vt 0.703125 0.390625
vt 0.671875 0.390625
vt 0.876953 0.625000
vt 0.908203 0.625000
vt 0.908203 0.562500
vt 0.876953 0.562500
vt 0.876953 0.625000
vt 0.908203 0.625000
vt 0.908203 0.562500
vt 0.876953 0.562500
vt 0.421875 0.625000
vt 0.441406 0.625000
vt 0.441406 0.515625
vt 0.421875 0.515625
vt 0.421875 0.625000
vt 0.441406 0.625000
vt 0.441406 0.515625
vt 0.421875 0.515625
vt 0.421875 0.625000
vt 0.441406 0.625000
vt 0.441406 0.515625
vt 0.421875 0.515625
vt 0.421875 0.625000
vt 0.441406 0.625000
vt 0.441406 0.515625
vt 0.421875 0.515625
vt 0.671875 0.406250
vt 0.703125 0.406250
vt 0.703125 0.390625
vt 0.671875 0.390625
vt 0.671875 0.406250
vt 0.703125 0.406250
vt 0.703125 0.390625
vt 0.671875 0.390625
vt 0.671875 0.406250
vt 0.703125 0.406250
vt 0.703125 0.390625
vt 0.671875 0.390625
vt 0.671875 0.406250
vt 0.703125 0.406250
vt 0.703125 0.390625
vt 0.671875 0.390625
vt 0.876953 0.625000
vt 0.908203 0.625000
vt 0.908203 0.562500
vt 0.876953 0.562500
vt 0.876953 0.625000
vt 0.908203 0.625000
vt 0.908203 0.562500
vt 0.876953 0.562500
vt 0.421875 0.625000
vt 0.441406 0.625000
vt 0.441406 0.515625
vt 0.421875 0.515625
vt 0.421875 0.625000
vt 0.441406 0.625000
vt 0.441406 0.515625
vt 0.421875 0.515625
vt 0.421875 0.625000
vt 0.441406 0.625000
vt 0.441406 0.515625
vt 0.421875 0.515625
vt 0.421875 0.625000
vt 0.441406 0.625000
vt 0.441406 0.515625
vt 0.421875 0.515625
vt 0.671875 0.406250
vt 0.703125 0.406250
vt 0.703125 0.390625
vt 0.671875 0.390625
vt 0.671875 0.406250
vt 0.703125 0.406250
vt 0.703125 0.390625
vt 0.671875 0.390625
vt 0.671875 0.406250
vt 0.703125 0.406250
vt 0.703125 0.390625
vt 0.671875 0.390625
vt 0.671875 0.406250
vt 0.703125 0.406250
vt 0.703125 0.390625
vt 0.671875 0.390625
vt 0.876953 0.625000
vt 0.908203 0.625000
vt 0.908203 0.562500
vt 0.876953 0.562500
vt 0.876953 0.625000
vt 0.908203 0.625000
vt 0.908203 0.562500
vt 0.876953 0.562500
vt 0.421875 0.625000
vt 0.441406 0.625000
vt 0.441406 0.515625
vt 0.421875 0.515625
vt 0.421875 0.625000
vt 0.441406 0.625000
vt 0.441406 0.515625
vt 0.421875 0.515625
vt 0.421875 0.625000
vt 0.441406 0.625000
vt 0.441406 0.515625
vt 0.421875 0.515625
vt 0.421875 0.625000
vt 0.441406 0.625000
vt 0.441406 0.515625
vt 0.421875 0.515625
vt 0.671875 0.406250
vt 0.703125 0.406250
vt 0.703125 0.390625
vt 0.671875 0.390625
vt 0.671875 0.406250
vt 0.703125 0.406250
vt 0.703125 0.390625
vt 0.671875 0.390625
vt 0.671875 0.406250
vt 0.703125 0.406250
vt 0.703125 0.390625
vt 0.671875 0.390625
vt 0.671875 0.406250
vt 0.703125 0.406250
vt 0.703125 0.390625
vt 0.671875 0.390625
vt 0.876953 0.625000
vt 0.908203 0.625000
vt 0.908203 0.562500
vt 0.876953 0.562500
vt 0.876953 0.625000
vt 0.908203 0.625000
vt 0.908203 0.562500
vt 0.876953 0.562500
vt 0.421875 0.625000
vt 0.441406 0.625000
vt 0.441406 0.515625
vt 0.421875 0.515625
vt 0.421875 0.625000
vt 0.441406 0.625000
vt 0.441406 0.515625
vt 0.421875 0.515625
vt 0.421875 0.625000
vt 0.441406 0.625000
vt 0.441406 0.515625
vt 0.421875 0.515625
vt 0.421875 0.625000
vt 0.441406 0.625000
vt 0.441406 0.515625
vt 0.421875 0.515625
vt 0.671875 0.406250
vt 0.703125 0.406250
vt 0.703125 0.390625
vt 0.671875 0.390625
vt 0.671875 0.406250
vt 0.703125 0.406250
vt 0.703125 0.390625
vt 0.671875 0.390625
vt 0.671875 0.406250
vt 0.703125 0.406250
vt 0.703125 0.390625
vt 0.671875 0.390625
vt 0.671875 0.406250
vt 0.703125 0.406250
vt 0.703125 0.390625
vt 0.671875 0.390625
vt 0.876953 0.625000
vt 0.908203 0.625000
vt 0.908203 0.562500
vt 0.876953 0.562500
vt 0.876953 0.625000
vt 0.908203 0.625000
vt 0.908203 0.562500
vt 0.876953 0.562500
vt 0.421875 0.625000
vt 0.441406 0.625000
vt 0.441406 0.515625
vt 0.421875 0.515625
vt 0.421875 0.625000
vt 0.441406 0.625000
vt 0.441406 0.515625
vt 0.421875 0.515625
vt 0.421875 0.625000
vt 0.441406 0.625000
vt 0.441406 0.515625
vt 0.421875 0.515625
vt 0.421875 0.625000
vt 0.441406 0.625000
vt 0.441406 0.515625
vt 0.421875 0.515625
vt 0.671875 0.406250
vt 0.703125 0.406250
vt 0.703125 0.390625
vt 0.671875 0.390625
vt 0.671875 0.406250
vt 0.703125 0.406250
vt 0.703125 0.390625
vt 0.671875 0.390625
vt 0.671875 0.406250
vt 0.703125 0.406250
vt 0.703125 0.390625
vt 0.671875 0.390625
vt 0.671875 0.406250
vt 0.703125 0.406250
vt 0.703125 0.390625
vt 0.671875 0.390625
vt 0.876953 0.625000
vt 0.908203 0.625000
vt 0.908203 0.562500
vt 0.876953 0.562500
vt 0.876953 0.625000
vt 0.908203 0.625000
vt 0.908203 0.562500
vt 0.876953 0.562500
vt 0.421875 0.625000
vt 0.441406 0.625000
vt 0.441406 0.515625
vt 0.421875 0.515625
vt 0.421875 0.625000
vt 0.441406 0.625000
vt 0.441406 0.515625
vt 0.421875 0.515625
vt 0.421875 0.625000
vt 0.441406 0.625000
vt 0.441406 0.515625
vt 0.421875 0.515625
vt 0.421875 0.625000
vt 0.441406 0.625000
vt 0.441406 0.515625
vt 0.421875 0.515625
vt 0.671875 0.406250
vt 0.703125 0.406250
vt 0.703125 0.390625
vt 0.671875 0.390625
vt 0.671875 0.406250
vt 0.703125 0.406250
vt 0.703125 0.390625
vt 0.671875 0.390625
vt 0.671875 0.406250
vt 0.703125 0.406250
vt 0.703125 0.390625
vt 0.671875 0.390625
vt 0.671875 0.406250
vt 0.703125 0.406250
vt 0.703125 0.390625
vt 0.671875 0.390625
vt 0.876953 0.625000
vt 0.908203 0.625000
vt 0.908203 0.562500
vt 0.876953 0.562500
vt 0.876953 0.625000
vt 0.908203 0.625000
vt 0.908203 0.562500
vt 0.876953 0.562500
vt 0.421875 0.625000
vt 0.441406 0.625000
vt 0.441406 0.515625
vt 0.421875 0.515625
vt 0.421875 0.625000
vt 0.441406 0.625000
vt 0.441406 0.515625
vt 0.421875 0.515625
vt 0.421875 0.625000
vt 0.441406 0.625000
vt 0.441406 0.515625
vt 0.421875 0.515625
vt 0.421875 0.625000
vt 0.441406 0.625000
vt 0.441406 0.515625
vt 0.421875 0.515625
vt 0.671875 0.406250
vt 0.703125 0.406250
vt 0.703125 0.390625
vt 0.671875 0.390625
vt 0.671875 0.406250
vt 0.703125 0.406250
vt 0.703125 0.390625
vt 0.671875 0.390625
vt 0.671875 0.406250
vt 0.703125 0.406250
vt 0.703125 0.390625
vt 0.671875 0.390625
vt 0.671875 0.406250
vt 0.703125 0.406250
vt 0.703125 0.390625
vt 0.671875 0.390625
vt 0.876953 0.625000
vt 0.908203 0.625000
vt 0.908203 0.562500
vt 0.876953 0.562500
vt 0.876953 0.625000
vt 0.908203 0.625000
vt 0.908203 0.562500
vt 0.876953 0.562500
vt 0.421875 0.625000
vt 0.441406 0.625000
vt 0.441406 0.515625
vt 0.421875 0.515625
vt 0.421875 0.625000
vt 0.441406 0.625000
vt 0.441406 0.515625
vt 0.421875 0.515625
vt 0.421875 0.625000
vt 0.441406 0.625000
vt 0.441406 0.515625
vt 0.421875 0.515625
vt 0.421875 0.625000
vt 0.441406 0.625000
vt 0.441406 0.515625
vt 0.421875 0.515625
vt 0.671875 0.406250
vt 0.703125 0.406250
vt 0.703125 0.390625
vt 0.671875 0.390625
vt 0.671875 0.406250
vt 0.703125 0.406250
vt 0.703125 0.390625
vt 0.671875 0.390625
vt 0.671875 0.406250
vt 0.703125 0.406250
vt 0.703125 0.390625
vt 0.671875 0.390625
vt 0.671875 0.406250
vt 0.703125 0.406250
vt 0.703125 0.390625
vt 0.671875 0.390625
vt 0.876953 0.625000
vt 0.908203 0.625000
vt 0.908203 0.562500
vt 0.876953 0.562500
vt 0.876953 0.625000
vt 0.908203 0.625000
vt 0.908203 0.562500
vt 0.876953 0.562500
vt 0.421875 0.625000
vt 0.441406 0.625000
vt 0.441406 0.515625
vt 0.421875 0.515625
vt 0.421875 0.625000
vt 0.441406 0.625000
vt 0.441406 0.515625
vt 0.421875 0.515625
vt 0.421875 0.625000
vt 0.441406 0.625000
vt 0.441406 0.515625
vt 0.421875 0.515625
vt 0.421875 0.625000
vt 0.441406 0.625000
vt 0.441406 0.515625
vt 0.421875 0.515625
vt 0.671875 0.406250
vt 0.703125 0.406250
vt 0.703125 0.390625
vt 0.671875 0.390625
vt 0.671875 0.406250
vt 0.703125 0.406250
vt 0.703125 0.390625
vt 0.671875 0.390625
vt 0.671875 0.406250
vt 0.703125 0.406250
vt 0.703125 0.390625
vt 0.671875 0.390625
vt 0.671875 0.406250
vt 0.703125 0.406250
vt 0.703125 0.390625
vt 0.671875 0.390625
vt 0.876953 0.625000
vt 0.908203 0.625000
vt 0.908203 0.562500
vt 0.876953 0.562500
vt 0.876953 0.625000
vt 0.908203 0.625000
vt 0.908203 0.562500
vt 0.876953 0.562500
vt 0.421875 0.625000
vt 0.441406 0.625000
vt 0.441406 0.515625
vt 0.421875 0.515625
vt 0.421875 0.625000
vt 0.441406 0.625000
vt 0.441406 0.515625
vt 0.421875 0.515625
vt 0.421875 0.625000
vt 0.441406 0.625000
vt 0.441406 0.515625
vt 0.421875 0.515625
vt 0.421875 0.625000
vt 0.441406 0.625000
vt 0.441406 0.515625
vt 0.421875 0.515625
vt 0.671875 0.406250
vt 0.703125 0.406250
vt 0.703125 0.390625
vt 0.671875 0.390625
vt 0.671875 0.406250
vt 0.703125 0.406250
vt 0.703125 0.390625
vt 0.671875 0.390625
vt 0.671875 0.406250
vt 0.703125 0.406250
vt 0.703125 0.390625
vt 0.671875 0.390625
vt 0.671875 0.406250
vt 0.703125 0.406250
vt 0.703125 0.390625
vt 0.671875 0.390625
vt 0.876953 0.625000
vt 0.908203 0.625000
vt 0.908203 0.562500
vt 0.876953 0.562500
vt 0.876953 0.625000
vt 0.908203 0.625000
vt 0.908203 0.562500
vt 0.876953 0.562500
vt 0.421875 0.625000
vt 0.441406 0.625000
vt 0.441406 0.515625
vt 0.421875 0.515625
vt 0.421875 0.625000
vt 0.441406 0.625000
vt 0.441406 0.515625
vt 0.421875 0.515625
vt 0.421875 0.625000
vt 0.441406 0.625000
vt 0.441406 0.515625
vt 0.421875 0.515625
vt 0.421875 0.625000
vt 0.441406 0.625000
vt 0.441406 0.515625
vt 0.421875 0.515625
vt 0.671875 0.406250
vt 0.703125 0.406250
vt 0.703125 0.390625
vt 0.671875 0.390625
vt 0.671875 0.406250
vt 0.703125 0.406250
vt 0.703125 0.390625
vt 0.671875 0.390625
vt 0.671875 0.406250
vt 0.703125 0.406250
vt 0.703125 0.390625
vt 0.671875 0.390625
vt 0.671875 0.406250
vt 0.703125 0.406250
vt 0.703125 0.390625
vt 0.671875 0.390625
vt 0.876953 0.625000
vt 0.908203 0.625000
vt 0.908203 0.562500
vt 0.876953 0.562500
vt 0.876953 0.625000
vt 0.908203 0.625000
vt 0.908203 0.562500
vt 0.876953 0.562500
vt 0.421875 0.625000
vt 0.441406 0.625000
vt 0.441406 0.515625
vt 0.421875 0.515625
vt 0.421875 0.625000
vt 0.441406 0.625000
vt 0.441406 0.515625
vt 0.421875 0.515625
vt 0.421875 0.625000
vt 0.441406 0.625000
vt 0.441406 0.515625
vt 0.421875 0.515625
vt 0.421875 0.625000
vt 0.441406 0.625000
vt 0.441406 0.515625
vt 0.421875 0.515625
vt 0.671875 0.406250
vt 0.703125 0.406250
vt 0.703125 0.390625
vt 0.671875 0.390625
vt 0.671875 0.406250
vt 0.703125 0.406250
vt 0.703125 0.390625
vt 0.671875 0.390625
vt 0.671875 0.406250
vt 0.703125 0.406250
vt 0.703125 0.390625
vt 0.671875 0.390625
vt 0.671875 0.406250
vt 0.703125 0.406250
vt 0.703125 0.390625
vt 0.671875 0.390625
vt 0.876953 0.625000
vt 0.908203 0.625000
vt 0.908203 0.562500
vt 0.876953 0.562500
vt 0.876953 0.625000
vt 0.908203 0.625000
vt 0.908203 0.562500
vt 0.876953 0.562500
vt 0.421875 0.625000
vt 0.441406 0.625000
vt 0.441406 0.515625
vt 0.421875 0.515625
vt 0.421875 0.625000
vt 0.441406 0.625000
vt 0.441406 0.515625
vt 0.421875 0.515625
vt 0.421875 0.625000
vt 0.441406 0.625000
vt 0.441406 0.515625
vt 0.421875 0.515625
vt 0.421875 0.625000
vt 0.441406 0.625000
vt 0.441406 0.515625
vt 0.421875 0.515625
vt 0.671875 0.406250
vt 0.703125 0.406250
vt 0.703125 0.390625
vt 0.671875 0.390625
vt 0.671875 0.406250
vt 0.703125 0.406250
vt 0.703125 0.390625
vt 0.671875 0.390625
vt 0.671875 0.406250
vt 0.703125 0.406250
vt 0.703125 0.390625
vt 0.671875 0.390625
vt 0.671875 0.406250
vt 0.703125 0.406250
vt 0.703125 0.390625
vt 0.671875 0.390625
vt 0.876953 0.625000
vt 0.908203 0.625000
vt 0.908203 0.562500
vt 0.876953 0.562500
vt 0.876953 0.625000
vt 0.908203 0.625000
vt 0.908203 0.562500
vt 0.876953 0.562500
vt 0.421875 0.625000
vt 0.441406 0.625000
vt 0.441406 0.515625
vt 0.421875 0.515625
vt 0.421875 0.625000
vt 0.441406 0.625000
vt 0.441406 0.515625
vt 0.421875 0.515625
vt 0.421875 0.625000
vt 0.441406 0.625000
vt 0.441406 0.515625
vt 0.421875 0.515625
vt 0.421875 0.625000
vt 0.441406 0.625000
vt 0.441406 0.515625
vt 0.421875 0.515625
vt 0.671875 0.406250
vt 0.703125 0.406250
vt 0.703125 0.390625
vt 0.671875 0.390625
vt 0.671875 0.406250
vt 0.703125 0.406250
vt 0.703125 0.390625
vt 0.671875 0.390625
vt 0.671875 0.406250
vt 0.703125 0.406250
vt 0.703125 0.390625
vt 0.671875 0.390625
vt 0.671875 0.406250
vt 0.703125 0.406250
vt 0.703125 0.390625
vt 0.671875 0.390625
vt 0.876953 0.625000
vt 0.908203 0.625000
vt 0.908203 0.562500
vt 0.876953 0.562500
vt 0.876953 0.625000
vt 0.908203 0.625000
vt 0.908203 0.562500
vt 0.876953 0.562500
vt 0.421875 0.625000
vt 0.441406 0.625000
vt 0.441406 0.515625
vt 0.421875 0.515625
vt 0.421875 0.625000
vt 0.441406 0.625000
vt 0.441406 0.515625
vt 0.421875 0.515625
vt 0.421875 0.625000
vt 0.441406 0.625000
vt 0.441406 0.515625
vt 0.421875 0.515625
vt 0.421875 0.625000
vt 0.441406 0.625000
vt 0.441406 0.515625
vt 0.421875 0.515625
vt 0.671875 0.406250
vt 0.703125 0.406250
vt 0.703125 0.390625
vt 0.671875 0.390625
vt 0.671875 0.406250
vt 0.703125 0.406250
vt 0.703125 0.390625
vt 0.671875 0.390625
vt 0.671875 0.406250
vt 0.703125 0.406250
vt 0.703125 0.390625
vt 0.671875 0.390625
vt 0.671875 0.406250
vt 0.703125 0.406250
vt 0.703125 0.390625
vt 0.671875 0.390625
vt 0.876953 0.625000
vt 0.908203 0.625000
vt 0.908203 0.562500
vt 0.876953 0.562500
vt 0.876953 0.625000
vt 0.908203 0.625000
vt 0.908203 0.562500
vt 0.876953 0.562500
vt 0.421875 0.625000
vt 0.441406 0.625000
vt 0.441406 0.515625
vt 0.421875 0.515625
vt 0.421875 0.625000
vt 0.441406 0.625000
vt 0.441406 0.515625
vt 0.421875 0.515625
vt 0.421875 0.625000
vt 0.441406 0.625000
vt 0.441406 0.515625
vt 0.421875 0.515625
vt 0.421875 0.625000
vt 0.441406 0.625000
vt 0.441406 0.515625
vt 0.421875 0.515625
vt 0.671875 0.406250
vt 0.703125 0.406250
vt 0.703125 0.390625
vt 0.671875 0.390625
vt 0.671875 0.406250
vt 0.703125 0.406250
vt 0.703125 0.390625
vt 0.671875 0.390625
vt 0.671875 0.406250
vt 0.703125 0.406250
vt 0.703125 0.390625
vt 0.671875 0.390625
vt 0.671875 0.406250
vt 0.703125 0.406250
vt 0.703125 0.390625
vt 0.671875 0.390625
vt 0.876953 0.625000
vt 0.908203 0.625000
vt 0.908203 0.562500
vt 0.876953 0.562500
vt 0.876953 0.625000
vt 0.908203 0.625000
vt 0.908203 0.562500
vt 0.876953 0.562500
vt 0.421875 0.625000
vt 0.441406 0.625000
vt 0.441406 0.515625
vt 0.421875 0.515625
vt 0.421875 0.625000
vt 0.441406 0.625000
vt 0.441406 0.515625
vt 0.421875 0.515625
vt 0.421875 0.625000
vt 0.441406 0.625000
vt 0.441406 0.515625
vt 0.421875 0.515625
vt 0.421875 0.625000
vt 0.441406 0.625000
vt 0.441406 0.515625
vt 0.421875 0.515625
vt 0.671875 0.406250
vt 0.703125 0.406250
vt 0.703125 0.390625
vt 0.671875 0.390625
vt 0.671875 0.406250
vt 0.703125 0.406250
vt 0.703125 0.390625
vt 0.671875 0.390625
vt 0.671875 0.406250
vt 0.703125 0.406250
vt 0.703125 0.390625
vt 0.671875 0.390625
vt 0.671875 0.406250
vt 0.703125 0.406250
vt 0.703125 0.390625
vt 0.671875 0.390625
vt 0.876953 0.625000
vt 0.908203 0.625000
vt 0.908203 0.562500
vt 0.876953 0.562500
vt 0.876953 0.625000
vt 0.908203 0.625000
vt 0.908203 0.562500
vt 0.876953 0.562500
vt 0.421875 0.625000
vt 0.441406 0.625000
vt 0.441406 0.515625
vt 0.421875 0.515625
vt 0.421875 0.625000
vt 0.441406 0.625000
vt 0.441406 0.515625
vt 0.421875 0.515625
vt 0.421875 0.625000
vt 0.441406 0.625000
vt 0.441406 0.515625
vt 0.421875 0.515625
vt 0.421875 0.625000
vt 0.441406 0.625000
vt 0.441406 0.515625
vt 0.421875 0.515625
vt 0.671875 0.406250
vt 0.703125 0.406250
vt 0.703125 0.390625
vt 0.671875 0.390625
vt 0.671875 0.406250
vt 0.703125 0.406250
vt 0.703125 0.390625
vt 0.671875 0.390625
vt 0.671875 0.406250
vt 0.703125 0.406250
vt 0.703125 0.390625
vt 0.671875 0.390625
vt 0.671875 0.406250
vt 0.703125 0.406250
vt 0.703125 0.390625
vt 0.671875 0.390625
vt 0.876953 0.625000
vt 0.908203 0.625000
vt 0.908203 0.562500
vt 0.876953 0.562500
vt 0.876953 0.625000
vt 0.908203 0.625000
vt 0.908203 0.562500
vt 0.876953 0.562500
vt 0.421875 0.625000
vt 0.441406 0.625000
vt 0.441406 0.515625
vt 0.421875 0.515625
vt 0.421875 0.625000
vt 0.441406 0.625000
vt 0.441406 0.515625
vt 0.421875 0.515625
vt 0.421875 0.625000
vt 0.441406 0.625000
vt 0.441406 0.515625
vt 0.421875 0.515625
vt 0.421875 0.625000
vt 0.441406 0.625000
vt 0.441406 0.515625
vt 0.421875 0.515625
vt 0.671875 0.406250
vt 0.703125 0.406250
vt 0.703125 0.390625
vt 0.671875 0.390625
vt 0.671875 0.406250
vt 0.703125 0.406250
vt 0.703125 0.390625
vt 0.671875 0.390625
vt 0.671875 0.406250
vt 0.703125 0.406250
vt 0.703125 0.390625
vt 0.671875 0.390625
vt 0.671875 0.406250
vt 0.703125 0.406250
vt 0.703125 0.390625
vt 0.671875 0.390625
vt 0.876953 0.625000
vt 0.908203 0.625000
vt 0.908203 0.562500
vt 0.876953 0.562500
vt 0.876953 0.625000
vt 0.908203 0.625000
vt 0.908203 0.562500
vt 0.876953 0.562500
vt 0.421875 0.625000
vt 0.441406 0.625000
vt 0.441406 0.515625
vt 0.421875 0.515625
vt 0.421875 0.625000
vt 0.441406 0.625000
vt 0.441406 0.515625
vt 0.421875 0.515625
vt 0.421875 0.625000
vt 0.441406 0.625000
vt 0.441406 0.515625
vt 0.421875 0.515625
vt 0.421875 0.625000
vt 0.441406 0.625000
vt 0.441406 0.515625
vt 0.421875 0.515625
vt 0.671875 0.406250
vt 0.703125 0.406250
vt 0.703125 0.390625
vt 0.671875 0.390625
vt 0.671875 0.406250
vt 0.703125 0.406250
vt 0.703125 0.390625
vt 0.671875 0.390625
vt 0.671875 0.406250
vt 0.703125 0.406250
vt 0.703125 0.390625
vt 0.671875 0.390625
vt 0.671875 0.406250
vt 0.703125 0.406250
vt 0.703125 0.390625
vt 0.671875 0.390625
vt 0.876953 0.625000
vt 0.908203 0.625000
vt 0.908203 0.562500
vt 0.876953 0.562500
vt 0.876953 0.625000
vt 0.908203 0.625000
vt 0.908203 0.562500
vt 0.876953 0.562500
vt 0.421875 0.625000
vt 0.441406 0.625000
vt 0.441406 0.515625
vt 0.421875 0.515625
vt 0.421875 0.625000
vt 0.441406 0.625000
vt 0.441406 0.515625
vt 0.421875 0.515625
vt 0.421875 0.625000
vt 0.441406 0.625000
vt 0.441406 0.515625
vt 0.421875 0.515625
vt 0.421875 0.625000
vt 0.441406 0.625000
vt 0.441406 0.515625
vt 0.421875 0.515625
vt 0.671875 0.406250
vt 0.703125 0.406250
vt 0.703125 0.390625
vt 0.671875 0.390625
vt 0.671875 0.406250
vt 0.703125 0.406250
vt 0.703125 0.390625
vt 0.671875 0.390625
vt 0.671875 0.406250
vt 0.703125 0.406250
vt 0.703125 0.390625
vt 0.671875 0.390625
vt 0.671875 0.406250
vt 0.703125 0.406250
vt 0.703125 0.390625
vt 0.671875 0.390625
vt 0.876953 0.625000
vt 0.908203 0.625000
vt 0.908203 0.562500
vt 0.876953 0.562500
vt 0.876953 0.625000
vt 0.908203 0.625000
vt 0.908203 0.562500
vt 0.876953 0.562500
vt 0.421875 0.625000
vt 0.441406 0.625000
vt 0.441406 0.515625
vt 0.421875 0.515625
vt 0.421875 0.625000
vt 0.441406 0.625000
vt 0.441406 0.515625
vt 0.421875 0.515625
vt 0.421875 0.625000
vt 0.441406 0.625000
vt 0.441406 0.515625
vt 0.421875 0.515625
vt 0.421875 0.625000
vt 0.441406 0.625000
vt 0.441406 0.515625
vt 0.421875 0.515625
vt 0.671875 0.406250
vt 0.703125 0.406250
vt 0.703125 0.390625
vt 0.671875 0.390625
vt 0.671875 0.406250
vt 0.703125 0.406250
vt 0.703125 0.390625
vt 0.671875 0.390625
vt 0.671875 0.406250
vt 0.703125 0.406250
vt 0.703125 0.390625
vt 0.671875 0.390625
vt 0.671875 0.406250
vt 0.703125 0.406250
vt 0.703125 0.390625
vt 0.671875 0.390625
vt 0.876953 0.625000
vt 0.908203 0.625000
vt 0.908203 0.562500
vt 0.876953 0.562500
vt 0.876953 0.625000
vt 0.908203 0.625000
vt 0.908203 0.562500
vt 0.876953 0.562500
vt 0.421875 0.625000
vt 0.441406 0.625000
vt 0.441406 0.515625
vt 0.421875 0.515625
vt 0.421875 0.625000
vt 0.441406 0.625000
vt 0.441406 0.515625
vt 0.421875 0.515625
vt 0.421875 0.625000
vt 0.441406 0.625000
vt 0.441406 0.515625
vt 0.421875 0.515625
vt 0.421875 0.625000
vt 0.441406 0.625000
vt 0.441406 0.515625
vt 0.421875 0.515625
vt 0.671875 0.406250
vt 0.703125 0.406250
vt 0.703125 0.390625
vt 0.671875 0.390625
vt 0.671875 0.406250
vt 0.703125 0.406250
vt 0.703125 0.390625
vt 0.671875 0.390625
vt 0.671875 0.406250
vt 0.703125 0.406250
vt 0.703125 0.390625
vt 0.671875 0.390625
vt 0.671875 0.406250
vt 0.703125 0.406250
vt 0.703125 0.390625
vt 0.671875 0.390625
vt 0.876953 0.625000
vt 0.908203 0.625000
vt 0.908203 0.562500
vt 0.876953 0.562500
vt 0.876953 0.625000
vt 0.908203 0.625000
vt 0.908203 0.562500
vt 0.876953 0.562500
vt 0.421875 0.625000
vt 0.441406 0.625000
vt 0.441406 0.515625
vt 0.421875 0.515625
vt 0.421875 0.625000
vt 0.441406 0.625000
vt 0.441406 0.515625
vt 0.421875 0.515625
vt 0.421875 0.625000
vt 0.441406 0.625000
vt 0.441406 0.515625
vt 0.421875 0.515625
vt 0.421875 0.625000
vt 0.441406 0.625000
vt 0.441406 0.515625
vt 0.421875 0.515625
vt 0.671875 0.406250
vt 0.703125 0.406250
vt 0.703125 0.390625
vt 0.671875 0.390625
vt 0.671875 0.406250
vt 0.703125 0.406250
vt 0.703125 0.390625
vt 0.671875 0.390625
vt 0.671875 0.406250
vt 0.703125 0.406250
vt 0.703125 0.390625
vt 0.671875 0.390625
vt 0.671875 0.406250
vt 0.703125 0.406250
vt 0.703125 0.390625
vt 0.671875 0.390625
vt 0.876953 0.625000
vt 0.908203 0.625000
vt 0.908203 0.562500
vt 0.876953 0.562500
vt 0.876953 0.625000
vt 0.908203 0.625000
vt 0.908203 0.562500
vt 0.876953 0.562500
vt 0.421875 0.625000
vt 0.441406 0.625000
vt 0.441406 0.515625
vt 0.421875 0.515625
vt 0.421875 0.625000
vt 0.441406 0.625000
vt 0.441406 0.515625
vt 0.421875 0.515625
vt 0.421875 0.625000
vt 0.441406 0.625000
vt 0.441406 0.515625
vt 0.421875 0.515625
vt 0.421875 0.625000
vt 0.441406 0.625000
vt 0.441406 0.515625
vt 0.421875 0.515625
vt 0.671875 0.406250
vt 0.703125 0.406250
vt 0.703125 0.390625
vt 0.671875 0.390625
vt 0.671875 0.406250
vt 0.703125 0.406250
vt 0.703125 0.390625
vt 0.671875 0.390625
vt 0.671875 0.406250
vt 0.703125 0.406250
vt 0.703125 0.390625
vt 0.671875 0.390625
vt 0.671875 0.406250
vt 0.703125 0.406250
vt 0.703125 0.390625
vt 0.671875 0.390625
vt 0.876953 0.625000
vt 0.908203 0.625000
vt 0.908203 0.562500
vt 0.876953 0.562500
vt 0.876953 0.625000
vt 0.908203 0.625000
vt 0.908203 0.562500
vt 0.876953 0.562500
vt 0.421875 0.625000
vt 0.441406 0.625000
vt 0.441406 0.515625
vt 0.421875 0.515625
vt 0.421875 0.625000
vt 0.441406 0.625000
vt 0.441406 0.515625
vt 0.421875 0.515625
vt 0.421875 0.625000
vt 0.441406 0.625000
vt 0.441406 0.515625
vt 0.421875 0.515625
vt 0.421875 0.625000
vt 0.441406 0.625000
vt 0.441406 0.515625
vt 0.421875 0.515625
vt 0.671875 0.406250
vt 0.703125 0.406250
vt 0.703125 0.390625
vt 0.671875 0.390625
vt 0.671875 0.406250
vt 0.703125 0.406250
vt 0.703125 0.390625
vt 0.671875 0.390625
vt 0.671875 0.406250
vt 0.703125 0.406250
vt 0.703125 0.390625
vt 0.671875 0.390625
vt 0.671875 0.406250
vt 0.703125 0.406250
vt 0.703125 0.390625
vt 0.671875 0.390625
vt 0.876953 0.625000
vt 0.908203 0.625000
vt 0.908203 0.562500
vt 0.876953 0.562500
vt 0.876953 0.625000
vt 0.908203 0.625000
vt 0.908203 0.562500
vt 0.876953 0.562500
vt 0.421875 0.625000
vt 0.441406 0.625000
vt 0.441406 0.515625
vt 0.421875 0.515625
vt 0.421875 0.625000
vt 0.441406 0.625000
vt 0.441406 0.515625
vt 0.421875 0.515625
vt 0.421875 0.625000
vt 0.441406 0.625000
vt 0.441406 0.515625
vt 0.421875 0.515625
vt 0.421875 0.625000
vt 0.441406 0.625000
vt 0.441406 0.515625
vt 0.421875 0.515625
vt 0.671875 0.406250
vt 0.703125 0.406250
vt 0.703125 0.390625
vt 0.671875 0.390625
vt 0.671875 0.406250
vt 0.703125 0.406250
vt 0.703125 0.390625
vt 0.671875 0.390625
vt 0.671875 0.406250
vt 0.703125 0.406250
vt 0.703125 0.390625
vt 0.671875 0.390625
vt 0.671875 0.406250
vt 0.703125 0.406250
vt 0.703125 0.390625
vt 0.671875 0.390625
vt 0.876953 0.625000
vt 0.908203 0.625000
vt 0.908203 0.562500
vt 0.876953 0.562500
vt 0.876953 0.625000
vt 0.908203 0.625000
vt 0.908203 0.562500
vt 0.876953 0.562500
vt 0.421875 0.625000
vt 0.441406 0.625000
vt 0.441406 0.515625
vt 0.421875 0.515625
vt 0.421875 0.625000
vt 0.441406 0.625000
vt 0.441406 0.515625
vt 0.421875 0.515625
vt 0.421875 0.625000
vt 0.441406 0.625000
vt 0.441406 0.515625
vt 0.421875 0.515625
vt 0.421875 0.625000
vt 0.441406 0.625000
vt 0.441406 0.515625
vt 0.421875 0.515625
vt 0.671875 0.406250
vt 0.703125 0.406250
vt 0.703125 0.390625
vt 0.671875 0.390625
vt 0.671875 0.406250
vt 0.703125 0.406250
vt 0.703125 0.390625
vt 0.671875 0.390625
vt 0.671875 0.406250
vt 0.703125 0.406250
vt 0.703125 0.390625
vt 0.671875 0.390625
vt 0.671875 0.406250
vt 0.703125 0.406250
vt 0.703125 0.390625
vt 0.671875 0.390625
vt 0.876953 0.625000
vt 0.908203 0.625000
vt 0.908203 0.562500
vt 0.876953 0.562500
vt 0.876953 0.625000
vt 0.908203 0.625000
vt 0.908203 0.562500
vt 0.876953 0.562500
vt 0.421875 0.625000
vt 0.441406 0.625000
vt 0.441406 0.515625
vt 0.421875 0.515625
vt 0.421875 0.625000
vt 0.441406 0.625000
vt 0.441406 0.515625
vt 0.421875 0.515625
vt 0.421875 0.625000
vt 0.441406 0.625000
vt 0.441406 0.515625
vt 0.421875 0.515625
vt 0.421875 0.625000
vt 0.441406 0.625000
vt 0.441406 0.515625
vt 0.421875 0.515625
vt 0.671875 0.406250
vt 0.703125 0.406250
vt 0.703125 0.390625
vt 0.671875 0.390625
vt 0.671875 0.406250
vt 0.703125 0.406250
vt 0.703125 0.390625
vt 0.671875 0.390625
vt 0.671875 0.406250
vt 0.703125 0.406250
vt 0.703125 0.390625
vt 0.671875 0.390625
vt 0.671875 0.406250
vt 0.703125 0.406250
vt 0.703125 0.390625
vt 0.671875 0.390625
vt 0.876953 0.625000
vt 0.908203 0.625000
vt 0.908203 0.562500
vt 0.876953 0.562500
vt 0.876953 0.625000
vt 0.908203 0.625000
vt 0.908203 0.562500
vt 0.876953 0.562500
vt 0.421875 0.625000
vt 0.441406 0.625000
vt 0.441406 0.515625
vt 0.421875 0.515625
vt 0.421875 0.625000
vt 0.441406 0.625000
vt 0.441406 0.515625
vt 0.421875 0.515625
vt 0.421875 0.625000
vt 0.441406 0.625000
vt 0.441406 0.515625
vt 0.421875 0.515625
vt 0.421875 0.625000
vt 0.441406 0.625000
vt 0.441406 0.515625
vt 0.421875 0.515625
vt 0.671875 0.406250
vt 0.703125 0.406250
vt 0.703125 0.390625
vt 0.671875 0.390625
vt 0.671875 0.406250
vt 0.703125 0.406250
vt 0.703125 0.390625
vt 0.671875 0.390625
vt 0.671875 0.406250
vt 0.703125 0.406250
vt 0.703125 0.390625
vt 0.671875 0.390625
vt 0.671875 0.406250
vt 0.703125 0.406250
vt 0.703125 0.390625
vt 0.671875 0.390625
vt 0.876953 0.625000
vt 0.908203 0.625000
vt 0.908203 0.562500
vt 0.876953 0.562500
vt 0.876953 0.625000
vt 0.908203 0.625000
vt 0.908203 0.562500
vt 0.876953 0.562500
vt 0.421875 0.625000
vt 0.441406 0.625000
vt 0.441406 0.515625
vt 0.421875 0.515625
vt 0.421875 0.625000
vt 0.441406 0.625000
vt 0.441406 0.515625
vt 0.421875 0.515625
vt 0.421875 0.625000
vt 0.441406 0.625000
vt 0.441406 0.515625
vt 0.421875 0.515625
vt 0.421875 0.625000
vt 0.441406 0.625000
vt 0.441406 0.515625
vt 0.421875 0.515625
vt 0.671875 0.406250
vt 0.703125 0.406250
vt 0.703125 0.390625
vt 0.671875 0.390625
vt 0.671875 0.406250
vt 0.703125 0.406250
vt 0.703125 0.390625
vt 0.671875 0.390625
vt 0.671875 0.406250
vt 0.703125 0.406250
vt 0.703125 0.390625
vt 0.671875 0.390625
vt 0.671875 0.406250
vt 0.703125 0.406250
vt 0.703125 0.390625
vt 0.671875 0.390625
vt 0.876953 0.625000
vt 0.908203 0.625000
vt 0.908203 0.562500
vt 0.876953 0.562500
vt 0.876953 0.625000
vt 0.908203 0.625000
vt 0.908203 0.562500
vt 0.876953 0.562500
vt 0.421875 0.625000
vt 0.441406 0.625000
vt 0.441406 0.515625
vt 0.421875 0.515625
vt 0.421875 0.625000
vt 0.441406 0.625000
vt 0.441406 0.515625
vt 0.421875 0.515625
vt 0.421875 0.625000
vt 0.441406 0.625000
vt 0.441406 0.515625
vt 0.421875 0.515625
vt 0.421875 0.625000
vt 0.441406 0.625000
vt 0.441406 0.515625
vt 0.421875 0.515625
vt 0.671875 0.406250
vt 0.703125 0.406250
vt 0.703125 0.390625
vt 0.671875 0.390625
vt 0.671875 0.406250
vt 0.703125 0.406250
vt 0.703125 0.390625
vt 0.671875 0.390625
vt 0.671875 0.406250
vt 0.703125 0.406250
vt 0.703125 0.390625
vt 0.671875 0.390625
vt 0.671875 0.406250
vt 0.703125 0.406250
vt 0.703125 0.390625
vt 0.671875 0.390625
vt 0.876953 0.625000
vt 0.908203 0.625000
vt 0.908203 0.562500
vt 0.876953 0.562500
vt 0.876953 0.625000
vt 0.908203 0.625000
vt 0.908203 0.562500
vt 0.876953 0.562500
vt 0.421875 0.625000
vt 0.441406 0.625000
vt 0.441406 0.515625
vt 0.421875 0.515625
vt 0.421875 0.625000
vt 0.441406 0.625000
vt 0.441406 0.515625
vt 0.421875 0.515625
vt 0.421875 0.625000
vt 0.441406 0.625000
vt 0.441406 0.515625
vt 0.421875 0.515625
vt 0.421875 0.625000
vt 0.441406 0.625000
vt 0.441406 0.515625
vt 0.421875 0.515625
vt 0.671875 0.406250
vt 0.703125 0.406250
vt 0.703125 0.390625
vt 0.671875 0.390625
vt 0.671875 0.406250
vt 0.703125 0.406250
vt 0.703125 0.390625
vt 0.671875 0.390625
vt 0.671875 0.406250
vt 0.703125 0.406250
vt 0.703125 0.390625
vt 0.671875 0.390625
vt 0.671875 0.406250
vt 0.703125 0.406250
vt 0.703125 0.390625
vt 0.671875 0.390625
vt 0.876953 0.625000
vt 0.908203 0.625000
vt 0.908203 0.562500
vt 0.876953 0.562500
vt 0.876953 0.625000
vt 0.908203 0.625000
vt 0.908203 0.562500
vt 0.876953 0.562500
vt 0.421875 0.625000
vt 0.441406 0.625000
vt 0.441406 0.515625
vt 0.421875 0.515625
vt 0.421875 0.625000
vt 0.441406 0.625000
vt 0.441406 0.515625
vt 0.421875 0.515625
vt 0.421875 0.625000
vt 0.441406 0.625000
vt 0.441406 0.515625
vt 0.421875 0.515625
vt 0.421875 0.625000
vt 0.441406 0.625000
vt 0.441406 0.515625
vt 0.421875 0.515625
vt 0.671875 0.406250
vt 0.703125 0.406250
vt 0.703125 0.390625
vt 0.671875 0.390625
vt 0.671875 0.406250
vt 0.703125 0.406250
vt 0.703125 0.390625
vt 0.671875 0.390625
vt 0.671875 0.406250
vt 0.703125 0.406250
vt 0.703125 0.390625
vt 0.671875 0.390625
vt 0.671875 0.406250
vt 0.703125 0.406250
vt 0.703125 0.390625
vt 0.671875 0.390625
vt 0.876953 0.625000
vt 0.908203 0.625000
vt 0.908203 0.562500
vt 0.876953 0.562500
vt 0.876953 0.625000
vt 0.908203 0.625000
vt 0.908203 0.562500
vt 0.876953 0.562500
vt 0.421875 0.625000
vt 0.441406 0.625000
vt 0.441406 0.515625
vt 0.421875 0.515625
vt 0.421875 0.625000
vt 0.441406 0.625000
vt 0.441406 0.515625
vt 0.421875 0.515625
vt 0.421875 0.625000
vt 0.441406 0.625000
vt 0.441406 0.515625
vt 0.421875 0.515625
vt 0.421875 0.625000
vt 0.441406 0.625000
vt 0.441406 0.515625
vt 0.421875 0.515625
vt 0.671875 0.406250
vt 0.703125 0.406250
vt 0.703125 0.390625
vt 0.671875 0.390625
vt 0.671875 0.406250
vt 0.703125 0.406250
vt 0.703125 0.390625
vt 0.671875 0.390625
vt 0.671875 0.406250
vt 0.703125 0.406250
vt 0.703125 0.390625
vt 0.671875 0.390625
vt 0.671875 0.406250
vt 0.703125 0.406250
vt 0.703125 0.390625
vt 0.671875 0.390625
vt 0.876953 0.625000
vt 0.908203 0.625000
vt 0.908203 0.562500
vt 0.876953 0.562500
vt 0.876953 0.625000
vt 0.908203 0.625000
vt 0.908203 0.562500
vt 0.876953 0.562500
vt 0.421875 0.625000
vt 0.441406 0.625000
vt 0.441406 0.515625
vt 0.421875 0.515625
vt 0.421875 0.625000
vt 0.441406 0.625000
vt 0.441406 0.515625
vt 0.421875 0.515625
vt 0.421875 0.625000
vt 0.441406 0.625000
vt 0.441406 0.515625
vt 0.421875 0.515625
vt 0.421875 0.625000
vt 0.441406 0.625000
vt 0.441406 0.515625
vt 0.421875 0.515625
vt 0.671875 0.406250
vt 0.703125 0.406250
vt 0.703125 0.390625
vt 0.671875 0.390625
vt 0.671875 0.406250
vt 0.703125 0.406250
vt 0.703125 0.390625
vt 0.671875 0.390625
vt 0.671875 0.406250
vt 0.703125 0.406250
vt 0.703125 0.390625
vt 0.671875 0.390625
vt 0.671875 0.406250
vt 0.703125 0.406250
vt 0.703125 0.390625
vt 0.671875 0.390625
vt 0.876953 0.625000
vt 0.908203 0.625000
vt 0.908203 0.562500
vt 0.876953 0.562500
vt 0.876953 0.625000
vt 0.908203 0.625000
vt 0.908203 0.562500
vt 0.876953 0.562500
vt 0.421875 0.625000
vt 0.441406 0.625000
vt 0.441406 0.515625
vt 0.421875 0.515625
vt 0.421875 0.625000
vt 0.441406 0.625000
vt 0.441406 0.515625
vt 0.421875 0.515625
vt 0.421875 0.625000
vt 0.441406 0.625000
vt 0.441406 0.515625
vt 0.421875 0.515625
vt 0.421875 0.625000
vt 0.441406 0.625000
vt 0.441406 0.515625
vt 0.421875 0.515625
vt 0.671875 0.406250
vt 0.703125 0.406250
vt 0.703125 0.390625
vt 0.671875 0.390625
vt 0.671875 0.406250
vt 0.703125 0.406250
vt 0.703125 0.390625
vt 0.671875 0.390625
vt 0.671875 0.406250
vt 0.703125 0.406250
vt 0.703125 0.390625
vt 0.671875 0.390625
vt 0.671875 0.406250
vt 0.703125 0.406250
vt 0.703125 0.390625
vt 0.671875 0.390625
vt 0.876953 0.625000
vt 0.908203 0.625000
vt 0.908203 0.562500
vt 0.876953 0.562500
vt 0.876953 0.625000
vt 0.908203 0.625000
vt 0.908203 0.562500
vt 0.876953 0.562500
vt 0.421875 0.625000
vt 0.441406 0.625000
vt 0.441406 0.515625
vt 0.421875 0.515625
vt 0.421875 0.625000
vt 0.441406 0.625000
vt 0.441406 0.515625
vt 0.421875 0.515625
vt 0.421875 0.625000
vt 0.441406 0.625000
vt 0.441406 0.515625
vt 0.421875 0.515625
vt 0.421875 0.625000
vt 0.441406 0.625000
vt 0.441406 0.515625
vt 0.421875 0.515625
vt 0.671875 0.406250
vt 0.703125 0.406250
vt 0.703125 0.390625
vt 0.671875 0.390625
vt 0.671875 0.406250
vt 0.703125 0.406250
vt 0.703125 0.390625
vt 0.671875 0.390625
vt 0.671875 0.406250
vt 0.703125 0.406250
vt 0.703125 0.390625
vt 0.671875 0.390625
vt 0.671875 0.406250
vt 0.703125 0.406250
vt 0.703125 0.390625
vt 0.671875 0.390625
vt 0.876953 0.625000
vt 0.908203 0.625000
vt 0.908203 0.562500
vt 0.876953 0.562500
vt 0.876953 0.625000
vt 0.908203 0.625000
vt 0.908203 0.562500
vt 0.876953 0.562500
vt 0.421875 0.625000
vt 0.441406 0.625000
vt 0.441406 0.515625
vt 0.421875 0.515625
vt 0.421875 0.625000
vt 0.441406 0.625000
vt 0.441406 0.515625
vt 0.421875 0.515625
vt 0.421875 0.625000
vt 0.441406 0.625000
vt 0.441406 0.515625
vt 0.421875 0.515625
vt 0.421875 0.625000
vt 0.441406 0.625000
vt 0.441406 0.515625
vt 0.421875 0.515625
vt 0.671875 0.406250
vt 0.703125 0.406250
vt 0.703125 0.390625
vt 0.671875 0.390625
vt 0.671875 0.406250
vt 0.703125 0.406250
vt 0.703125 0.390625
vt 0.671875 0.390625
vt 0.671875 0.406250
vt 0.703125 0.406250
vt 0.703125 0.390625
vt 0.671875 0.390625
vt 0.671875 0.406250
vt 0.703125 0.406250
vt 0.703125 0.390625
vt 0.671875 0.390625
vt 0.876953 0.625000
vt 0.908203 0.625000
vt 0.908203 0.562500
vt 0.876953 0.562500
vt 0.876953 0.625000
vt 0.908203 0.625000
vt 0.908203 0.562500
vt 0.876953 0.562500
vt 0.421875 0.625000
vt 0.441406 0.625000
vt 0.441406 0.515625
vt 0.421875 0.515625
vt 0.421875 0.625000
vt 0.441406 0.625000
vt 0.441406 0.515625
vt 0.421875 0.515625
vt 0.421875 0.625000
vt 0.441406 0.625000
vt 0.441406 0.515625
vt 0.421875 0.515625
vt 0.421875 0.625000
vt 0.441406 0.625000
vt 0.441406 0.515625
vt 0.421875 0.515625
vt 0.671875 0.406250
vt 0.703125 0.406250
vt 0.703125 0.390625
vt 0.671875 0.390625
vt 0.671875 0.406250
vt 0.703125 0.406250
vt 0.703125 0.390625
vt 0.671875 0.390625
vt 0.671875 0.406250
vt 0.703125 0.406250
vt 0.703125 0.390625
vt 0.671875 0.390625
vt 0.671875 0.406250
vt 0.703125 0.406250
vt 0.703125 0.390625
vt 0.671875 0.390625
vt 0.876953 0.625000
vt 0.908203 0.625000
vt 0.908203 0.562500
vt 0.876953 0.562500
vt 0.876953 0.625000
vt 0.908203 0.625000
vt 0.908203 0.562500
vt 0.876953 0.562500
vt 0.421875 0.625000
vt 0.441406 0.625000
vt 0.441406 0.515625
vt 0.421875 0.515625
vt 0.421875 0.625000
vt 0.441406 0.625000
vt 0.441406 0.515625
vt 0.421875 0.515625
vt 0.421875 0.625000
vt 0.441406 0.625000
vt 0.441406 0.515625
vt 0.421875 0.515625
vt 0.421875 0.625000
vt 0.441406 0.625000
vt 0.441406 0.515625
vt 0.421875 0.515625
vt 0.671875 0.406250
vt 0.703125 0.406250
vt 0.703125 0.390625
vt 0.671875 0.390625
vt 0.671875 0.406250
vt 0.703125 0.406250
vt 0.703125 0.390625
vt 0.671875 0.390625
vt 0.671875 0.406250
vt 0.703125 0.406250
vt 0.703125 0.390625
vt 0.671875 0.390625
vt 0.671875 0.406250
vt 0.703125 0.406250
vt 0.703125 0.390625
vt 0.671875 0.390625
vt 0.876953 0.625000
vt 0.908203 0.625000
vt 0.908203 0.562500
vt 0.876953 0.562500
vt 0.876953 0.625000
vt 0.908203 0.625000
vt 0.908203 0.562500
vt 0.876953 0.562500
vt 0.421875 0.625000
vt 0.441406 0.625000
vt 0.441406 0.515625
vt 0.421875 0.515625
vt 0.421875 0.625000
vt 0.441406 0.625000
vt 0.441406 0.515625
vt 0.421875 0.515625
vt 0.421875 0.625000
vt 0.441406 0.625000
vt 0.441406 0.515625
vt 0.421875 0.515625
vt 0.421875 0.625000
vt 0.441406 0.625000
vt 0.441406 0.515625
vt 0.421875 0.515625
vt 0.671875 0.406250
vt 0.703125 0.406250
vt 0.703125 0.390625
vt 0.671875 0.390625
vt 0.671875 0.406250
vt 0.703125 0.406250
vt 0.703125 0.390625
vt 0.671875 0.390625
vt 0.671875 0.406250
vt 0.703125 0.406250
vt 0.703125 0.390625
vt 0.671875 0.390625
vt 0.671875 0.406250
vt 0.703125 0.406250
vt 0.703125 0.390625
vt 0.671875 0.390625
vt 0.876953 0.625000
vt 0.908203 0.625000
vt 0.908203 0.562500
vt 0.876953 0.562500
vt 0.876953 0.625000
vt 0.908203 0.625000
vt 0.908203 0.562500
vt 0.876953 0.562500
vt 0.421875 0.625000
vt 0.441406 0.625000
vt 0.441406 0.515625
vt 0.421875 0.515625
vt 0.421875 0.625000
vt 0.441406 0.625000
vt 0.441406 0.515625
vt 0.421875 0.515625
vt 0.421875 0.625000
vt 0.441406 0.625000
vt 0.441406 0.515625
vt 0.421875 0.515625
vt 0.421875 0.625000
vt 0.441406 0.625000
vt 0.441406 0.515625
vt 0.421875 0.515625
vt 0.671875 0.406250
vt 0.703125 0.406250
vt 0.703125 0.390625
vt 0.671875 0.390625
vt 0.671875 0.406250
vt 0.703125 0.406250
vt 0.703125 0.390625
vt 0.671875 0.390625
vt 0.671875 0.406250
vt 0.703125 0.406250
vt 0.703125 0.390625
vt 0.671875 0.390625
vt 0.671875 0.406250
vt 0.703125 0.406250
vt 0.703125 0.390625
vt 0.671875 0.390625
vt 0.876953 0.625000
vt 0.908203 0.625000
vt 0.908203 0.562500
vt 0.876953 0.562500
vt 0.876953 0.625000
vt 0.908203 0.625000
vt 0.908203 0.562500
vt 0.876953 0.562500
vt 0.421875 0.625000
vt 0.441406 0.625000
vt 0.441406 0.515625
vt 0.421875 0.515625
vt 0.421875 0.625000
vt 0.441406 0.625000
vt 0.441406 0.515625
vt 0.421875 0.515625
vt 0.421875 0.625000
vt 0.441406 0.625000
vt 0.441406 0.515625
vt 0.421875 0.515625
vt 0.421875 0.625000
vt 0.441406 0.625000
vt 0.441406 0.515625
vt 0.421875 0.515625
vt 0.671875 0.406250
vt 0.703125 0.406250
vt 0.703125 0.390625
vt 0.671875 0.390625
vt 0.671875 0.406250
vt 0.703125 0.406250
vt 0.703125 0.390625
vt 0.671875 0.390625
vt 0.671875 0.406250
vt 0.703125 0.406250
vt 0.703125 0.390625
vt 0.671875 0.390625
vt 0.671875 0.406250
vt 0.703125 0.406250
vt 0.703125 0.390625
vt 0.671875 0.390625
vt 0.876953 0.625000
vt 0.908203 0.625000
vt 0.908203 0.562500
vt 0.876953 0.562500
vt 0.876953 0.625000
vt 0.908203 0.625000
vt 0.908203 0.562500
vt 0.876953 0.562500
vt 0.421875 0.625000
vt 0.441406 0.625000
vt 0.441406 0.515625
vt 0.421875 0.515625
vt 0.421875 0.625000
vt 0.441406 0.625000
vt 0.441406 0.515625
vt 0.421875 0.515625
vt 0.421875 0.625000
vt 0.441406 0.625000
vt 0.441406 0.515625
vt 0.421875 0.515625
vt 0.421875 0.625000
vt 0.441406 0.625000
vt 0.441406 0.515625
vt 0.421875 0.515625
vt 0.671875 0.406250
vt 0.703125 0.406250
vt 0.703125 0.390625
vt 0.671875 0.390625
vt 0.671875 0.406250
vt 0.703125 0.406250
vt 0.703125 0.390625
vt 0.671875 0.390625
vt 0.671875 0.406250
vt 0.703125 0.406250
vt 0.703125 0.390625
vt 0.671875 0.390625
vt 0.671875 0.406250
vt 0.703125 0.406250
vt 0.703125 0.390625
vt 0.671875 0.390625
vt 0.876953 0.625000
vt 0.908203 0.625000
vt 0.908203 0.562500
vt 0.876953 0.562500
vt 0.876953 0.625000
vt 0.908203 0.625000
vt 0.908203 0.562500
vt 0.876953 0.562500
vt 0.421875 0.625000
vt 0.441406 0.625000
vt 0.441406 0.515625
vt 0.421875 0.515625
vt 0.421875 0.625000
vt 0.441406 0.625000
vt 0.441406 0.515625
vt 0.421875 0.515625
vt 0.421875 0.625000
vt 0.441406 0.625000
vt 0.441406 0.515625
vt 0.421875 0.515625
vt 0.421875 0.625000
vt 0.441406 0.625000
vt 0.441406 0.515625
vt 0.421875 0.515625
vt 0.671875 0.406250
vt 0.703125 0.406250
vt 0.703125 0.390625
vt 0.671875 0.390625
vt 0.671875 0.406250
vt 0.703125 0.406250
vt 0.703125 0.390625
vt 0.671875 0.390625
vt 0.671875 0.406250
vt 0.703125 0.406250
vt 0.703125 0.390625
vt 0.671875 0.390625
vt 0.671875 0.406250
vt 0.703125 0.406250
vt 0.703125 0.390625
vt 0.671875 0.390625
vt 0.876953 0.625000
vt 0.908203 0.625000
vt 0.908203 0.562500
vt 0.876953 0.562500
vt 0.876953 0.625000
vt 0.908203 0.625000
vt 0.908203 0.562500
vt 0.876953 0.562500
vt 0.421875 0.625000
vt 0.441406 0.625000
vt 0.441406 0.515625
vt 0.421875 0.515625
vt 0.421875 0.625000
vt 0.441406 0.625000
vt 0.441406 0.515625
vt 0.421875 0.515625
vt 0.421875 0.625000
vt 0.441406 0.625000
vt 0.441406 0.515625
vt 0.421875 0.515625
vt 0.421875 0.625000
vt 0.441406 0.625000
vt 0.441406 0.515625
vt 0.421875 0.515625
vt 0.671875 0.406250
vt 0.703125 0.406250
vt 0.703125 0.390625
vt 0.671875 0.390625
vt 0.671875 0.406250
vt 0.703125 0.406250
vt 0.703125 0.390625
vt 0.671875 0.390625
vt 0.671875 0.406250
vt 0.703125 0.406250
vt 0.703125 0.390625
vt 0.671875 0.390625
vt 0.671875 0.406250
vt 0.703125 0.406250
vt 0.703125 0.390625
vt 0.671875 0.390625
vt 0.876953 0.625000
vt 0.908203 0.625000
vt 0.908203 0.562500
vt 0.876953 0.562500
vt 0.876953 0.625000
vt 0.908203 0.625000
vt 0.908203 0.562500
vt 0.876953 0.562500
vt 0.421875 0.625000
vt 0.441406 0.625000
vt 0.441406 0.515625
vt 0.421875 0.515625
vt 0.421875 0.625000
vt 0.441406 0.625000
vt 0.441406 0.515625
vt 0.421875 0.515625
vt 0.421875 0.625000
vt 0.441406 0.625000
vt 0.441406 0.515625
vt 0.421875 0.515625
vt 0.421875 0.625000
vt 0.441406 0.625000
vt 0.441406 0.515625
vt 0.421875 0.515625
vt 0.671875 0.406250
vt 0.703125 0.406250
vt 0.703125 0.390625
vt 0.671875 0.390625
vt 0.671875 0.406250
vt 0.703125 0.406250
vt 0.703125 0.390625
vt 0.671875 0.390625
vt 0.671875 0.406250
vt 0.703125 0.406250
vt 0.703125 0.390625
vt 0.671875 0.390625
vt 0.671875 0.406250
vt 0.703125 0.406250
vt 0.703125 0.390625
vt 0.671875 0.390625
vt 0.876953 0.625000
vt 0.908203 0.625000
vt 0.908203 0.562500
vt 0.876953 0.562500
vt 0.876953 0.625000
vt 0.908203 0.625000
vt 0.908203 0.562500
vt 0.876953 0.562500
vt 0.421875 0.625000
vt 0.441406 0.625000
vt 0.441406 0.515625
vt 0.421875 0.515625
vt 0.421875 0.625000
vt 0.441406 0.625000
vt 0.441406 0.515625
vt 0.421875 0.515625
vt 0.421875 0.625000
vt 0.441406 0.625000
vt 0.441406 0.515625
vt 0.421875 0.515625
vt 0.421875 0.625000
vt 0.441406 0.625000
vt 0.441406 0.515625
vt 0.421875 0.515625
vt 0.671875 0.406250
vt 0.703125 0.406250
vt 0.703125 0.390625
vt 0.671875 0.390625
vt 0.671875 0.406250
vt 0.703125 0.406250
vt 0.703125 0.390625
vt 0.671875 0.390625
vt 0.671875 0.406250
vt 0.703125 0.406250
vt 0.703125 0.390625
vt 0.671875 0.390625
vt 0.671875 0.406250
vt 0.703125 0.406250
vt 0.703125 0.390625
vt 0.671875 0.390625
vt 0.876953 0.625000
vt 0.908203 0.625000
vt 0.908203 0.562500
vt 0.876953 0.562500
vt 0.876953 0.625000
vt 0.908203 0.625000
vt 0.908203 0.562500
vt 0.876953 0.562500
vt 0.421875 0.625000
vt 0.441406 0.625000
vt 0.441406 0.515625
vt 0.421875 0.515625
vt 0.421875 0.625000
vt 0.441406 0.625000
vt 0.441406 0.515625
vt 0.421875 0.515625
vt 0.421875 0.625000
vt 0.441406 0.625000
vt 0.441406 0.515625
vt 0.421875 0.515625
vt 0.421875 0.625000
vt 0.441406 0.625000
vt 0.441406 0.515625
vt 0.421875 0.515625
vt 0.671875 0.406250
vt 0.703125 0.406250
vt 0.703125 0.390625
vt 0.671875 0.390625
vt 0.671875 0.406250
vt 0.703125 0.406250
vt 0.703125 0.390625
vt 0.671875 0.390625
vt 0.671875 0.406250
vt 0.703125 0.406250
vt 0.703125 0.390625
vt 0.671875 0.390625
vt 0.671875 0.406250
vt 0.703125 0.406250
vt 0.703125 0.390625
vt 0.671875 0.390625
vt 0.876953 0.625000
vt 0.908203 0.625000
vt 0.908203 0.562500
vt 0.876953 0.562500
vt 0.876953 0.625000
vt 0.908203 0.625000
vt 0.908203 0.562500
vt 0.876953 0.562500
vt 0.421875 0.625000
vt 0.441406 0.625000
vt 0.441406 0.515625
vt 0.421875 0.515625
vt 0.421875 0.625000
vt 0.441406 0.625000
vt 0.441406 0.515625
vt 0.421875 0.515625
vt 0.421875 0.625000
vt 0.441406 0.625000
vt 0.441406 0.515625
vt 0.421875 0.515625
vt 0.421875 0.625000
vt 0.441406 0.625000
vt 0.441406 0.515625
vt 0.421875 0.515625
vt 0.671875 0.406250
vt 0.703125 0.406250
vt 0.703125 0.390625
vt 0.671875 0.390625
vt 0.671875 0.406250
vt 0.703125 0.406250
vt 0.703125 0.390625
vt 0.671875 0.390625
vt 0.671875 0.406250
vt 0.703125 0.406250
vt 0.703125 0.390625
vt 0.671875 0.390625
vt 0.671875 0.406250
vt 0.703125 0.406250
vt 0.703125 0.390625
vt 0.671875 0.390625
vt 0.876953 0.625000
vt 0.908203 0.625000
vt 0.908203 0.562500
vt 0.876953 0.562500
vt 0.876953 0.625000
vt 0.908203 0.625000
vt 0.908203 0.562500
vt 0.876953 0.562500
vt 0.421875 0.625000
vt 0.441406 0.625000
vt 0.441406 0.515625
vt 0.421875 0.515625
vt 0.421875 0.625000
vt 0.441406 0.625000
vt 0.441406 0.515625
vt 0.421875 0.515625
vt 0.421875 0.625000
vt 0.441406 0.625000
vt 0.441406 0.515625
vt 0.421875 0.515625
vt 0.421875 0.625000
vt 0.441406 0.625000
vt 0.441406 0.515625
vt 0.421875 0.515625
vt 0.671875 0.406250
vt 0.703125 0.406250
vt 0.703125 0.390625
vt 0.671875 0.390625
vt 0.671875 0.406250
vt 0.703125 0.406250
vt 0.703125 0.390625
vt 0.671875 0.390625
vt 0.671875 0.406250
vt 0.703125 0.406250
vt 0.703125 0.390625
vt 0.671875 0.390625
vt 0.671875 0.406250
vt 0.703125 0.406250
vt 0.703125 0.390625
vt 0.671875 0.390625
vt 0.876953 0.625000
vt 0.908203 0.625000
vt 0.908203 0.562500
vt 0.876953 0.562500
vt 0.876953 0.625000
vt 0.908203 0.625000
vt 0.908203 0.562500
vt 0.876953 0.562500
vt 0.421875 0.625000
vt 0.441406 0.625000
vt 0.441406 0.515625
vt 0.421875 0.515625
vt 0.421875 0.625000
vt 0.441406 0.625000
vt 0.441406 0.515625
vt 0.421875 0.515625
vt 0.421875 0.625000
vt 0.441406 0.625000
vt 0.441406 0.515625
vt 0.421875 0.515625
vt 0.421875 0.625000
vt 0.441406 0.625000
vt 0.441406 0.515625
vt 0.421875 0.515625
vt 0.671875 0.406250
vt 0.703125 0.406250
vt 0.703125 0.390625
vt 0.671875 0.390625
vt 0.671875 0.406250
vt 0.703125 0.406250
vt 0.703125 0.390625
vt 0.671875 0.390625
vt 0.671875 0.406250
vt 0.703125 0.406250
vt 0.703125 0.390625
vt 0.671875 0.390625
vt 0.671875 0.406250
vt 0.703125 0.406250
vt 0.703125 0.390625
vt 0.671875 0.390625
vt 0.876953 0.625000
vt 0.908203 0.625000
vt 0.908203 0.562500
vt 0.876953 0.562500
vt 0.876953 0.625000
vt 0.908203 0.625000
vt 0.908203 0.562500
vt 0.876953 0.562500
vt 0.421875 0.625000
vt 0.441406 0.625000
vt 0.441406 0.515625
vt 0.421875 0.515625
vt 0.421875 0.625000
vt 0.441406 0.625000
vt 0.441406 0.515625
vt 0.421875 0.515625
vt 0.421875 0.625000
vt 0.441406 0.625000
vt 0.441406 0.515625
vt 0.421875 0.515625
vt 0.421875 0.625000
vt 0.441406 0.625000
vt 0.441406 0.515625
vt 0.421875 0.515625
vt 0.671875 0.406250
vt 0.703125 0.406250
vt 0.703125 0.390625
vt 0.671875 0.390625
vt 0.671875 0.406250
vt 0.703125 0.406250
vt 0.703125 0.390625
vt 0.671875 0.390625
vt 0.671875 0.406250
vt 0.703125 0.406250
vt 0.703125 0.390625
vt 0.671875 0.390625
vt 0.671875 0.406250
vt 0.703125 0.406250
vt 0.703125 0.390625
vt 0.671875 0.390625
vt 0.876953 0.625000
vt 0.908203 0.625000
vt 0.908203 0.562500
vt 0.876953 0.562500
vt 0.876953 0.625000
vt 0.908203 0.625000
vt 0.908203 0.562500
vt 0.876953 0.562500
vt 0.421875 0.625000
vt 0.441406 0.625000
vt 0.441406 0.515625
vt 0.421875 0.515625
vt 0.421875 0.625000
vt 0.441406 0.625000
vt 0.441406 0.515625
vt 0.421875 0.515625
vt 0.421875 0.625000
vt 0.441406 0.625000
vt 0.441406 0.515625
vt 0.421875 0.515625
vt 0.421875 0.625000
vt 0.441406 0.625000
vt 0.441406 0.515625
vt 0.421875 0.515625
vt 0.671875 0.406250
vt 0.703125 0.406250
vt 0.703125 0.390625
vt 0.671875 0.390625
vt 0.671875 0.406250
vt 0.703125 0.406250
vt 0.703125 0.390625
vt 0.671875 0.390625
vt 0.671875 0.406250
vt 0.703125 0.406250
vt 0.703125 0.390625
vt 0.671875 0.390625
vt 0.671875 0.406250
vt 0.703125 0.406250
vt 0.703125 0.390625
vt 0.671875 0.390625
vt 0.876953 0.625000
vt 0.908203 0.625000
vt 0.908203 0.562500
vt 0.876953 0.562500
vt 0.876953 0.625000
vt 0.908203 0.625000
vt 0.908203 0.562500
vt 0.876953 0.562500
vt 0.421875 0.625000
vt 0.441406 0.625000
vt 0.441406 0.515625
vt 0.421875 0.515625
vt 0.421875 0.625000
vt 0.441406 0.625000
vt 0.441406 0.515625
vt 0.421875 0.515625
vt 0.421875 0.625000
vt 0.441406 0.625000
vt 0.441406 0.515625
vt 0.421875 0.515625
vt 0.421875 0.625000
vt 0.441406 0.625000
vt 0.441406 0.515625
vt 0.421875 0.515625
vt 0.671875 0.406250
vt 0.703125 0.406250
vt 0.703125 0.390625
vt 0.671875 0.390625
vt 0.671875 0.406250
vt 0.703125 0.406250
vt 0.703125 0.390625
vt 0.671875 0.390625
vt 0.671875 0.406250
vt 0.703125 0.406250
vt 0.703125 0.390625
vt 0.671875 0.390625
vt 0.671875 0.406250
vt 0.703125 0.406250
vt 0.703125 0.390625
vt 0.671875 0.390625
vt 0.876953 0.625000
vt 0.908203 0.625000
vt 0.908203 0.562500
vt 0.876953 0.562500
vt 0.876953 0.625000
vt 0.908203 0.625000
vt 0.908203 0.562500
vt 0.876953 0.562500
vt 0.421875 0.625000
vt 0.441406 0.625000
vt 0.441406 0.515625
vt 0.421875 0.515625
vt 0.421875 0.625000
vt 0.441406 0.625000
vt 0.441406 0.515625
vt 0.421875 0.515625
vt 0.421875 0.625000
vt 0.441406 0.625000
vt 0.441406 0.515625
vt 0.421875 0.515625
vt 0.421875 0.625000
vt 0.441406 0.625000
vt 0.441406 0.515625
vt 0.421875 0.515625
vt 0.671875 0.406250
vt 0.703125 0.406250
vt 0.703125 0.390625
vt 0.671875 0.390625
vt 0.671875 0.406250
vt 0.703125 0.406250
vt 0.703125 0.390625
vt 0.671875 0.390625
vt 0.671875 0.406250
vt 0.703125 0.406250
vt 0.703125 0.390625
vt 0.671875 0.390625
vt 0.671875 0.406250
vt 0.703125 0.406250
vt 0.703125 0.390625
vt 0.671875 0.390625
vt 0.876953 0.625000
vt 0.908203 0.625000
vt 0.908203 0.562500
vt 0.876953 0.562500
vt 0.876953 0.625000
vt 0.908203 0.625000
vt 0.908203 0.562500
vt 0.876953 0.562500
vt 0.421875 0.625000
vt 0.441406 0.625000
vt 0.441406 0.515625
vt 0.421875 0.515625
vt 0.421875 0.625000
vt 0.441406 0.625000
vt 0.441406 0.515625
vt 0.421875 0.515625
vt 0.421875 0.625000
vt 0.441406 0.625000
vt 0.441406 0.515625
vt 0.421875 0.515625
vt 0.421875 0.625000
vt 0.441406 0.625000
vt 0.441406 0.515625
vt 0.421875 0.515625
vt 0.671875 0.406250
vt 0.703125 0.406250
vt 0.703125 0.390625
vt 0.671875 0.390625
vt 0.671875 0.406250
vt 0.703125 0.406250
vt 0.703125 0.390625
vt 0.671875 0.390625
vt 0.671875 0.406250
vt 0.703125 0.406250
vt 0.703125 0.390625
vt 0.671875 0.390625
vt 0.671875 0.406250
vt 0.703125 0.406250
vt 0.703125 0.390625
vt 0.671875 0.390625
vt 0.876953 0.625000
vt 0.908203 0.625000
vt 0.908203 0.562500
vt 0.876953 0.562500
vt 0.876953 0.625000
vt 0.908203 0.625000
vt 0.908203 0.562500
vt 0.876953 0.562500
vt 0.421875 0.625000
vt 0.441406 0.625000
vt 0.441406 0.515625
vt 0.421875 0.515625
vt 0.421875 0.625000
vt 0.441406 0.625000
vt 0.441406 0.515625
vt 0.421875 0.515625
vt 0.421875 0.625000
vt 0.441406 0.625000
vt 0.441406 0.515625
vt 0.421875 0.515625
vt 0.421875 0.625000
vt 0.441406 0.625000
vt 0.441406 0.515625
vt 0.421875 0.515625
vt 0.671875 0.406250
vt 0.703125 0.406250
vt 0.703125 0.390625
vt 0.671875 0.390625
vt 0.671875 0.406250
vt 0.703125 0.406250
vt 0.703125 0.390625
vt 0.671875 0.390625
vt 0.671875 0.406250
vt 0.703125 0.406250
vt 0.703125 0.390625
vt 0.671875 0.390625
vt 0.671875 0.406250
vt 0.703125 0.406250
vt 0.703125 0.390625
vt 0.671875 0.390625
vt 0.876953 0.625000
vt 0.908203 0.625000
vt 0.908203 0.562500
vt 0.876953 0.562500
vt 0.876953 0.625000
vt 0.908203 0.625000
vt 0.908203 0.562500
vt 0.876953 0.562500
vt 0.421875 0.625000
vt 0.441406 0.625000
vt 0.441406 0.515625
vt 0.421875 0.515625
vt 0.421875 0.625000
vt 0.441406 0.625000
vt 0.441406 0.515625
vt 0.421875 0.515625
vt 0.421875 0.625000
vt 0.441406 0.625000
vt 0.441406 0.515625
vt 0.421875 0.515625
vt 0.421875 0.625000
vt 0.441406 0.625000
vt 0.441406 0.515625
vt 0.421875 0.515625
vt 0.671875 0.406250
vt 0.703125 0.406250
vt 0.703125 0.390625
vt 0.671875 0.390625
vt 0.671875 0.406250
vt 0.703125 0.406250
vt 0.703125 0.390625
vt 0.671875 0.390625
vt 0.671875 0.406250
vt 0.703125 0.406250
vt 0.703125 0.390625
vt 0.671875 0.390625
vt 0.671875 0.406250
vt 0.703125 0.406250
vt 0.703125 0.390625
vt 0.671875 0.390625
vt 0.876953 0.625000
vt 0.908203 0.625000
vt 0.908203 0.562500
vt 0.876953 0.562500
vt 0.876953 0.625000
vt 0.908203 0.625000
vt 0.908203 0.562500
vt 0.876953 0.562500
vt 0.421875 0.625000
vt 0.441406 0.625000
vt 0.441406 0.515625
vt 0.421875 0.515625
vt 0.421875 0.625000
vt 0.441406 0.625000
vt 0.441406 0.515625
vt 0.421875 0.515625
vt 0.421875 0.625000
vt 0.441406 0.625000
vt 0.441406 0.515625
vt 0.421875 0.515625
vt 0.421875 0.625000
vt 0.441406 0.625000
vt 0.441406 0.515625
vt 0.421875 0.515625
vt 0.671875 0.406250
vt 0.703125 0.406250
vt 0.703125 0.390625
vt 0.671875 0.390625
vt 0.671875 0.406250
vt 0.703125 0.406250
vt 0.703125 0.390625
vt 0.671875 0.390625
vt 0.671875 0.406250
vt 0.703125 0.406250
vt 0.703125 0.390625
vt 0.671875 0.390625
vt 0.671875 0.406250
vt 0.703125 0.406250
vt 0.703125 0.390625
vt 0.671875 0.390625
vt 0.876953 0.625000
vt 0.908203 0.625000
vt 0.908203 0.562500
vt 0.876953 0.562500
vt 0.876953 0.625000
vt 0.908203 0.625000
vt 0.908203 0.562500
vt 0.876953 0.562500
vt 0.421875 0.625000
vt 0.441406 0.625000
vt 0.441406 0.515625
vt 0.421875 0.515625
vt 0.421875 0.625000
vt 0.441406 0.625000
vt 0.441406 0.515625
vt 0.421875 0.515625
vt 0.421875 0.625000
vt 0.441406 0.625000
vt 0.441406 0.515625
vt 0.421875 0.515625
vt 0.421875 0.625000
vt 0.441406 0.625000
vt 0.441406 0.515625
vt 0.421875 0.515625
vt 0.671875 0.406250
vt 0.703125 0.406250
vt 0.703125 0.390625
vt 0.671875 0.390625
vt 0.671875 0.406250
vt 0.703125 0.406250
vt 0.703125 0.390625
vt 0.671875 0.390625
vt 0.671875 0.406250
vt 0.703125 0.406250
vt 0.703125 0.390625
vt 0.671875 0.390625
vt 0.671875 0.406250
vt 0.703125 0.406250
vt 0.703125 0.390625
vt 0.671875 0.390625
vt 0.876953 0.625000
vt 0.908203 0.625000
vt 0.908203 0.562500
vt 0.876953 0.562500
vt 0.876953 0.625000
vt 0.908203 0.625000
vt 0.908203 0.562500
vt 0.876953 0.562500
vt 0.421875 0.625000
vt 0.441406 0.625000
vt 0.441406 0.515625
vt 0.421875 0.515625
vt 0.421875 0.625000
vt 0.441406 0.625000
vt 0.441406 0.515625
vt 0.421875 0.515625
vt 0.421875 0.625000
vt 0.441406 0.625000
vt 0.441406 0.515625
vt 0.421875 0.515625
vt 0.421875 0.625000
vt 0.441406 0.625000
vt 0.441406 0.515625
vt 0.421875 0.515625
vt 0.671875 0.406250
vt 0.703125 0.406250
vt 0.703125 0.390625
vt 0.671875 0.390625
vt 0.671875 0.406250
vt 0.703125 0.406250
vt 0.703125 0.390625
vt 0.671875 0.390625
vt 0.671875 0.406250
vt 0.703125 0.406250
vt 0.703125 0.390625
vt 0.671875 0.390625
vt 0.671875 0.406250
vt 0.703125 0.406250
vt 0.703125 0.390625
vt 0.671875 0.390625
vt 0.876953 0.625000
vt 0.908203 0.625000
vt 0.908203 0.562500
vt 0.876953 0.562500
vt 0.876953 0.625000
vt 0.908203 0.625000
vt 0.908203 0.562500
vt 0.876953 0.562500
vt 0.421875 0.625000
vt 0.441406 0.625000
vt 0.441406 0.515625
vt 0.421875 0.515625
vt 0.421875 0.625000
vt 0.441406 0.625000
vt 0.441406 0.515625
vt 0.421875 0.515625
vt 0.421875 0.625000
vt 0.441406 0.625000
vt 0.441406 0.515625
vt 0.421875 0.515625
vt 0.421875 0.625000
vt 0.441406 0.625000
vt 0.441406 0.515625
vt 0.421875 0.515625
vt 0.671875 0.406250
vt 0.703125 0.406250
vt 0.703125 0.390625
vt 0.671875 0.390625
vt 0.671875 0.406250
vt 0.703125 0.406250
vt 0.703125 0.390625
vt 0.671875 0.390625
vt 0.671875 0.406250
vt 0.703125 0.406250
vt 0.703125 0.390625
vt 0.671875 0.390625
vt 0.671875 0.406250
vt 0.703125 0.406250
vt 0.703125 0.390625
vt 0.671875 0.390625
vt 0.876953 0.625000
vt 0.908203 0.625000
vt 0.908203 0.562500
vt 0.876953 0.562500
vt 0.876953 0.625000
vt 0.908203 0.625000
vt 0.908203 0.562500
vt 0.876953 0.562500
vt 0.421875 0.625000
vt 0.441406 0.625000
vt 0.441406 0.515625
vt 0.421875 0.515625
vt 0.421875 0.625000
vt 0.441406 0.625000
vt 0.441406 0.515625
vt 0.421875 0.515625
vt 0.421875 0.625000
vt 0.441406 0.625000
vt 0.441406 0.515625
vt 0.421875 0.515625
vt 0.421875 0.625000
vt 0.441406 0.625000
vt 0.441406 0.515625
vt 0.421875 0.515625
vt 0.671875 0.406250
vt 0.703125 0.406250
vt 0.703125 0.390625
vt 0.671875 0.390625
vt 0.671875 0.406250
vt 0.703125 0.406250
vt 0.703125 0.390625
vt 0.671875 0.390625
vt 0.671875 0.406250
vt 0.703125 0.406250
vt 0.703125 0.390625
vt 0.671875 0.390625
vt 0.671875 0.406250
vt 0.703125 0.406250
vt 0.703125 0.390625
vt 0.671875 0.390625
vt 0.876953 0.625000
vt 0.908203 0.625000
vt 0.908203 0.562500
vt 0.876953 0.562500
vt 0.876953 0.625000
vt 0.908203 0.625000
vt 0.908203 0.562500
vt 0.876953 0.562500
vt 0.421875 0.625000
vt 0.441406 0.625000
vt 0.441406 0.515625
vt 0.421875 0.515625
vt 0.421875 0.625000
vt 0.441406 0.625000
vt 0.441406 0.515625
vt 0.421875 0.515625
vt 0.421875 0.625000
vt 0.441406 0.625000
vt 0.441406 0.515625
vt 0.421875 0.515625
vt 0.421875 0.625000
vt 0.441406 0.625000
vt 0.441406 0.515625
vt 0.421875 0.515625
vt 0.671875 0.406250
vt 0.703125 0.406250
vt 0.703125 0.390625
vt 0.671875 0.390625
vt 0.671875 0.406250
vt 0.703125 0.406250
vt 0.703125 0.390625
vt 0.671875 0.390625
vt 0.671875 0.406250
vt 0.703125 0.406250
vt 0.703125 0.390625
vt 0.671875 0.390625
vt 0.671875 0.406250
vt 0.703125 0.406250
vt 0.703125 0.390625
vt 0.671875 0.390625
vt 0.876953 0.625000
vt 0.908203 0.625000
vt 0.908203 0.562500
vt 0.876953 0.562500
vt 0.876953 0.625000
vt 0.908203 0.625000
vt 0.908203 0.562500
vt 0.876953 0.562500
vt 0.421875 0.625000
vt 0.441406 0.625000
vt 0.441406 0.515625
vt 0.421875 0.515625
vt 0.421875 0.625000
vt 0.441406 0.625000
vt 0.441406 0.515625
vt 0.421875 0.515625
vt 0.421875 0.625000
vt 0.441406 0.625000
vt 0.441406 0.515625
vt 0.421875 0.515625
vt 0.421875 0.625000
vt 0.441406 0.625000
vt 0.441406 0.515625
vt 0.421875 0.515625
vt 0.671875 0.406250
vt 0.703125 0.406250
vt 0.703125 0.390625
vt 0.671875 0.390625
vt 0.671875 0.406250
vt 0.703125 0.406250
vt 0.703125 0.390625
vt 0.671875 0.390625
vt 0.671875 0.406250
vt 0.703125 0.406250
vt 0.703125 0.390625
vt 0.671875 0.390625
vt 0.671875 0.406250
vt 0.703125 0.406250
vt 0.703125 0.390625
vt 0.671875 0.390625
vt 0.876953 0.625000
vt 0.908203 0.625000
vt 0.908203 0.562500
vt 0.876953 0.562500
vt 0.876953 0.625000
vt 0.908203 0.625000
vt 0.908203 0.562500
vt 0.876953 0.562500
vt 0.421875 0.625000
vt 0.441406 0.625000
vt 0.441406 0.515625
vt 0.421875 0.515625
vt 0.421875 0.625000
vt 0.441406 0.625000
vt 0.441406 0.515625
vt 0.421875 0.515625
vt 0.421875 0.625000
vt 0.441406 0.625000
vt 0.441406 0.515625
vt 0.421875 0.515625
vt 0.421875 0.625000
vt 0.441406 0.625000
vt 0.441406 0.515625
vt 0.421875 0.515625
vt 0.671875 0.406250
vt 0.703125 0.406250
vt 0.703125 0.390625
vt 0.671875 0.390625
vt 0.671875 0.406250
vt 0.703125 0.406250
vt 0.703125 0.390625
vt 0.671875 0.390625
vt 0.671875 0.406250
vt 0.703125 0.406250
vt 0.703125 0.390625
vt 0.671875 0.390625
vt 0.671875 0.406250
vt 0.703125 0.406250
vt 0.703125 0.390625
vt 0.671875 0.390625
vt 0.876953 0.625000
vt 0.908203 0.625000
vt 0.908203 0.562500
vt 0.876953 0.562500
vt 0.876953 0.625000
vt 0.908203 0.625000
vt 0.908203 0.562500
vt 0.876953 0.562500
vt 0.421875 0.625000
vt 0.441406 0.625000
vt 0.441406 0.515625
vt 0.421875 0.515625
vt 0.421875 0.625000
vt 0.441406 0.625000
vt 0.441406 0.515625
vt 0.421875 0.515625
vt 0.421875 0.625000
vt 0.441406 0.625000
vt 0.441406 0.515625
vt 0.421875 0.515625
vt 0.421875 0.625000
vt 0.441406 0.625000
vt 0.441406 0.515625
vt 0.421875 0.515625
vt 0.671875 0.406250
vt 0.703125 0.406250
vt 0.703125 0.390625
vt 0.671875 0.390625
vt 0.671875 0.406250
vt 0.703125 0.406250
vt 0.703125 0.390625
vt 0.671875 0.390625
vt 0.671875 0.406250
vt 0.703125 0.406250
vt 0.703125 0.390625
vt 0.671875 0.390625
vt 0.671875 0.406250
vt 0.703125 0.406250
vt 0.703125 0.390625
vt 0.671875 0.390625
vt 0.876953 0.625000
vt 0.908203 0.625000
vt 0.908203 0.562500
vt 0.876953 0.562500
vt 0.876953 0.625000
vt 0.908203 0.625000
vt 0.908203 0.562500
vt 0.876953 0.562500
vt 0.421875 0.625000
vt 0.441406 0.625000
vt 0.441406 0.515625
vt 0.421875 0.515625
vt 0.421875 0.625000
vt 0.441406 0.625000
vt 0.441406 0.515625
vt 0.421875 0.515625
vt 0.421875 0.625000
vt 0.441406 0.625000
vt 0.441406 0.515625
vt 0.421875 0.515625
vt 0.421875 0.625000
vt 0.441406 0.625000
vt 0.441406 0.515625
vt 0.421875 0.515625
vt 0.671875 0.406250
vt 0.703125 0.406250
vt 0.703125 0.390625
vt 0.671875 0.390625
vt 0.671875 0.406250
vt 0.703125 0.406250
vt 0.703125 0.390625
vt 0.671875 0.390625
vt 0.671875 0.406250
vt 0.703125 0.406250
vt 0.703125 0.390625
vt 0.671875 0.390625
vt 0.671875 0.406250
vt 0.703125 0.406250
vt 0.703125 0.390625
vt 0.671875 0.390625
vt 0.876953 0.625000
vt 0.908203 0.625000
vt 0.908203 0.562500
vt 0.876953 0.562500
vt 0.876953 0.625000
vt 0.908203 0.625000
vt 0.908203 0.562500
vt 0.876953 0.562500
vt 0.421875 0.625000
vt 0.441406 0.625000
vt 0.441406 0.515625
vt 0.421875 0.515625
vt 0.421875 0.625000
vt 0.441406 0.625000
vt 0.441406 0.515625
vt 0.421875 0.515625
vt 0.421875 0.625000
vt 0.441406 0.625000
vt 0.441406 0.515625
vt 0.421875 0.515625
vt 0.421875 0.625000
vt 0.441406 0.625000
vt 0.441406 0.515625
vt 0.421875 0.515625
vt 0.671875 0.406250
vt 0.703125 0.406250
vt 0.703125 0.390625
vt 0.671875 0.390625
vt 0.671875 0.406250
vt 0.703125 0.406250
vt 0.703125 0.390625
vt 0.671875 0.390625
vt 0.671875 0.406250
vt 0.703125 0.406250
vt 0.703125 0.390625
vt 0.671875 0.390625
vt 0.671875 0.406250
vt 0.703125 0.406250
vt 0.703125 0.390625
vt 0.671875 0.390625
vt 0.876953 0.625000
vt 0.908203 0.625000
vt 0.908203 0.562500
vt 0.876953 0.562500
vt 0.876953 0.625000
vt 0.908203 0.625000
vt 0.908203 0.562500
vt 0.876953 0.562500
vt 0.421875 0.625000
vt 0.441406 0.625000
vt 0.441406 0.515625
vt 0.421875 0.515625
vt 0.421875 0.625000
vt 0.441406 0.625000
vt 0.441406 0.515625
vt 0.421875 0.515625
vt 0.421875 0.625000
vt 0.441406 0.625000
vt 0.441406 0.515625
vt 0.421875 0.515625
vt 0.421875 0.625000
vt 0.441406 0.625000
vt 0.441406 0.515625
vt 0.421875 0.515625
vt 0.671875 0.406250
vt 0.703125 0.406250
vt 0.703125 0.390625
vt 0.671875 0.390625
vt 0.671875 0.406250
vt 0.703125 0.406250
vt 0.703125 0.390625
vt 0.671875 0.390625
vt 0.671875 0.406250
vt 0.703125 0.406250
vt 0.703125 0.390625
vt 0.671875 0.390625
vt 0.671875 0.406250
vt 0.703125 0.406250
vt 0.703125 0.390625
vt 0.671875 0.390625
vt 0.876953 0.625000
vt 0.908203 0.625000
vt 0.908203 0.562500
vt 0.876953 0.562500
vt 0.876953 0.625000
vt 0.908203 0.625000
vt 0.908203 0.562500
vt 0.876953 0.562500
vt 0.421875 0.625000
vt 0.441406 0.625000
vt 0.441406 0.515625
vt 0.421875 0.515625
vt 0.421875 0.625000
vt 0.441406 0.625000
vt 0.441406 0.515625
vt 0.421875 0.515625
vt 0.421875 0.625000
vt 0.441406 0.625000
vt 0.441406 0.515625
vt 0.421875 0.515625
vt 0.421875 0.625000
vt 0.441406 0.625000
vt 0.441406 0.515625
vt 0.421875 0.515625
vt 0.671875 0.406250
vt 0.703125 0.406250
vt 0.703125 0.390625
vt 0.671875 0.390625
vt 0.671875 0.406250
vt 0.703125 0.406250
vt 0.703125 0.390625
vt 0.671875 0.390625
vt 0.671875 0.406250
vt 0.703125 0.406250
vt 0.703125 0.390625
vt 0.671875 0.390625
vt 0.671875 0.406250
vt 0.703125 0.406250
vt 0.703125 0.390625
vt 0.671875 0.390625
vt 0.876953 0.625000
vt 0.908203 0.625000
vt 0.908203 0.562500
vt 0.876953 0.562500
vt 0.876953 0.625000
vt 0.908203 0.625000
vt 0.908203 0.562500
vt 0.876953 0.562500
vt 0.421875 0.625000
vt 0.441406 0.625000
vt 0.441406 0.515625
vt 0.421875 0.515625
vt 0.421875 0.625000
vt 0.441406 0.625000
vt 0.441406 0.515625
vt 0.421875 0.515625
vt 0.421875 0.625000
vt 0.441406 0.625000
vt 0.441406 0.515625
vt 0.421875 0.515625
vt 0.421875 0.625000
vt 0.441406 0.625000
vt 0.441406 0.515625
vt 0.421875 0.515625
vt 0.671875 0.406250
vt 0.703125 0.406250
vt 0.703125 0.390625
vt 0.671875 0.390625
vt 0.671875 0.406250
vt 0.703125 0.406250
vt 0.703125 0.390625
vt 0.671875 0.390625
vt 0.671875 0.406250
vt 0.703125 0.406250
vt 0.703125 0.390625
vt 0.671875 0.390625
vt 0.671875 0.406250
vt 0.703125 0.406250
vt 0.703125 0.390625
vt 0.671875 0.390625
vt 0.876953 0.625000
vt 0.908203 0.625000
vt 0.908203 0.562500
vt 0.876953 0.562500
vt 0.876953 0.625000
vt 0.908203 0.625000
vt 0.908203 0.562500
vt 0.876953 0.562500
vt 0.421875 0.625000
vt 0.441406 0.625000
vt 0.441406 0.515625
vt 0.421875 0.515625
vt 0.421875 0.625000
vt 0.441406 0.625000
vt 0.441406 0.515625
vt 0.421875 0.515625
vt 0.421875 0.625000
vt 0.441406 0.625000
vt 0.441406 0.515625
vt 0.421875 0.515625
vt 0.421875 0.625000
vt 0.441406 0.625000
vt 0.441406 0.515625
vt 0.421875 0.515625
vt 0.671875 0.406250
vt 0.703125 0.406250
vt 0.703125 0.390625
vt 0.671875 0.390625
vt 0.671875 0.406250
vt 0.703125 0.406250
vt 0.703125 0.390625
vt 0.671875 0.390625
vt 0.671875 0.406250
vt 0.703125 0.406250
vt 0.703125 0.390625
vt 0.671875 0.390625
vt 0.671875 0.406250
vt 0.703125 0.406250
vt 0.703125 0.390625
vt 0.671875 0.390625
vt 0.876953 0.625000
vt 0.908203 0.625000
vt 0.908203 0.562500
vt 0.876953 0.562500
vt 0.876953 0.625000
vt 0.908203 0.625000
vt 0.908203 0.562500
vt 0.876953 0.562500
vt 0.421875 0.625000
vt 0.441406 0.625000
vt 0.441406 0.515625
vt 0.421875 0.515625
vt 0.421875 0.625000
vt 0.441406 0.625000
vt 0.441406 0.515625
vt 0.421875 0.515625
vt 0.421875 0.625000
vt 0.441406 0.625000
vt 0.441406 0.515625
vt 0.421875 0.515625
vt 0.421875 0.625000
vt 0.441406 0.625000
vt 0.441406 0.515625
vt 0.421875 0.515625
vt 0.671875 0.406250
vt 0.703125 0.406250
vt 0.703125 0.390625
vt 0.671875 0.390625
vt 0.671875 0.406250
vt 0.703125 0.406250
vt 0.703125 0.390625
vt 0.671875 0.390625
vt 0.671875 0.406250
vt 0.703125 0.406250
vt 0.703125 0.390625
vt 0.671875 0.390625
vt 0.671875 0.406250
vt 0.703125 0.406250
vt 0.703125 0.390625
vt 0.671875 0.390625
vt 0.876953 0.625000
vt 0.908203 0.625000
vt 0.908203 0.562500
vt 0.876953 0.562500
vt 0.876953 0.625000
vt 0.908203 0.625000
vt 0.908203 0.562500
vt 0.876953 0.562500
vt 0.421875 0.625000
vt 0.441406 0.625000
vt 0.441406 0.515625
vt 0.421875 0.515625
vt 0.421875 0.625000
vt 0.441406 0.625000
vt 0.441406 0.515625
vt 0.421875 0.515625
vt 0.421875 0.625000
vt 0.441406 0.625000
vt 0.441406 0.515625
vt 0.421875 0.515625
vt 0.421875 0.625000
vt 0.441406 0.625000
vt 0.441406 0.515625
vt 0.421875 0.515625
vt 0.671875 0.406250
vt 0.703125 0.406250
vt 0.703125 0.390625
vt 0.671875 0.390625
vt 0.671875 0.406250
vt 0.703125 0.406250
vt 0.703125 0.390625
vt 0.671875 0.390625
vt 0.671875 0.406250
vt 0.703125 0.406250
vt 0.703125 0.390625
vt 0.671875 0.390625
vt 0.671875 0.406250
vt 0.703125 0.406250
vt 0.703125 0.390625
vt 0.671875 0.390625
vt 0.876953 0.625000
vt 0.908203 0.625000
vt 0.908203 0.562500
vt 0.876953 0.562500
vt 0.876953 0.625000
vt 0.908203 0.625000
vt 0.908203 0.562500
vt 0.876953 0.562500
vt 0.421875 0.625000
vt 0.441406 0.625000
vt 0.441406 0.515625
vt 0.421875 0.515625
vt 0.421875 0.625000
vt 0.441406 0.625000
vt 0.441406 0.515625
vt 0.421875 0.515625
vt 0.421875 0.625000
vt 0.441406 0.625000
vt 0.441406 0.515625
vt 0.421875 0.515625
vt 0.421875 0.625000
vt 0.441406 0.625000
vt 0.441406 0.515625
vt 0.421875 0.515625
vt 0.671875 0.406250
vt 0.703125 0.406250
vt 0.703125 0.390625
vt 0.671875 0.390625
vt 0.671875 0.406250
vt 0.703125 0.406250
vt 0.703125 0.390625
vt 0.671875 0.390625
vt 0.671875 0.406250
vt 0.703125 0.406250
vt 0.703125 0.390625
vt 0.671875 0.390625
vt 0.671875 0.406250
vt 0.703125 0.406250
vt 0.703125 0.390625
vt 0.671875 0.390625
vt 0.876953 0.625000
vt 0.908203 0.625000
vt 0.908203 0.562500
vt 0.876953 0.562500
vt 0.876953 0.625000
vt 0.908203 0.625000
vt 0.908203 0.562500
vt 0.876953 0.562500
vt 0.421875 0.625000
vt 0.441406 0.625000
vt 0.441406 0.515625
vt 0.421875 0.515625
vt 0.421875 0.625000
vt 0.441406 0.625000
vt 0.441406 0.515625
vt 0.421875 0.515625
vt 0.421875 0.625000
vt 0.441406 0.625000
vt 0.441406 0.515625
vt 0.421875 0.515625
vt 0.421875 0.625000
vt 0.441406 0.625000
vt 0.441406 0.515625
vt 0.421875 0.515625
vt 0.671875 0.406250
vt 0.703125 0.406250
vt 0.703125 0.390625
vt 0.671875 0.390625
vt 0.671875 0.406250
vt 0.703125 0.406250
vt 0.703125 0.390625
vt 0.671875 0.390625
vt 0.671875 0.406250
vt 0.703125 0.406250
vt 0.703125 0.390625
vt 0.671875 0.390625
vt 0.671875 0.406250
vt 0.703125 0.406250
vt 0.703125 0.390625
vt 0.671875 0.390625
vt 0.876953 0.625000
vt 0.908203 0.625000
vt 0.908203 0.562500
vt 0.876953 0.562500
vt 0.876953 0.625000
vt 0.908203 0.625000
vt 0.908203 0.562500
vt 0.876953 0.562500
vt 0.421875 0.625000
vt 0.441406 0.625000
vt 0.441406 0.515625
vt 0.421875 0.515625
vt 0.421875 0.625000
vt 0.441406 0.625000
vt 0.441406 0.515625
vt 0.421875 0.515625
vt 0.421875 0.625000
vt 0.441406 0.625000
vt 0.441406 0.515625
vt 0.421875 0.515625
vt 0.421875 0.625000
vt 0.441406 0.625000
vt 0.441406 0.515625
vt 0.421875 0.515625
vt 0.671875 0.406250
vt 0.703125 0.406250
vt 0.703125 0.390625
vt 0.671875 0.390625
vt 0.671875 0.406250
vt 0.703125 0.406250
vt 0.703125 0.390625
vt 0.671875 0.390625
vt 0.671875 0.406250
vt 0.703125 0.406250
vt 0.703125 0.390625
vt 0.671875 0.390625
vt 0.671875 0.406250
vt 0.703125 0.406250
vt 0.703125 0.390625
vt 0.671875 0.390625
vt 0.876953 0.625000
vt 0.908203 0.625000
vt 0.908203 0.562500
vt 0.876953 0.562500
vt 0.876953 0.625000
vt 0.908203 0.625000
vt 0.908203 0.562500
vt 0.876953 0.562500
vt 0.421875 0.625000
vt 0.441406 0.625000
vt 0.441406 0.515625
vt 0.421875 0.515625
vt 0.421875 0.625000
vt 0.441406 0.625000
vt 0.441406 0.515625
vt 0.421875 0.515625
vt 0.421875 0.625000
vt 0.441406 0.625000
vt 0.441406 0.515625
vt 0.421875 0.515625
vt 0.421875 0.625000
vt 0.441406 0.625000
vt 0.441406 0.515625
vt 0.421875 0.515625
vt 0.671875 0.406250
vt 0.703125 0.406250
vt 0.703125 0.390625
vt 0.671875 0.390625
vt 0.671875 0.406250
vt 0.703125 0.406250
vt 0.703125 0.390625
vt 0.671875 0.390625
vt 0.671875 0.406250
vt 0.703125 0.406250
vt 0.703125 0.390625
vt 0.671875 0.390625
vt 0.671875 0.406250
vt 0.703125 0.406250
vt 0.703125 0.390625
vt 0.671875 0.390625
vt 0.876953 0.625000
vt 0.908203 0.625000
vt 0.908203 0.562500
vt 0.876953 0.562500
vt 0.876953 0.625000
vt 0.908203 0.625000
vt 0.908203 0.562500
vt 0.876953 0.562500
vt 0.421875 0.625000
vt 0.441406 0.625000
vt 0.441406 0.515625
vt 0.421875 0.515625
vt 0.421875 0.625000
vt 0.441406 0.625000
vt 0.441406 0.515625
vt 0.421875 0.515625
vt 0.421875 0.625000
vt 0.441406 0.625000
vt 0.441406 0.515625
vt 0.421875 0.515625
vt 0.421875 0.625000
vt 0.441406 0.625000
vt 0.441406 0.515625
vt 0.421875 0.515625
vt 0.671875 0.406250
vt 0.703125 0.406250
vt 0.703125 0.390625
vt 0.671875 0.390625
vt 0.671875 0.406250
vt 0.703125 0.406250
vt 0.703125 0.390625
vt 0.671875 0.390625
vt 0.671875 0.406250
vt 0.703125 0.406250
vt 0.703125 0.390625
vt 0.671875 0.390625
vt 0.671875 0.406250
vt 0.703125 0.406250
vt 0.703125 0.390625
vt 0.671875 0.390625
vt 0.876953 0.625000
vt 0.908203 0.625000
vt 0.908203 0.562500
vt 0.876953 0.562500
vt 0.876953 0.625000
vt 0.908203 0.625000
vt 0.908203 0.562500
vt 0.876953 0.562500
vt 0.421875 0.625000
vt 0.441406 0.625000
vt 0.441406 0.515625
vt 0.421875 0.515625
vt 0.421875 0.625000
vt 0.441406 0.625000
vt 0.441406 0.515625
vt 0.421875 0.515625
vt 0.421875 0.625000
vt 0.441406 0.625000
vt 0.441406 0.515625
vt 0.421875 0.515625
vt 0.421875 0.625000
vt 0.441406 0.625000
vt 0.441406 0.515625
vt 0.421875 0.515625
vt 0.671875 0.406250
vt 0.703125 0.406250
vt 0.703125 0.390625
vt 0.671875 0.390625
vt 0.671875 0.406250
vt 0.703125 0.406250
vt 0.703125 0.390625
vt 0.671875 0.390625
vt 0.671875 0.406250
vt 0.703125 0.406250
vt 0.703125 0.390625
vt 0.671875 0.390625
vt 0.671875 0.406250
vt 0.703125 0.406250
vt 0.703125 0.390625
vt 0.671875 0.390625
vt 0.876953 0.625000
vt 0.908203 0.625000
vt 0.908203 0.562500
vt 0.876953 0.562500
vt 0.876953 0.625000
vt 0.908203 0.625000
vt 0.908203 0.562500
vt 0.876953 0.562500
vt 0.421875 0.625000
vt 0.441406 0.625000
vt 0.441406 0.515625
vt 0.421875 0.515625
vt 0.421875 0.625000
vt 0.441406 0.625000
vt 0.441406 0.515625
vt 0.421875 0.515625
vt 0.421875 0.625000
vt 0.441406 0.625000
vt 0.441406 0.515625
vt 0.421875 0.515625
vt 0.421875 0.625000
vt 0.441406 0.625000
vt 0.441406 0.515625
vt 0.421875 0.515625
vt 0.671875 0.406250
vt 0.703125 0.406250
vt 0.703125 0.390625
vt 0.671875 0.390625
vt 0.671875 0.406250
vt 0.703125 0.406250
vt 0.703125 0.390625
vt 0.671875 0.390625
vt 0.671875 0.406250
vt 0.703125 0.406250
vt 0.703125 0.390625
vt 0.671875 0.390625
vt 0.671875 0.406250
vt 0.703125 0.406250
vt 0.703125 0.390625
vt 0.671875 0.390625
vt 0.876953 0.625000
vt 0.908203 0.625000
vt 0.908203 0.562500
vt 0.876953 0.562500
vt 0.876953 0.625000
vt 0.908203 0.625000
vt 0.908203 0.562500
vt 0.876953 0.562500
vt 0.421875 0.625000
vt 0.441406 0.625000
vt 0.441406 0.515625
vt 0.421875 0.515625
vt 0.421875 0.625000
vt 0.441406 0.625000
vt 0.441406 0.515625
vt 0.421875 0.515625
vt 0.421875 0.625000
vt 0.441406 0.625000
vt 0.441406 0.515625
vt 0.421875 0.515625
vt 0.421875 0.625000
vt 0.441406 0.625000
vt 0.441406 0.515625
vt 0.421875 0.515625
vt 0.671875 0.406250
vt 0.703125 0.406250
vt 0.703125 0.390625
vt 0.671875 0.390625
vt 0.671875 0.406250
vt 0.703125 0.406250
vt 0.703125 0.390625
vt 0.671875 0.390625
vt 0.671875 0.406250
vt 0.703125 0.406250
vt 0.703125 0.390625
vt 0.671875 0.390625
vt 0.671875 0.406250
vt 0.703125 0.406250
vt 0.703125 0.390625
vt 0.671875 0.390625
vt 0.876953 0.625000
vt 0.908203 0.625000
vt 0.908203 0.562500
vt 0.876953 0.562500
vt 0.876953 0.625000
vt 0.908203 0.625000
vt 0.908203 0.562500
vt 0.876953 0.562500
vt 0.421875 0.625000
vt 0.441406 0.625000
vt 0.441406 0.515625
vt 0.421875 0.515625
vt 0.421875 0.625000
vt 0.441406 0.625000
vt 0.441406 0.515625
vt 0.421875 0.515625
vt 0.421875 0.625000
vt 0.441406 0.625000
vt 0.441406 0.515625
vt 0.421875 0.515625
vt 0.421875 0.625000
vt 0.441406 0.625000
vt 0.441406 0.515625
vt 0.421875 0.515625
vt 0.671875 0.406250
vt 0.703125 0.406250
vt 0.703125 0.390625
vt 0.671875 0.390625
vt 0.671875 0.406250
vt 0.703125 0.406250
vt 0.703125 0.390625
vt 0.671875 0.390625
vt 0.671875 0.406250
vt 0.703125 0.406250
vt 0.703125 0.390625
vt 0.671875 0.390625
vt 0.671875 0.406250
vt 0.703125 0.406250
vt 0.703125 0.390625
vt 0.671875 0.390625
vt 0.876953 0.625000
vt 0.908203 0.625000
vt 0.908203 0.562500
vt 0.876953 0.562500
vt 0.876953 0.625000
vt 0.908203 0.625000
vt 0.908203 0.562500
vt 0.876953 0.562500
vt 0.421875 0.625000
vt 0.441406 0.625000
vt 0.441406 0.515625
vt 0.421875 0.515625
vt 0.421875 0.625000
vt 0.441406 0.625000
vt 0.441406 0.515625
vt 0.421875 0.515625
vt 0.421875 0.625000
vt 0.441406 0.625000
vt 0.441406 0.515625
vt 0.421875 0.515625
vt 0.421875 0.625000
vt 0.441406 0.625000
vt 0.441406 0.515625
vt 0.421875 0.515625
vt 0.671875 0.406250
vt 0.703125 0.406250
vt 0.703125 0.390625
vt 0.671875 0.390625
vt 0.671875 0.406250
vt 0.703125 0.406250
vt 0.703125 0.390625
vt 0.671875 0.390625
vt 0.671875 0.406250
vt 0.703125 0.406250
vt 0.703125 0.390625
vt 0.671875 0.390625
vt 0.671875 0.406250
vt 0.703125 0.406250
vt 0.703125 0.390625
vt 0.671875 0.390625
vt 0.876953 0.625000
vt 0.908203 0.625000
vt 0.908203 0.562500
vt 0.876953 0.562500
vt 0.876953 0.625000
vt 0.908203 0.625000
vt 0.908203 0.562500
vt 0.876953 0.562500
vt 0.421875 0.625000
vt 0.441406 0.625000
vt 0.441406 0.515625
vt 0.421875 0.515625
vt 0.421875 0.625000
vt 0.441406 0.625000
vt 0.441406 0.515625
vt 0.421875 0.515625
vt 0.421875 0.625000
vt 0.441406 0.625000
vt 0.441406 0.515625
vt 0.421875 0.515625
vt 0.421875 0.625000
vt 0.441406 0.625000
vt 0.441406 0.515625
vt 0.421875 0.515625
vt 0.671875 0.406250
vt 0.703125 0.406250
vt 0.703125 0.390625
vt 0.671875 0.390625
vt 0.671875 0.406250
vt 0.703125 0.406250
vt 0.703125 0.390625
vt 0.671875 0.390625
vt 0.671875 0.406250
vt 0.703125 0.406250
vt 0.703125 0.390625
vt 0.671875 0.390625
vt 0.671875 0.406250
vt 0.703125 0.406250
vt 0.703125 0.390625
vt 0.671875 0.390625
vt 0.876953 0.625000
vt 0.908203 0.625000
vt 0.908203 0.562500
vt 0.876953 0.562500
vt 0.876953 0.625000
vt 0.908203 0.625000
vt 0.908203 0.562500
vt 0.876953 0.562500
vt 0.421875 0.625000
vt 0.441406 0.625000
vt 0.441406 0.515625
vt 0.421875 0.515625
vt 0.421875 0.625000
vt 0.441406 0.625000
vt 0.441406 0.515625
vt 0.421875 0.515625
vt 0.421875 0.625000
vt 0.441406 0.625000
vt 0.441406 0.515625
vt 0.421875 0.515625
vt 0.421875 0.625000
vt 0.441406 0.625000
vt 0.441406 0.515625
vt 0.421875 0.515625
vt 0.671875 0.406250
vt 0.703125 0.406250
vt 0.703125 0.390625
vt 0.671875 0.390625
vt 0.671875 0.406250
vt 0.703125 0.406250
vt 0.703125 0.390625
vt 0.671875 0.390625
vt 0.671875 0.406250
vt 0.703125 0.406250
vt 0.703125 0.390625
vt 0.671875 0.390625
vt 0.671875 0.406250
vt 0.703125 0.406250
vt 0.703125 0.390625
vt 0.671875 0.390625
vt 0.876953 0.625000
vt 0.908203 0.625000
vt 0.908203 0.562500
vt 0.876953 0.562500
vt 0.876953 0.625000
vt 0.908203 0.625000
vt 0.908203 0.562500
vt 0.876953 0.562500
vt 0.421875 0.625000
vt 0.441406 0.625000
vt 0.441406 0.515625
vt 0.421875 0.515625
vt 0.421875 0.625000
vt 0.441406 0.625000
vt 0.441406 0.515625
vt 0.421875 0.515625
vt 0.421875 0.625000
vt 0.441406 0.625000
vt 0.441406 0.515625
vt 0.421875 0.515625
vt 0.421875 0.625000
vt 0.441406 0.625000
vt 0.441406 0.515625
vt 0.421875 0.515625
vt 0.671875 0.406250
vt 0.703125 0.406250
vt 0.703125 0.390625
vt 0.671875 0.390625
vt 0.671875 0.406250
vt 0.703125 0.406250
vt 0.703125 0.390625
vt 0.671875 0.390625
vt 0.671875 0.406250
vt 0.703125 0.406250
vt 0.703125 0.390625
vt 0.671875 0.390625
vt 0.671875 0.406250
vt 0.703125 0.406250
vt 0.703125 0.390625
vt 0.671875 0.390625
vt 0.876953 0.625000
vt 0.908203 0.625000
vt 0.908203 0.562500
vt 0.876953 0.562500
vt 0.876953 0.625000
vt 0.908203 0.625000
vt 0.908203 0.562500
vt 0.876953 0.562500
vt 0.421875 0.625000
vt 0.441406 0.625000
vt 0.441406 0.515625
vt 0.421875 0.515625
vt 0.421875 0.625000
vt 0.441406 0.625000
vt 0.441406 0.515625
vt 0.421875 0.515625
vt 0.421875 0.625000
vt 0.441406 0.625000
vt 0.441406 0.515625
vt 0.421875 0.515625
vt 0.421875 0.625000
vt 0.441406 0.625000
vt 0.441406 0.515625
vt 0.421875 0.515625
vt 0.671875 0.406250
vt 0.703125 0.406250
vt 0.703125 0.390625
vt 0.671875 0.390625
vt 0.671875 0.406250
vt 0.703125 0.406250
vt 0.703125 0.390625
vt 0.671875 0.390625
vt 0.671875 0.406250
vt 0.703125 0.406250
vt 0.703125 0.390625
vt 0.671875 0.390625
vt 0.671875 0.406250
vt 0.703125 0.406250
vt 0.703125 0.390625
vt 0.671875 0.390625
vt 0.876953 0.625000
vt 0.908203 0.625000
vt 0.908203 0.562500
vt 0.876953 0.562500
vt 0.876953 0.625000
vt 0.908203 0.625000
vt 0.908203 0.562500
vt 0.876953 0.562500
vt 0.421875 0.625000
vt 0.441406 0.625000
vt 0.441406 0.515625
vt 0.421875 0.515625
vt 0.421875 0.625000
vt 0.441406 0.625000
vt 0.441406 0.515625
vt 0.421875 0.515625
vt 0.421875 0.625000
vt 0.441406 0.625000
vt 0.441406 0.515625
vt 0.421875 0.515625
vt 0.421875 0.625000
vt 0.441406 0.625000
vt 0.441406 0.515625
vt 0.421875 0.515625
vt 0.671875 0.406250
vt 0.703125 0.406250
vt 0.703125 0.390625
vt 0.671875 0.390625
vt 0.671875 0.406250
vt 0.703125 0.406250
vt 0.703125 0.390625
vt 0.671875 0.390625
vt 0.671875 0.406250
vt 0.703125 0.406250
vt 0.703125 0.390625
vt 0.671875 0.390625
vt 0.671875 0.406250
vt 0.703125 0.406250
vt 0.703125 0.390625
vt 0.671875 0.390625
vt 0.876953 0.625000
vt 0.908203 0.625000
vt 0.908203 0.562500
vt 0.876953 0.562500
vt 0.876953 0.625000
vt 0.908203 0.625000
vt 0.908203 0.562500
vt 0.876953 0.562500
vt 0.421875 0.625000
vt 0.441406 0.625000
vt 0.441406 0.515625
vt 0.421875 0.515625
vt 0.421875 0.625000
vt 0.441406 0.625000
vt 0.441406 0.515625
vt 0.421875 0.515625
vt 0.421875 0.625000
vt 0.441406 0.625000
vt 0.441406 0.515625
vt 0.421875 0.515625
vt 0.421875 0.625000
vt 0.441406 0.625000
vt 0.441406 0.515625
vt 0.421875 0.515625
vt 0.671875 0.406250
vt 0.703125 0.406250
vt 0.703125 0.390625
vt 0.671875 0.390625
vt 0.671875 0.406250
vt 0.703125 0.406250
vt 0.703125 0.390625
vt 0.671875 0.390625
vt 0.671875 0.406250
vt 0.703125 0.406250
vt 0.703125 0.390625
vt 0.671875 0.390625
vt 0.671875 0.406250
vt 0.703125 0.406250
vt 0.703125 0.390625
vt 0.671875 0.390625
vt 0.876953 0.625000
vt 0.908203 0.625000
vt 0.908203 0.562500
vt 0.876953 0.562500
vt 0.876953 0.625000
vt 0.908203 0.625000
vt 0.908203 0.562500
vt 0.876953 0.562500
vt 0.421875 0.625000
vt 0.441406 0.625000
vt 0.441406 0.515625
vt 0.421875 0.515625
vt 0.421875 0.625000
vt 0.441406 0.625000
vt 0.441406 0.515625
vt 0.421875 0.515625
vt 0.421875 0.625000
vt 0.441406 0.625000
vt 0.441406 0.515625
vt 0.421875 0.515625
vt 0.421875 0.625000
vt 0.441406 0.625000
vt 0.441406 0.515625
vt 0.421875 0.515625
vt 0.671875 0.406250
vt 0.703125 0.406250
vt 0.703125 0.390625
vt 0.671875 0.390625
vt 0.671875 0.406250
vt 0.703125 0.406250
vt 0.703125 0.390625
vt 0.671875 0.390625
vt 0.671875 0.406250
vt 0.703125 0.406250
vt 0.703125 0.390625
vt 0.671875 0.390625
vt 0.671875 0.406250
vt 0.703125 0.406250
vt 0.703125 0.390625
vt 0.671875 0.390625
vt 0.876953 0.625000
vt 0.908203 0.625000
vt 0.908203 0.562500
vt 0.876953 0.562500
vt 0.876953 0.625000
vt 0.908203 0.625000
vt 0.908203 0.562500
vt 0.876953 0.562500
vt 0.421875 0.625000
vt 0.441406 0.625000
vt 0.441406 0.515625
vt 0.421875 0.515625
vt 0.421875 0.625000
vt 0.441406 0.625000
vt 0.441406 0.515625
vt 0.421875 0.515625
vt 0.421875 0.625000
vt 0.441406 0.625000
vt 0.441406 0.515625
vt 0.421875 0.515625
vt 0.421875 0.625000
vt 0.441406 0.625000
vt 0.441406 0.515625
vt 0.421875 0.515625
vt 0.671875 0.406250
vt 0.703125 0.406250
vt 0.703125 0.390625
vt 0.671875 0.390625
vt 0.671875 0.406250
vt 0.703125 0.406250
vt 0.703125 0.390625
vt 0.671875 0.390625
vt 0.671875 0.406250
vt 0.703125 0.406250
vt 0.703125 0.390625
vt 0.671875 0.390625
vt 0.671875 0.406250
vt 0.703125 0.406250
vt 0.703125 0.390625
vt 0.671875 0.390625
vt 0.876953 0.625000
vt 0.908203 0.625000
vt 0.908203 0.562500
vt 0.876953 0.562500
vt 0.876953 0.625000
vt 0.908203 0.625000
vt 0.908203 0.562500
vt 0.876953 0.562500
vt 0.421875 0.625000
vt 0.441406 0.625000
vt 0.441406 0.515625
vt 0.421875 0.515625
vt 0.421875 0.625000
vt 0.441406 0.625000
vt 0.441406 0.515625
vt 0.421875 0.515625
vt 0.421875 0.625000
vt 0.441406 0.625000
vt 0.441406 0.515625
vt 0.421875 0.515625
vt 0.421875 0.625000
vt 0.441406 0.625000
vt 0.441406 0.515625
vt 0.421875 0.515625
vt 0.671875 0.406250
vt 0.703125 0.406250
vt 0.703125 0.390625
vt 0.671875 0.390625
vt 0.671875 0.406250
vt 0.703125 0.406250
vt 0.703125 0.390625
vt 0.671875 0.390625
vt 0.671875 0.406250
vt 0.703125 0.406250
vt 0.703125 0.390625
vt 0.671875 0.390625
vt 0.671875 0.406250
vt 0.703125 0.406250
vt 0.703125 0.390625
vt 0.671875 0.390625
vt 0.876953 0.625000
vt 0.908203 0.625000
vt 0.908203 0.562500
vt 0.876953 0.562500
vt 0.876953 0.625000
vt 0.908203 0.625000
vt 0.908203 0.562500
vt 0.876953 0.562500
vt 0.421875 0.625000
vt 0.441406 0.625000
vt 0.441406 0.515625
vt 0.421875 0.515625
vt 0.421875 0.625000
vt 0.441406 0.625000
vt 0.441406 0.515625
vt 0.421875 0.515625
vt 0.421875 0.625000
vt 0.441406 0.625000
vt 0.441406 0.515625
vt 0.421875 0.515625
vt 0.421875 0.625000
vt 0.441406 0.625000
vt 0.441406 0.515625
vt 0.421875 0.515625
vt 0.671875 0.406250
vt 0.703125 0.406250
vt 0.703125 0.390625
vt 0.671875 0.390625
vt 0.671875 0.406250
vt 0.703125 0.406250
vt 0.703125 0.390625
vt 0.671875 0.390625
vt 0.671875 0.406250
vt 0.703125 0.406250
vt 0.703125 0.390625
vt 0.671875 0.390625
vt 0.671875 0.406250
vt 0.703125 0.406250
vt 0.703125 0.390625
vt 0.671875 0.390625
vt 0.876953 0.625000
vt 0.908203 0.625000
vt 0.908203 0.562500
vt 0.876953 0.562500
vt 0.876953 0.625000
vt 0.908203 0.625000
vt 0.908203 0.562500
vt 0.876953 0.562500
vt 0.421875 0.625000
vt 0.441406 0.625000
vt 0.441406 0.515625
vt 0.421875 0.515625
vt 0.421875 0.625000
vt 0.441406 0.625000
vt 0.441406 0.515625
vt 0.421875 0.515625
vt 0.421875 0.625000
vt 0.441406 0.625000
vt 0.441406 0.515625
vt 0.421875 0.515625
vt 0.421875 0.625000
vt 0.441406 0.625000
vt 0.441406 0.515625
vt 0.421875 0.515625
vt 0.671875 0.406250
vt 0.703125 0.406250
vt 0.703125 0.390625
vt 0.671875 0.390625
vt 0.671875 0.406250
vt 0.703125 0.406250
vt 0.703125 0.390625
vt 0.671875 0.390625
vt 0.671875 0.406250
vt 0.703125 0.406250
vt 0.703125 0.390625
vt 0.671875 0.390625
vt 0.671875 0.406250
vt 0.703125 0.406250
vt 0.703125 0.390625
vt 0.671875 0.390625
vt 0.876953 0.625000
vt 0.908203 0.625000
vt 0.908203 0.562500
vt 0.876953 0.562500
vt 0.876953 0.625000
vt 0.908203 0.625000
vt 0.908203 0.562500
vt 0.876953 0.562500
vt 0.421875 0.625000
vt 0.441406 0.625000
vt 0.441406 0.515625
vt 0.421875 0.515625
vt 0.421875 0.625000
vt 0.441406 0.625000
vt 0.441406 0.515625
vt 0.421875 0.515625
vt 0.421875 0.625000
vt 0.441406 0.625000
vt 0.441406 0.515625
vt 0.421875 0.515625
vt 0.421875 0.625000
vt 0.441406 0.625000
vt 0.441406 0.515625
vt 0.421875 0.515625
vt 0.671875 0.406250
vt 0.703125 0.406250
vt 0.703125 0.390625
vt 0.671875 0.390625
vt 0.671875 0.406250
vt 0.703125 0.406250
vt 0.703125 0.390625
vt 0.671875 0.390625
vt 0.671875 0.406250
vt 0.703125 0.406250
vt 0.703125 0.390625
vt 0.671875 0.390625
vt 0.671875 0.406250
vt 0.703125 0.406250
vt 0.703125 0.390625
vt 0.671875 0.390625
vt 0.876953 0.625000
vt 0.908203 0.625000
vt 0.908203 0.562500
vt 0.876953 0.562500
vt 0.876953 0.625000
vt 0.908203 0.625000
vt 0.908203 0.562500
vt 0.876953 0.562500
vt 0.421875 0.625000
vt 0.441406 0.625000
vt 0.441406 0.515625
vt 0.421875 0.515625
vt 0.421875 0.625000
vt 0.441406 0.625000
vt 0.441406 0.515625
vt 0.421875 0.515625
vt 0.421875 0.625000
vt 0.441406 0.625000
vt 0.441406 0.515625
vt 0.421875 0.515625
vt 0.421875 0.625000
vt 0.441406 0.625000
vt 0.441406 0.515625
vt 0.421875 0.515625
vt 0.671875 0.406250
vt 0.703125 0.406250
vt 0.703125 0.390625
vt 0.671875 0.390625
vt 0.671875 0.406250
vt 0.703125 0.406250
vt 0.703125 0.390625
vt 0.671875 0.390625
vt 0.671875 0.406250
vt 0.703125 0.406250
vt 0.703125 0.390625
vt 0.671875 0.390625
vt 0.671875 0.406250
vt 0.703125 0.406250
vt 0.703125 0.390625
vt 0.671875 0.390625
vt 0.876953 0.625000
vt 0.908203 0.625000
vt 0.908203 0.562500
vt 0.876953 0.562500
vt 0.876953 0.625000
vt 0.908203 0.625000
vt 0.908203 0.562500
vt 0.876953 0.562500
vt 0.421875 0.625000
vt 0.441406 0.625000
vt 0.441406 0.515625
vt 0.421875 0.515625
vt 0.421875 0.625000
vt 0.441406 0.625000
vt 0.441406 0.515625
vt 0.421875 0.515625
vt 0.421875 0.625000
vt 0.441406 0.625000
vt 0.441406 0.515625
vt 0.421875 0.515625
vt 0.421875 0.625000
vt 0.441406 0.625000
vt 0.441406 0.515625
vt 0.421875 0.515625
vt 0.671875 0.406250
vt 0.703125 0.406250
vt 0.703125 0.390625
vt 0.671875 0.390625
vt 0.671875 0.406250
vt 0.703125 0.406250
vt 0.703125 0.390625
vt 0.671875 0.390625
vt 0.671875 0.406250
vt 0.703125 0.406250
vt 0.703125 0.390625
vt 0.671875 0.390625
vt 0.671875 0.406250
vt 0.703125 0.406250
vt 0.703125 0.390625
vt 0.671875 0.390625
vt 0.876953 0.625000
vt 0.908203 0.625000
vt 0.908203 0.562500
vt 0.876953 0.562500
vt 0.876953 0.625000
vt 0.908203 0.625000
vt 0.908203 0.562500
vt 0.876953 0.562500
vt 0.421875 0.625000
vt 0.441406 0.625000
vt 0.441406 0.515625
vt 0.421875 0.515625
vt 0.421875 0.625000
vt 0.441406 0.625000
vt 0.441406 0.515625
vt 0.421875 0.515625
vt 0.421875 0.625000
vt 0.441406 0.625000
vt 0.441406 0.515625
vt 0.421875 0.515625
vt 0.421875 0.625000
vt 0.441406 0.625000
vt 0.441406 0.515625
vt 0.421875 0.515625
vt 0.671875 0.406250
vt 0.703125 0.406250
vt 0.703125 0.390625
vt 0.671875 0.390625
vt 0.671875 0.406250
vt 0.703125 0.406250
vt 0.703125 0.390625
vt 0.671875 0.390625
vt 0.671875 0.406250
vt 0.703125 0.406250
vt 0.703125 0.390625
vt 0.671875 0.390625
vt 0.671875 0.406250
vt 0.703125 0.406250
vt 0.703125 0.390625
vt 0.671875 0.390625
vt 0.876953 0.625000
vt 0.908203 0.625000
vt 0.908203 0.562500
vt 0.876953 0.562500
vt 0.876953 0.625000
vt 0.908203 0.625000
vt 0.908203 0.562500
vt 0.876953 0.562500
vt 0.421875 0.625000
vt 0.441406 0.625000
vt 0.441406 0.515625
vt 0.421875 0.515625
vt 0.421875 0.625000
vt 0.441406 0.625000
vt 0.441406 0.515625
vt 0.421875 0.515625
vt 0.421875 0.625000
vt 0.441406 0.625000
vt 0.441406 0.515625
vt 0.421875 0.515625
vt 0.421875 0.625000
vt 0.441406 0.625000
vt 0.441406 0.515625
vt 0.421875 0.515625
vt 0.671875 0.406250
vt 0.703125 0.406250
vt 0.703125 0.390625
vt 0.671875 0.390625
vt 0.671875 0.406250
vt 0.703125 0.406250
vt 0.703125 0.390625
vt 0.671875 0.390625
vt 0.671875 0.406250
vt 0.703125 0.406250
vt 0.703125 0.390625
vt 0.671875 0.390625
vt 0.671875 0.406250
vt 0.703125 0.406250
vt 0.703125 0.390625
vt 0.671875 0.390625
vt 0.876953 0.625000
vt 0.908203 0.625000
vt 0.908203 0.562500
vt 0.876953 0.562500
vt 0.876953 0.625000
vt 0.908203 0.625000
vt 0.908203 0.562500
vt 0.876953 0.562500
vt 0.421875 0.625000
vt 0.441406 0.625000
vt 0.441406 0.515625
vt 0.421875 0.515625
vt 0.421875 0.625000
vt 0.441406 0.625000
vt 0.441406 0.515625
vt 0.421875 0.515625
vt 0.421875 0.625000
vt 0.441406 0.625000
vt 0.441406 0.515625
vt 0.421875 0.515625
vt 0.421875 0.625000
vt 0.441406 0.625000
vt 0.441406 0.515625
vt 0.421875 0.515625
vt 0.671875 0.406250
vt 0.703125 0.406250
vt 0.703125 0.390625
vt 0.671875 0.390625
vt 0.671875 0.406250
vt 0.703125 0.406250
vt 0.703125 0.390625
vt 0.671875 0.390625
vt 0.671875 0.406250
vt 0.703125 0.406250
vt 0.703125 0.390625
vt 0.671875 0.390625
vt 0.671875 0.406250
vt 0.703125 0.406250
vt 0.703125 0.390625
vt 0.671875 0.390625
vt 0.876953 0.625000
vt 0.908203 0.625000
vt 0.908203 0.562500
vt 0.876953 0.562500
vt 0.876953 0.625000
vt 0.908203 0.625000
vt 0.908203 0.562500
vt 0.876953 0.562500
vt 0.421875 0.625000
vt 0.441406 0.625000
vt 0.441406 0.515625
vt 0.421875 0.515625
vt 0.421875 0.625000
vt 0.441406 0.625000
vt 0.441406 0.515625
vt 0.421875 0.515625
vt 0.421875 0.625000
vt 0.441406 0.625000
vt 0.441406 0.515625
vt 0.421875 0.515625
vt 0.421875 0.625000
vt 0.441406 0.625000
vt 0.441406 0.515625
vt 0.421875 0.515625
vt 0.671875 0.406250
vt 0.703125 0.406250
vt 0.703125 0.390625
vt 0.671875 0.390625
vt 0.671875 0.406250
vt 0.703125 0.406250
vt 0.703125 0.390625
vt 0.671875 0.390625
vt 0.671875 0.406250
vt 0.703125 0.406250
vt 0.703125 0.390625
vt 0.671875 0.390625
vt 0.671875 0.406250
vt 0.703125 0.406250
vt 0.703125 0.390625
vt 0.671875 0.390625
vt 0.876953 0.625000
vt 0.908203 0.625000
vt 0.908203 0.562500
vt 0.876953 0.562500
vt 0.876953 0.625000
vt 0.908203 0.625000
vt 0.908203 0.562500
vt 0.876953 0.562500
vt 0.421875 0.625000
vt 0.441406 0.625000
vt 0.441406 0.515625
vt 0.421875 0.515625
vt 0.421875 0.625000
vt 0.441406 0.625000
vt 0.441406 0.515625
vt 0.421875 0.515625
vt 0.421875 0.625000
vt 0.441406 0.625000
vt 0.441406 0.515625
vt 0.421875 0.515625
vt 0.421875 0.625000
vt 0.441406 0.625000
vt 0.441406 0.515625
vt 0.421875 0.515625
vt 0.671875 0.406250
vt 0.703125 0.406250
vt 0.703125 0.390625
vt 0.671875 0.390625
vt 0.671875 0.406250
vt 0.703125 0.406250
vt 0.703125 0.390625
vt 0.671875 0.390625
vt 0.671875 0.406250
vt 0.703125 0.406250
vt 0.703125 0.390625
vt 0.671875 0.390625
vt 0.671875 0.406250
vt 0.703125 0.406250
vt 0.703125 0.390625
vt 0.671875 0.390625
vt 0.876953 0.625000
vt 0.908203 0.625000
vt 0.908203 0.562500
vt 0.876953 0.562500
vt 0.876953 0.625000
vt 0.908203 0.625000
vt 0.908203 0.562500
vt 0.876953 0.562500
vt 0.421875 0.625000
vt 0.441406 0.625000
vt 0.441406 0.515625
vt 0.421875 0.515625
vt 0.421875 0.625000
vt 0.441406 0.625000
vt 0.441406 0.515625
vt 0.421875 0.515625
vt 0.421875 0.625000
vt 0.441406 0.625000
vt 0.441406 0.515625
vt 0.421875 0.515625
vt 0.421875 0.625000
vt 0.441406 0.625000
vt 0.441406 0.515625
vt 0.421875 0.515625
vt 0.671875 0.406250
vt 0.703125 0.406250
vt 0.703125 0.390625
vt 0.671875 0.390625
vt 0.671875 0.406250
vt 0.703125 0.406250
vt 0.703125 0.390625
vt 0.671875 0.390625
vt 0.671875 0.406250
vt 0.703125 0.406250
vt 0.703125 0.390625
vt 0.671875 0.390625
vt 0.671875 0.406250
vt 0.703125 0.406250
vt 0.703125 0.390625
vt 0.671875 0.390625
vt 0.876953 0.625000
vt 0.908203 0.625000
vt 0.908203 0.562500
vt 0.876953 0.562500
vt 0.876953 0.625000
vt 0.908203 0.625000
vt 0.908203 0.562500
vt 0.876953 0.562500
vt 0.421875 0.625000
vt 0.441406 0.625000
vt 0.441406 0.515625
vt 0.421875 0.515625
vt 0.421875 0.625000
vt 0.441406 0.625000
vt 0.441406 0.515625
vt 0.421875 0.515625
vt 0.421875 0.625000
vt 0.441406 0.625000
vt 0.441406 0.515625
vt 0.421875 0.515625
vt 0.421875 0.625000
vt 0.441406 0.625000
vt 0.441406 0.515625
vt 0.421875 0.515625
vt 0.671875 0.406250
vt 0.703125 0.406250
vt 0.703125 0.390625
vt 0.671875 0.390625
vt 0.671875 0.406250
vt 0.703125 0.406250
vt 0.703125 0.390625
vt 0.671875 0.390625
vt 0.671875 0.406250
vt 0.703125 0.406250
vt 0.703125 0.390625
vt 0.671875 0.390625
vt 0.671875 0.406250
vt 0.703125 0.406250
vt 0.703125 0.390625
vt 0.671875 0.390625
vt 0.876953 0.625000
vt 0.908203 0.625000
vt 0.908203 0.562500
vt 0.876953 0.562500
vt 0.876953 0.625000
vt 0.908203 0.625000
vt 0.908203 0.562500
vt 0.876953 0.562500
vt 0.421875 0.625000
vt 0.441406 0.625000
vt 0.441406 0.515625
vt 0.421875 0.515625
vt 0.421875 0.625000
vt 0.441406 0.625000
vt 0.441406 0.515625
vt 0.421875 0.515625
vt 0.421875 0.625000
vt 0.441406 0.625000
vt 0.441406 0.515625
vt 0.421875 0.515625
vt 0.421875 0.625000
vt 0.441406 0.625000
vt 0.441406 0.515625
vt 0.421875 0.515625
vt 0.671875 0.406250
vt 0.703125 0.406250
vt 0.703125 0.390625
vt 0.671875 0.390625
vt 0.671875 0.406250
vt 0.703125 0.406250
vt 0.703125 0.390625
vt 0.671875 0.390625
vt 0.671875 0.406250
vt 0.703125 0.406250
vt 0.703125 0.390625
vt 0.671875 0.390625
vt 0.671875 0.406250
vt 0.703125 0.406250
vt 0.703125 0.390625
vt 0.671875 0.390625
vt 0.876953 0.625000
vt 0.908203 0.625000
vt 0.908203 0.562500
vt 0.876953 0.562500
vt 0.876953 0.625000
vt 0.908203 0.625000
vt 0.908203 0.562500
vt 0.876953 0.562500
vt 0.421875 0.625000
vt 0.441406 0.625000
vt 0.441406 0.515625
vt 0.421875 0.515625
vt 0.421875 0.625000
vt 0.441406 0.625000
vt 0.441406 0.515625
vt 0.421875 0.515625
vt 0.421875 0.625000
vt 0.441406 0.625000
vt 0.441406 0.515625
vt 0.421875 0.515625
vt 0.421875 0.625000
vt 0.441406 0.625000
vt 0.441406 0.515625
vt 0.421875 0.515625
vt 0.671875 0.406250
vt 0.703125 0.406250
vt 0.703125 0.390625
vt 0.671875 0.390625
vt 0.671875 0.406250
vt 0.703125 0.406250
vt 0.703125 0.390625
vt 0.671875 0.390625
vt 0.671875 0.406250
vt 0.703125 0.406250
vt 0.703125 0.390625
vt 0.671875 0.390625
vt 0.671875 0.406250
vt 0.703125 0.406250
vt 0.703125 0.390625
vt 0.671875 0.390625
vt 0.876953 0.625000
vt 0.908203 0.625000
vt 0.908203 0.562500
vt 0.876953 0.562500
vt 0.876953 0.625000
vt 0.908203 0.625000
vt 0.908203 0.562500
vt 0.876953 0.562500
vt 0.421875 0.625000
vt 0.441406 0.625000
vt 0.441406 0.515625
vt 0.421875 0.515625
vt 0.421875 0.625000
vt 0.441406 0.625000
vt 0.441406 0.515625
vt 0.421875 0.515625
vt 0.421875 0.625000
vt 0.441406 0.625000
vt 0.441406 0.515625
vt 0.421875 0.515625
vt 0.421875 0.625000
vt 0.441406 0.625000
vt 0.441406 0.515625
vt 0.421875 0.515625
vt 0.671875 0.406250
vt 0.703125 0.406250
vt 0.703125 0.390625
vt 0.671875 0.390625
vt 0.671875 0.406250
vt 0.703125 0.406250
vt 0.703125 0.390625
vt 0.671875 0.390625
vt 0.671875 0.406250
vt 0.703125 0.406250
vt 0.703125 0.390625
vt 0.671875 0.390625
vt 0.671875 0.406250
vt 0.703125 0.406250
vt 0.703125 0.390625
vt 0.671875 0.390625
vt 0.876953 0.625000
vt 0.908203 0.625000
vt 0.908203 0.562500
vt 0.876953 0.562500
vt 0.876953 0.625000
vt 0.908203 0.625000
vt 0.908203 0.562500
vt 0.876953 0.562500
vt 0.421875 0.625000
vt 0.441406 0.625000
vt 0.441406 0.515625
vt 0.421875 0.515625
vt 0.421875 0.625000
vt 0.441406 0.625000
vt 0.441406 0.515625
vt 0.421875 0.515625
vt 0.421875 0.625000
vt 0.441406 0.625000
vt 0.441406 0.515625
vt 0.421875 0.515625
vt 0.421875 0.625000
vt 0.441406 0.625000
vt 0.441406 0.515625
vt 0.421875 0.515625
vt 0.671875 0.406250
vt 0.703125 0.406250
vt 0.703125 0.390625
vt 0.671875 0.390625
vt 0.671875 0.406250
vt 0.703125 0.406250
vt 0.703125 0.390625
vt 0.671875 0.390625
vt 0.671875 0.406250
vt 0.703125 0.406250
vt 0.703125 0.390625
vt 0.671875 0.390625
vt 0.671875 0.406250
vt 0.703125 0.406250
vt 0.703125 0.390625
vt 0.671875 0.390625
vt 0.876953 0.625000
vt 0.908203 0.625000
vt 0.908203 0.562500
vt 0.876953 0.562500
vt 0.876953 0.625000
vt 0.908203 0.625000
vt 0.908203 0.562500
vt 0.876953 0.562500
vt 0.421875 0.625000
vt 0.441406 0.625000
vt 0.441406 0.515625
vt 0.421875 0.515625
vt 0.421875 0.625000
vt 0.441406 0.625000
vt 0.441406 0.515625
vt 0.421875 0.515625
vt 0.421875 0.625000
vt 0.441406 0.625000
vt 0.441406 0.515625
vt 0.421875 0.515625
vt 0.421875 0.625000
vt 0.441406 0.625000
vt 0.441406 0.515625
vt 0.421875 0.515625
vt 0.671875 0.406250
vt 0.703125 0.406250
vt 0.703125 0.390625
vt 0.671875 0.390625
vt 0.671875 0.406250
vt 0.703125 0.406250
vt 0.703125 0.390625
vt 0.671875 0.390625
vt 0.671875 0.406250
vt 0.703125 0.406250
vt 0.703125 0.390625
vt 0.671875 0.390625
vt 0.671875 0.406250
vt 0.703125 0.406250
vt 0.703125 0.390625
vt 0.671875 0.390625
vt 0.876953 0.625000
vt 0.908203 0.625000
vt 0.908203 0.562500
vt 0.876953 0.562500
vt 0.876953 0.625000
vt 0.908203 0.625000
vt 0.908203 0.562500
vt 0.876953 0.562500
vt 0.421875 0.625000
vt 0.441406 0.625000
vt 0.441406 0.515625
vt 0.421875 0.515625
vt 0.421875 0.625000
vt 0.441406 0.625000
vt 0.441406 0.515625
vt 0.421875 0.515625
vt 0.421875 0.625000
vt 0.441406 0.625000
vt 0.441406 0.515625
vt 0.421875 0.515625
vt 0.421875 0.625000
vt 0.441406 0.625000
vt 0.441406 0.515625
vt 0.421875 0.515625
vt 0.671875 0.406250
vt 0.703125 0.406250
vt 0.703125 0.390625
vt 0.671875 0.390625
vt 0.671875 0.406250
vt 0.703125 0.406250
vt 0.703125 0.390625
vt 0.671875 0.390625
vt 0.671875 0.406250
vt 0.703125 0.406250
vt 0.703125 0.390625
vt 0.671875 0.390625
vt 0.671875 0.406250
vt 0.703125 0.406250
vt 0.703125 0.390625
vt 0.671875 0.390625
vt 0.876953 0.625000
vt 0.908203 0.625000
vt 0.908203 0.562500
vt 0.876953 0.562500
vt 0.876953 0.625000
vt 0.908203 0.625000
vt 0.908203 0.562500
vt 0.876953 0.562500
vt 0.421875 0.625000
vt 0.441406 0.625000
vt 0.441406 0.515625
vt 0.421875 0.515625
vt 0.421875 0.625000
vt 0.441406 0.625000
vt 0.441406 0.515625
vt 0.421875 0.515625
vt 0.421875 0.625000
vt 0.441406 0.625000
vt 0.441406 0.515625
vt 0.421875 0.515625
vt 0.421875 0.625000
vt 0.441406 0.625000
vt 0.441406 0.515625
vt 0.421875 0.515625
vt 0.671875 0.406250
vt 0.703125 0.406250
vt 0.703125 0.390625
vt 0.671875 0.390625
vt 0.671875 0.406250
vt 0.703125 0.406250
vt 0.703125 0.390625
vt 0.671875 0.390625
vt 0.671875 0.406250
vt 0.703125 0.406250
vt 0.703125 0.390625
vt 0.671875 0.390625
vt 0.671875 0.406250
vt 0.703125 0.406250
vt 0.703125 0.390625
vt 0.671875 0.390625
vt 0.876953 0.625000
vt 0.908203 0.625000
vt 0.908203 0.562500
vt 0.876953 0.562500
vt 0.876953 0.625000
vt 0.908203 0.625000
vt 0.908203 0.562500
vt 0.876953 0.562500
vt 0.421875 0.625000
vt 0.441406 0.625000
vt 0.441406 0.515625
vt 0.421875 0.515625
vt 0.421875 0.625000
vt 0.441406 0.625000
vt 0.441406 0.515625
vt 0.421875 0.515625
vt 0.421875 0.625000
vt 0.441406 0.625000
vt 0.441406 0.515625
vt 0.421875 0.515625
vt 0.421875 0.625000
vt 0.441406 0.625000
vt 0.441406 0.515625
vt 0.421875 0.515625
vt 0.671875 0.406250
vt 0.703125 0.406250
vt 0.703125 0.390625
vt 0.671875 0.390625
vt 0.671875 0.406250
vt 0.703125 0.406250
vt 0.703125 0.390625
vt 0.671875 0.390625
vt 0.671875 0.406250
vt 0.703125 0.406250
vt 0.703125 0.390625
vt 0.671875 0.390625
vt 0.671875 0.406250
vt 0.703125 0.406250
vt 0.703125 0.390625
vt 0.671875 0.390625
vt 0.876953 0.625000
vt 0.908203 0.625000
vt 0.908203 0.562500
vt 0.876953 0.562500
vt 0.876953 0.625000
vt 0.908203 0.625000
vt 0.908203 0.562500
vt 0.876953 0.562500
vt 0.421875 0.625000
vt 0.441406 0.625000
vt 0.441406 0.515625
vt 0.421875 0.515625
vt 0.421875 0.625000
vt 0.441406 0.625000
vt 0.441406 0.515625
vt 0.421875 0.515625
vt 0.421875 0.625000
vt 0.441406 0.625000
vt 0.441406 0.515625
vt 0.421875 0.515625
vt 0.421875 0.625000
vt 0.441406 0.625000
vt 0.441406 0.515625
vt 0.421875 0.515625
vt 0.671875 0.406250
vt 0.703125 0.406250
vt 0.703125 0.390625
vt 0.671875 0.390625
vt 0.671875 0.406250
vt 0.703125 0.406250
vt 0.703125 0.390625
vt 0.671875 0.390625
vt 0.671875 0.406250
vt 0.703125 0.406250
vt 0.703125 0.390625
vt 0.671875 0.390625
vt 0.671875 0.406250
vt 0.703125 0.406250
vt 0.703125 0.390625
vt 0.671875 0.390625
vt 0.876953 0.625000
vt 0.908203 0.625000
vt 0.908203 0.562500
vt 0.876953 0.562500
vt 0.876953 0.625000
vt 0.908203 0.625000
vt 0.908203 0.562500
vt 0.876953 0.562500
vt 0.421875 0.625000
vt 0.441406 0.625000
vt 0.441406 0.515625
vt 0.421875 0.515625
vt 0.421875 0.625000
vt 0.441406 0.625000
vt 0.441406 0.515625
vt 0.421875 0.515625
vt 0.421875 0.625000
vt 0.441406 0.625000
vt 0.441406 0.515625
vt 0.421875 0.515625
vt 0.421875 0.625000
vt 0.441406 0.625000
vt 0.441406 0.515625
vt 0.421875 0.515625
vt 0.671875 0.406250
vt 0.703125 0.406250
vt 0.703125 0.390625
vt 0.671875 0.390625
vt 0.671875 0.406250
vt 0.703125 0.406250
vt 0.703125 0.390625
vt 0.671875 0.390625
vt 0.671875 0.406250
vt 0.703125 0.406250
vt 0.703125 0.390625
vt 0.671875 0.390625
vt 0.671875 0.406250
vt 0.703125 0.406250
vt 0.703125 0.390625
vt 0.671875 0.390625
vt 0.876953 0.625000
vt 0.908203 0.625000
vt 0.908203 0.562500
vt 0.876953 0.562500
vt 0.876953 0.625000
vt 0.908203 0.625000
vt 0.908203 0.562500
vt 0.876953 0.562500
vt 0.421875 0.625000
vt 0.441406 0.625000
vt 0.441406 0.515625
vt 0.421875 0.515625
vt 0.421875 0.625000
vt 0.441406 0.625000
vt 0.441406 0.515625
vt 0.421875 0.515625
vt 0.421875 0.625000
vt 0.441406 0.625000
vt 0.441406 0.515625
vt 0.421875 0.515625
vt 0.421875 0.625000
vt 0.441406 0.625000
vt 0.441406 0.515625
vt 0.421875 0.515625
vt 0.671875 0.406250
vt 0.703125 0.406250
vt 0.703125 0.390625
vt 0.671875 0.390625
vt 0.671875 0.406250
vt 0.703125 0.406250
vt 0.703125 0.390625
vt 0.671875 0.390625
vt 0.671875 0.406250
vt 0.703125 0.406250
vt 0.703125 0.390625
vt 0.671875 0.390625
vt 0.671875 0.406250
vt 0.703125 0.406250
vt 0.703125 0.390625
vt 0.671875 0.390625
vt 0.876953 0.625000
vt 0.908203 0.625000
vt 0.908203 0.562500
vt 0.876953 0.562500
vt 0.876953 0.625000
vt 0.908203 0.625000
vt 0.908203 0.562500
vt 0.876953 0.562500
vt 0.421875 0.625000
vt 0.441406 0.625000
vt 0.441406 0.515625
vt 0.421875 0.515625
vt 0.421875 0.625000
vt 0.441406 0.625000
vt 0.441406 0.515625
vt 0.421875 0.515625
vt 0.421875 0.625000
vt 0.441406 0.625000
vt 0.441406 0.515625
vt 0.421875 0.515625
vt 0.421875 0.625000
vt 0.441406 0.625000
vt 0.441406 0.515625
vt 0.421875 0.515625
vt 0.671875 0.406250
vt 0.703125 0.406250
vt 0.703125 0.390625
vt 0.671875 0.390625
vt 0.671875 0.406250
vt 0.703125 0.406250
vt 0.703125 0.390625
vt 0.671875 0.390625
vt 0.671875 0.406250
vt 0.703125 0.406250
vt 0.703125 0.390625
vt 0.671875 0.390625
vt 0.671875 0.406250
vt 0.703125 0.406250
vt 0.703125 0.390625
vt 0.671875 0.390625
vt 0.876953 0.625000
vt 0.908203 0.625000
vt 0.908203 0.562500
vt 0.876953 0.562500
vt 0.876953 0.625000
vt 0.908203 0.625000
vt 0.908203 0.562500
vt 0.876953 0.562500
vt 0.421875 0.625000
vt 0.441406 0.625000
vt 0.441406 0.515625
vt 0.421875 0.515625
vt 0.421875 0.625000
vt 0.441406 0.625000
vt 0.441406 0.515625
vt 0.421875 0.515625
vt 0.421875 0.625000
vt 0.441406 0.625000
vt 0.441406 0.515625
vt 0.421875 0.515625
vt 0.421875 0.625000
vt 0.441406 0.625000
vt 0.441406 0.515625
vt 0.421875 0.515625
vt 0.671875 0.406250
vt 0.703125 0.406250
vt 0.703125 0.390625
vt 0.671875 0.390625
vt 0.671875 0.406250
vt 0.703125 0.406250
vt 0.703125 0.390625
vt 0.671875 0.390625
vt 0.671875 0.406250
vt 0.703125 0.406250
vt 0.703125 0.390625
vt 0.671875 0.390625
vt 0.671875 0.406250
vt 0.703125 0.406250
vt 0.703125 0.390625
vt 0.671875 0.390625
vt 0.876953 0.625000
vt 0.908203 0.625000
vt 0.908203 0.562500
vt 0.876953 0.562500
vt 0.876953 0.625000
vt 0.908203 0.625000
vt 0.908203 0.562500
vt 0.876953 0.562500
vt 0.421875 0.625000
vt 0.441406 0.625000
vt 0.441406 0.515625
vt 0.421875 0.515625
vt 0.421875 0.625000
vt 0.441406 0.625000
vt 0.441406 0.515625
vt 0.421875 0.515625
vt 0.421875 0.625000
vt 0.441406 0.625000
vt 0.441406 0.515625
vt 0.421875 0.515625
vt 0.421875 0.625000
vt 0.441406 0.625000
vt 0.441406 0.515625
vt 0.421875 0.515625
vt 0.671875 0.406250
vt 0.703125 0.406250
vt 0.703125 0.390625
vt 0.671875 0.390625
vt 0.671875 0.406250
vt 0.703125 0.406250
vt 0.703125 0.390625
vt 0.671875 0.390625
vt 0.671875 0.406250
vt 0.703125 0.406250
vt 0.703125 0.390625
vt 0.671875 0.390625
vt 0.671875 0.406250
vt 0.703125 0.406250
vt 0.703125 0.390625
vt 0.671875 0.390625
vt 0.876953 0.625000
vt 0.908203 0.625000
vt 0.908203 0.562500
vt 0.876953 0.562500
vt 0.876953 0.625000
vt 0.908203 0.625000
vt 0.908203 0.562500
vt 0.876953 0.562500
vt 0.421875 0.625000
vt 0.441406 0.625000
vt 0.441406 0.515625
vt 0.421875 0.515625
vt 0.421875 0.625000
vt 0.441406 0.625000
vt 0.441406 0.515625
vt 0.421875 0.515625
vt 0.421875 0.625000
vt 0.441406 0.625000
vt 0.441406 0.515625
vt 0.421875 0.515625
vt 0.421875 0.625000
vt 0.441406 0.625000
vt 0.441406 0.515625
vt 0.421875 0.515625
vt 0.671875 0.406250
vt 0.703125 0.406250
vt 0.703125 0.390625
vt 0.671875 0.390625
vt 0.671875 0.406250
vt 0.703125 0.406250
vt 0.703125 0.390625
vt 0.671875 0.390625
vt 0.671875 0.406250
vt 0.703125 0.406250
vt 0.703125 0.390625
vt 0.671875 0.390625
vt 0.671875 0.406250
vt 0.703125 0.406250
vt 0.703125 0.390625
vt 0.671875 0.390625
vt 0.876953 0.625000
vt 0.908203 0.625000
vt 0.908203 0.562500
vt 0.876953 0.562500
vt 0.876953 0.625000
vt 0.908203 0.625000
vt 0.908203 0.562500
vt 0.876953 0.562500
vt 0.421875 0.625000
vt 0.441406 0.625000
vt 0.441406 0.515625
vt 0.421875 0.515625
vt 0.421875 0.625000
vt 0.441406 0.625000
vt 0.441406 0.515625
vt 0.421875 0.515625
vt 0.421875 0.625000
vt 0.441406 0.625000
vt 0.441406 0.515625
vt 0.421875 0.515625
vt 0.421875 0.625000
vt 0.441406 0.625000
vt 0.441406 0.515625
vt 0.421875 0.515625
vt 0.671875 0.406250
vt 0.703125 0.406250
vt 0.703125 0.390625
vt 0.671875 0.390625
vt 0.671875 0.406250
vt 0.703125 0.406250
vt 0.703125 0.390625
vt 0.671875 0.390625
vt 0.671875 0.406250
vt 0.703125 0.406250
vt 0.703125 0.390625
vt 0.671875 0.390625
vt 0.671875 0.406250
vt 0.703125 0.406250
vt 0.703125 0.390625
vt 0.671875 0.390625
vt 0.876953 0.625000
vt 0.908203 0.625000
vt 0.908203 0.562500
vt 0.876953 0.562500
vt 0.876953 0.625000
vt 0.908203 0.625000
vt 0.908203 0.562500
vt 0.876953 0.562500
vt 0.421875 0.625000
vt 0.441406 0.625000
vt 0.441406 0.515625
vt 0.421875 0.515625
vt 0.421875 0.625000
vt 0.441406 0.625000
vt 0.441406 0.515625
vt 0.421875 0.515625
vt 0.421875 0.625000
vt 0.441406 0.625000
vt 0.441406 0.515625
vt 0.421875 0.515625
vt 0.421875 0.625000
vt 0.441406 0.625000
vt 0.441406 0.515625
vt 0.421875 0.515625
vt 0.671875 0.406250
vt 0.703125 0.406250
vt 0.703125 0.390625
vt 0.671875 0.390625
vt 0.671875 0.406250
vt 0.703125 0.406250
vt 0.703125 0.390625
vt 0.671875 0.390625
vt 0.671875 0.406250
vt 0.703125 0.406250
vt 0.703125 0.390625
vt 0.671875 0.390625
vt 0.671875 0.406250
vt 0.703125 0.406250
vt 0.703125 0.390625
vt 0.671875 0.390625
vt 0.876953 0.625000
vt 0.908203 0.625000
vt 0.908203 0.562500
vt 0.876953 0.562500
vt 0.876953 0.625000
vt 0.908203 0.625000
vt 0.908203 0.562500
vt 0.876953 0.562500
vt 0.421875 0.625000
vt 0.441406 0.625000
vt 0.441406 0.515625
vt 0.421875 0.515625
vt 0.421875 0.625000
vt 0.441406 0.625000
vt 0.441406 0.515625
vt 0.421875 0.515625
vt 0.421875 0.625000
vt 0.441406 0.625000
vt 0.441406 0.515625
vt 0.421875 0.515625
vt 0.421875 0.625000
vt 0.441406 0.625000
vt 0.441406 0.515625
vt 0.421875 0.515625
vt 0.671875 0.406250
vt 0.703125 0.406250
vt 0.703125 0.390625
vt 0.671875 0.390625
vt 0.671875 0.406250
vt 0.703125 0.406250
vt 0.703125 0.390625
vt 0.671875 0.390625
vt 0.671875 0.406250
vt 0.703125 0.406250
vt 0.703125 0.390625
vt 0.671875 0.390625
vt 0.671875 0.406250
vt 0.703125 0.406250
vt 0.703125 0.390625
vt 0.671875 0.390625
vt 0.876953 0.625000
vt 0.908203 0.625000
vt 0.908203 0.562500
vt 0.876953 0.562500
vt 0.876953 0.625000
vt 0.908203 0.625000
vt 0.908203 0.562500
vt 0.876953 0.562500
vt 0.421875 0.625000
vt 0.441406 0.625000
vt 0.441406 0.515625
vt 0.421875 0.515625
vt 0.421875 0.625000
vt 0.441406 0.625000
vt 0.441406 0.515625
vt 0.421875 0.515625
vt 0.421875 0.625000
vt 0.441406 0.625000
vt 0.441406 0.515625
vt 0.421875 0.515625
vt 0.421875 0.625000
vt 0.441406 0.625000
vt 0.441406 0.515625
vt 0.421875 0.515625
vt 0.671875 0.406250
vt 0.703125 0.406250
vt 0.703125 0.390625
vt 0.671875 0.390625
vt 0.671875 0.406250
vt 0.703125 0.406250
vt 0.703125 0.390625
vt 0.671875 0.390625
vt 0.671875 0.406250
vt 0.703125 0.406250
vt 0.703125 0.390625
vt 0.671875 0.390625
vt 0.671875 0.406250
vt 0.703125 0.406250
vt 0.703125 0.390625
vt 0.671875 0.390625
vt 0.876953 0.625000
vt 0.908203 0.625000
vt 0.908203 0.562500
vt 0.876953 0.562500
vt 0.876953 0.625000
vt 0.908203 0.625000
vt 0.908203 0.562500
vt 0.876953 0.562500
vt 0.421875 0.625000
vt 0.441406 0.625000
vt 0.441406 0.515625
vt 0.421875 0.515625
vt 0.421875 0.625000
vt 0.441406 0.625000
vt 0.441406 0.515625
vt 0.421875 0.515625
vt 0.421875 0.625000
vt 0.441406 0.625000
vt 0.441406 0.515625
vt 0.421875 0.515625
vt 0.421875 0.625000
vt 0.441406 0.625000
vt 0.441406 0.515625
vt 0.421875 0.515625
vt 0.671875 0.406250
vt 0.703125 0.406250
vt 0.703125 0.390625
vt 0.671875 0.390625
vt 0.671875 0.406250
vt 0.703125 0.406250
vt 0.703125 0.390625
vt 0.671875 0.390625
vt 0.671875 0.406250
vt 0.703125 0.406250
vt 0.703125 0.390625
vt 0.671875 0.390625
vt 0.671875 0.406250
vt 0.703125 0.406250
vt 0.703125 0.390625
vt 0.671875 0.390625
vt 0.876953 0.625000
vt 0.908203 0.625000
vt 0.908203 0.562500
vt 0.876953 0.562500
vt 0.876953 0.625000
vt 0.908203 0.625000
vt 0.908203 0.562500
vt 0.876953 0.562500
vt 0.421875 0.625000
vt 0.441406 0.625000
vt 0.441406 0.515625
vt 0.421875 0.515625
vt 0.421875 0.625000
vt 0.441406 0.625000
vt 0.441406 0.515625
vt 0.421875 0.515625
vt 0.421875 0.625000
vt 0.441406 0.625000
vt 0.441406 0.515625
vt 0.421875 0.515625
vt 0.421875 0.625000
vt 0.441406 0.625000
vt 0.441406 0.515625
vt 0.421875 0.515625
vt 0.671875 0.406250
vt 0.703125 0.406250
vt 0.703125 0.390625
vt 0.671875 0.390625
vt 0.671875 0.406250
vt 0.703125 0.406250
vt 0.703125 0.390625
vt 0.671875 0.390625
vt 0.671875 0.406250
vt 0.703125 0.406250
vt 0.703125 0.390625
vt 0.671875 0.390625
vt 0.671875 0.406250
vt 0.703125 0.406250
vt 0.703125 0.390625
vt 0.671875 0.390625
vt 0.876953 0.625000
vt 0.908203 0.625000
vt 0.908203 0.562500
vt 0.876953 0.562500
vt 0.876953 0.625000
vt 0.908203 0.625000
vt 0.908203 0.562500
vt 0.876953 0.562500
vt 0.421875 0.625000
vt 0.441406 0.625000
vt 0.441406 0.515625
vt 0.421875 0.515625
vt 0.421875 0.625000
vt 0.441406 0.625000
vt 0.441406 0.515625
vt 0.421875 0.515625
vt 0.421875 0.625000
vt 0.441406 0.625000
vt 0.441406 0.515625
vt 0.421875 0.515625
vt 0.421875 0.625000
vt 0.441406 0.625000
vt 0.441406 0.515625
vt 0.421875 0.515625
vt 0.671875 0.406250
vt 0.703125 0.406250
vt 0.703125 0.390625
vt 0.671875 0.390625
vt 0.671875 0.406250
vt 0.703125 0.406250
vt 0.703125 0.390625
vt 0.671875 0.390625
vt 0.671875 0.406250
vt 0.703125 0.406250
vt 0.703125 0.390625
vt 0.671875 0.390625
vt 0.671875 0.406250
vt 0.703125 0.406250
vt 0.703125 0.390625
vt 0.671875 0.390625
vt 0.876953 0.625000
vt 0.908203 0.625000
vt 0.908203 0.562500
vt 0.876953 0.562500
vt 0.876953 0.625000
vt 0.908203 0.625000
vt 0.908203 0.562500
vt 0.876953 0.562500
vt 0.421875 0.625000
vt 0.441406 0.625000
vt 0.441406 0.515625
vt 0.421875 0.515625
vt 0.421875 0.625000
vt 0.441406 0.625000
vt 0.441406 0.515625
vt 0.421875 0.515625
vt 0.421875 0.625000
vt 0.441406 0.625000
vt 0.441406 0.515625
vt 0.421875 0.515625
vt 0.421875 0.625000
vt 0.441406 0.625000
vt 0.441406 0.515625
vt 0.421875 0.515625
vt 0.671875 0.406250
vt 0.703125 0.406250
vt 0.703125 0.390625
vt 0.671875 0.390625
vt 0.671875 0.406250
vt 0.703125 0.406250
vt 0.703125 0.390625
vt 0.671875 0.390625
vt 0.671875 0.406250
vt 0.703125 0.406250
vt 0.703125 0.390625
vt 0.671875 0.390625
vt 0.671875 0.406250
vt 0.703125 0.406250
vt 0.703125 0.390625
vt 0.671875 0.390625
vt 0.876953 0.625000
vt 0.908203 0.625000
vt 0.908203 0.562500
vt 0.876953 0.562500
vt 0.876953 0.625000
vt 0.908203 0.625000
vt 0.908203 0.562500
vt 0.876953 0.562500
vt 0.421875 0.625000
vt 0.441406 0.625000
vt 0.441406 0.515625
vt 0.421875 0.515625
vt 0.421875 0.625000
vt 0.441406 0.625000
vt 0.441406 0.515625
vt 0.421875 0.515625
vt 0.421875 0.625000
vt 0.441406 0.625000
vt 0.441406 0.515625
vt 0.421875 0.515625
vt 0.421875 0.625000
vt 0.441406 0.625000
vt 0.441406 0.515625
vt 0.421875 0.515625
vt 0.671875 0.406250
vt 0.703125 0.406250
vt 0.703125 0.390625
vt 0.671875 0.390625
vt 0.671875 0.406250
vt 0.703125 0.406250
vt 0.703125 0.390625
vt 0.671875 0.390625
vt 0.671875 0.406250
vt 0.703125 0.406250
vt 0.703125 0.390625
vt 0.671875 0.390625
vt 0.671875 0.406250
vt 0.703125 0.406250
vt 0.703125 0.390625
vt 0.671875 0.390625
vt 0.876953 0.625000
vt 0.908203 0.625000
vt 0.908203 0.562500
vt 0.876953 0.562500
vt 0.876953 0.625000
vt 0.908203 0.625000
vt 0.908203 0.562500
vt 0.876953 0.562500
vt 0.421875 0.625000
vt 0.441406 0.625000
vt 0.441406 0.515625
vt 0.421875 0.515625
vt 0.421875 0.625000
vt 0.441406 0.625000
vt 0.441406 0.515625
vt 0.421875 0.515625
vt 0.421875 0.625000
vt 0.441406 0.625000
vt 0.441406 0.515625
vt 0.421875 0.515625
vt 0.421875 0.625000
vt 0.441406 0.625000
vt 0.441406 0.515625
vt 0.421875 0.515625
vt 0.671875 0.406250
vt 0.703125 0.406250
vt 0.703125 0.390625
vt 0.671875 0.390625
vt 0.671875 0.406250
vt 0.703125 0.406250
vt 0.703125 0.390625
vt 0.671875 0.390625
vt 0.671875 0.406250
vt 0.703125 0.406250
vt 0.703125 0.390625
vt 0.671875 0.390625
vt 0.671875 0.406250
vt 0.703125 0.406250
vt 0.703125 0.390625
vt 0.671875 0.390625
vt 0.876953 0.625000
vt 0.908203 0.625000
vt 0.908203 0.562500
vt 0.876953 0.562500
vt 0.876953 0.625000
vt 0.908203 0.625000
vt 0.908203 0.562500
vt 0.876953 0.562500
vt 0.421875 0.625000
vt 0.441406 0.625000
vt 0.441406 0.515625
vt 0.421875 0.515625
vt 0.421875 0.625000
vt 0.441406 0.625000
vt 0.441406 0.515625
vt 0.421875 0.515625
vt 0.421875 0.625000
vt 0.441406 0.625000
vt 0.441406 0.515625
vt 0.421875 0.515625
vt 0.421875 0.625000
vt 0.441406 0.625000
vt 0.441406 0.515625
vt 0.421875 0.515625
vt 0.671875 0.406250
vt 0.703125 0.406250
vt 0.703125 0.390625
vt 0.671875 0.390625
vt 0.671875 0.406250
vt 0.703125 0.406250
vt 0.703125 0.390625
vt 0.671875 0.390625
vt 0.671875 0.406250
vt 0.703125 0.406250
vt 0.703125 0.390625
vt 0.671875 0.390625
vt 0.671875 0.406250
vt 0.703125 0.406250
vt 0.703125 0.390625
vt 0.671875 0.390625
vt 0.876953 0.625000
vt 0.908203 0.625000
vt 0.908203 0.562500
vt 0.876953 0.562500
vt 0.876953 0.625000
vt 0.908203 0.625000
vt 0.908203 0.562500
vt 0.876953 0.562500
vt 0.421875 0.625000
vt 0.441406 0.625000
vt 0.441406 0.515625
vt 0.421875 0.515625
vt 0.421875 0.625000
vt 0.441406 0.625000
vt 0.441406 0.515625
vt 0.421875 0.515625
vt 0.421875 0.625000
vt 0.441406 0.625000
vt 0.441406 0.515625
vt 0.421875 0.515625
vt 0.421875 0.625000
vt 0.441406 0.625000
vt 0.441406 0.515625
vt 0.421875 0.515625
vt 0.671875 0.406250
vt 0.703125 0.406250
vt 0.703125 0.390625
vt 0.671875 0.390625
vt 0.671875 0.406250
vt 0.703125 0.406250
vt 0.703125 0.390625
vt 0.671875 0.390625
vt 0.671875 0.406250
vt 0.703125 0.406250
vt 0.703125 0.390625
vt 0.671875 0.390625
vt 0.671875 0.406250
vt 0.703125 0.406250
vt 0.703125 0.390625
vt 0.671875 0.390625
vt 0.876953 0.625000
vt 0.908203 0.625000
vt 0.908203 0.562500
vt 0.876953 0.562500
vt 0.876953 0.625000
vt 0.908203 0.625000
vt 0.908203 0.562500
vt 0.876953 0.562500
vt 0.421875 0.625000
vt 0.441406 0.625000
vt 0.441406 0.515625
vt 0.421875 0.515625
vt 0.421875 0.625000
vt 0.441406 0.625000
vt 0.441406 0.515625
vt 0.421875 0.515625
vt 0.421875 0.625000
vt 0.441406 0.625000
vt 0.441406 0.515625
vt 0.421875 0.515625
vt 0.421875 0.625000
vt 0.441406 0.625000
vt 0.441406 0.515625
vt 0.421875 0.515625
vt 0.671875 0.406250
vt 0.703125 0.406250
vt 0.703125 0.390625
vt 0.671875 0.390625
vt 0.671875 0.406250
vt 0.703125 0.406250
vt 0.703125 0.390625
vt 0.671875 0.390625
vt 0.671875 0.406250
vt 0.703125 0.406250
vt 0.703125 0.390625
vt 0.671875 0.390625
vt 0.671875 0.406250
vt 0.703125 0.406250
vt 0.703125 0.390625
vt 0.671875 0.390625
vt 0.876953 0.625000
vt 0.908203 0.625000
vt 0.908203 0.562500
vt 0.876953 0.562500
vt 0.876953 0.625000
vt 0.908203 0.625000
vt 0.908203 0.562500
vt 0.876953 0.562500
vt 0.421875 0.625000
vt 0.441406 0.625000
vt 0.441406 0.515625
vt 0.421875 0.515625
vt 0.421875 0.625000
vt 0.441406 0.625000
vt 0.441406 0.515625
vt 0.421875 0.515625
vt 0.421875 0.625000
vt 0.441406 0.625000
vt 0.441406 0.515625
vt 0.421875 0.515625
vt 0.421875 0.625000
vt 0.441406 0.625000
vt 0.441406 0.515625
vt 0.421875 0.515625
vt 0.671875 0.406250
vt 0.703125 0.406250
vt 0.703125 0.390625
vt 0.671875 0.390625
vt 0.671875 0.406250
vt 0.703125 0.406250
vt 0.703125 0.390625
vt 0.671875 0.390625
vt 0.671875 0.406250
vt 0.703125 0.406250
vt 0.703125 0.390625
vt 0.671875 0.390625
vt 0.671875 0.406250
vt 0.703125 0.406250
vt 0.703125 0.390625
vt 0.671875 0.390625
vt 0.876953 0.625000
vt 0.908203 0.625000
vt 0.908203 0.562500
vt 0.876953 0.562500
vt 0.876953 0.625000
vt 0.908203 0.625000
vt 0.908203 0.562500
vt 0.876953 0.562500
vt 0.421875 0.625000
vt 0.441406 0.625000
vt 0.441406 0.515625
vt 0.421875 0.515625
vt 0.421875 0.625000
vt 0.441406 0.625000
vt 0.441406 0.515625
vt 0.421875 0.515625
vt 0.421875 0.625000
vt 0.441406 0.625000
vt 0.441406 0.515625
vt 0.421875 0.515625
vt 0.421875 0.625000
vt 0.441406 0.625000
vt 0.441406 0.515625
vt 0.421875 0.515625
vt 0.671875 0.406250
vt 0.703125 0.406250
vt 0.703125 0.390625
vt 0.671875 0.390625
vt 0.671875 0.406250
vt 0.703125 0.406250
vt 0.703125 0.390625
vt 0.671875 0.390625
vt 0.671875 0.406250
vt 0.703125 0.406250
vt 0.703125 0.390625
vt 0.671875 0.390625
vt 0.671875 0.406250
vt 0.703125 0.406250
vt 0.703125 0.390625
vt 0.671875 0.390625
vt 0.876953 0.625000
vt 0.908203 0.625000
vt 0.908203 0.562500
vt 0.876953 0.562500
vt 0.876953 0.625000
vt 0.908203 0.625000
vt 0.908203 0.562500
vt 0.876953 0.562500
vt 0.421875 0.625000
vt 0.441406 0.625000
vt 0.441406 0.515625
vt 0.421875 0.515625
vt 0.421875 0.625000
vt 0.441406 0.625000
vt 0.441406 0.515625
vt 0.421875 0.515625
vt 0.421875 0.625000
vt 0.441406 0.625000
vt 0.441406 0.515625
vt 0.421875 0.515625
vt 0.421875 0.625000
vt 0.441406 0.625000
vt 0.441406 0.515625
vt 0.421875 0.515625
vt 0.671875 0.406250
vt 0.703125 0.406250
vt 0.703125 0.390625
vt 0.671875 0.390625
vt 0.671875 0.406250
vt 0.703125 0.406250
vt 0.703125 0.390625
vt 0.671875 0.390625
vt 0.671875 0.406250
vt 0.703125 0.406250
vt 0.703125 0.390625
vt 0.671875 0.390625
vt 0.671875 0.406250
vt 0.703125 0.406250
vt 0.703125 0.390625
vt 0.671875 0.390625
vt 0.876953 0.625000
vt 0.908203 0.625000
vt 0.908203 0.562500
vt 0.876953 0.562500
vt 0.876953 0.625000
vt 0.908203 0.625000
vt 0.908203 0.562500
vt 0.876953 0.562500
vt 0.421875 0.625000
vt 0.441406 0.625000
vt 0.441406 0.515625
vt 0.421875 0.515625
vt 0.421875 0.625000
vt 0.441406 0.625000
vt 0.441406 0.515625
vt 0.421875 0.515625
vt 0.421875 0.625000
vt 0.441406 0.625000
vt 0.441406 0.515625
vt 0.421875 0.515625
vt 0.421875 0.625000
vt 0.441406 0.625000
vt 0.441406 0.515625
vt 0.421875 0.515625
vt 0.671875 0.406250
vt 0.703125 0.406250
vt 0.703125 0.390625
vt 0.671875 0.390625
vt 0.671875 0.406250
vt 0.703125 0.406250
vt 0.703125 0.390625
vt 0.671875 0.390625
vt 0.671875 0.406250
vt 0.703125 0.406250
vt 0.703125 0.390625
vt 0.671875 0.390625
vt 0.671875 0.406250
vt 0.703125 0.406250
vt 0.703125 0.390625
vt 0.671875 0.390625
vt 0.876953 0.625000
vt 0.908203 0.625000
vt 0.908203 0.562500
vt 0.876953 0.562500
vt 0.876953 0.625000
vt 0.908203 0.625000
vt 0.908203 0.562500
vt 0.876953 0.562500
vt 0.421875 0.625000
vt 0.441406 0.625000
vt 0.441406 0.515625
vt 0.421875 0.515625
vt 0.421875 0.625000
vt 0.441406 0.625000
vt 0.441406 0.515625
vt 0.421875 0.515625
vt 0.421875 0.625000
vt 0.441406 0.625000
vt 0.441406 0.515625
vt 0.421875 0.515625
vt 0.421875 0.625000
vt 0.441406 0.625000
vt 0.441406 0.515625
vt 0.421875 0.515625
vt 0.671875 0.406250
vt 0.703125 0.406250
vt 0.703125 0.390625
vt 0.671875 0.390625
vt 0.671875 0.406250
vt 0.703125 0.406250
vt 0.703125 0.390625
vt 0.671875 0.390625
vt 0.671875 0.406250
vt 0.703125 0.406250
vt 0.703125 0.390625
vt 0.671875 0.390625
vt 0.671875 0.406250
vt 0.703125 0.406250
vt 0.703125 0.390625
vt 0.671875 0.390625
vt 0.876953 0.625000
vt 0.908203 0.625000
vt 0.908203 0.562500
vt 0.876953 0.562500
vt 0.876953 0.625000
vt 0.908203 0.625000
vt 0.908203 0.562500
vt 0.876953 0.562500
vt 0.421875 0.625000
vt 0.441406 0.625000
vt 0.441406 0.515625
vt 0.421875 0.515625
vt 0.421875 0.625000
vt 0.441406 0.625000
vt 0.441406 0.515625
vt 0.421875 0.515625
vt 0.421875 0.625000
vt 0.441406 0.625000
vt 0.441406 0.515625
vt 0.421875 0.515625
vt 0.421875 0.625000
vt 0.441406 0.625000
vt 0.441406 0.515625
vt 0.421875 0.515625
vt 0.671875 0.406250
vt 0.703125 0.406250
vt 0.703125 0.390625
vt 0.671875 0.390625
vt 0.671875 0.406250
vt 0.703125 0.406250
vt 0.703125 0.390625
vt 0.671875 0.390625
vt 0.671875 0.406250
vt 0.703125 0.406250
vt 0.703125 0.390625
vt 0.671875 0.390625
vt 0.671875 0.406250
vt 0.703125 0.406250
vt 0.703125 0.390625
vt 0.671875 0.390625
vt 0.876953 0.625000
vt 0.908203 0.625000
vt 0.908203 0.562500
vt 0.876953 0.562500
vt 0.876953 0.625000
vt 0.908203 0.625000
vt 0.908203 0.562500
vt 0.876953 0.562500
vt 0.421875 0.625000
vt 0.441406 0.625000
vt 0.441406 0.515625
vt 0.421875 0.515625
vt 0.421875 0.625000
vt 0.441406 0.625000
vt 0.441406 0.515625
vt 0.421875 0.515625
vt 0.421875 0.625000
vt 0.441406 0.625000
vt 0.441406 0.515625
vt 0.421875 0.515625
vt 0.421875 0.625000
vt 0.441406 0.625000
vt 0.441406 0.515625
vt 0.421875 0.515625
vt 0.671875 0.406250
vt 0.703125 0.406250
vt 0.703125 0.390625
vt 0.671875 0.390625
vt 0.671875 0.406250
vt 0.703125 0.406250
vt 0.703125 0.390625
vt 0.671875 0.390625
vt 0.671875 0.406250
vt 0.703125 0.406250
vt 0.703125 0.390625
vt 0.671875 0.390625
vt 0.671875 0.406250
vt 0.703125 0.406250
vt 0.703125 0.390625
vt 0.671875 0.390625
vt 0.876953 0.625000
vt 0.908203 0.625000
vt 0.908203 0.562500
vt 0.876953 0.562500
vt 0.876953 0.625000
vt 0.908203 0.625000
vt 0.908203 0.562500
vt 0.876953 0.562500
vt 0.421875 0.625000
vt 0.441406 0.625000
vt 0.441406 0.515625
vt 0.421875 0.515625
vt 0.421875 0.625000
vt 0.441406 0.625000
vt 0.441406 0.515625
vt 0.421875 0.515625
vt 0.421875 0.625000
vt 0.441406 0.625000
vt 0.441406 0.515625
vt 0.421875 0.515625
vt 0.421875 0.625000
vt 0.441406 0.625000
vt 0.441406 0.515625
vt 0.421875 0.515625
vt 0.671875 0.406250
vt 0.703125 0.406250
vt 0.703125 0.390625
vt 0.671875 0.390625
vt 0.671875 0.406250
vt 0.703125 0.406250
vt 0.703125 0.390625
vt 0.671875 0.390625
vt 0.671875 0.406250
vt 0.703125 0.406250
vt 0.703125 0.390625
vt 0.671875 0.390625
vt 0.671875 0.406250
vt 0.703125 0.406250
vt 0.703125 0.390625
vt 0.671875 0.390625
vt 0.876953 0.625000
vt 0.908203 0.625000
vt 0.908203 0.562500
vt 0.876953 0.562500
vt 0.876953 0.625000
vt 0.908203 0.625000
vt 0.908203 0.562500
vt 0.876953 0.562500
vt 0.421875 0.625000
vt 0.441406 0.625000
vt 0.441406 0.515625
vt 0.421875 0.515625
vt 0.421875 0.625000
vt 0.441406 0.625000
vt 0.441406 0.515625
vt 0.421875 0.515625
vt 0.421875 0.625000
vt 0.441406 0.625000
vt 0.441406 0.515625
vt 0.421875 0.515625
vt 0.421875 0.625000
vt 0.441406 0.625000
vt 0.441406 0.515625
vt 0.421875 0.515625
vt 0.671875 0.406250
vt 0.703125 0.406250
vt 0.703125 0.390625
vt 0.671875 0.390625
vt 0.671875 0.406250
vt 0.703125 0.406250
vt 0.703125 0.390625
vt 0.671875 0.390625
vt 0.671875 0.406250
vt 0.703125 0.406250
vt 0.703125 0.390625
vt 0.671875 0.390625
vt 0.671875 0.406250
vt 0.703125 0.406250
vt 0.703125 0.390625
vt 0.671875 0.390625
vt 0.876953 0.625000
vt 0.908203 0.625000
vt 0.908203 0.562500
vt 0.876953 0.562500
vt 0.876953 0.625000
vt 0.908203 0.625000
vt 0.908203 0.562500
vt 0.876953 0.562500
vt 0.421875 0.625000
vt 0.441406 0.625000
vt 0.441406 0.515625
vt 0.421875 0.515625
vt 0.421875 0.625000
vt 0.441406 0.625000
vt 0.441406 0.515625
vt 0.421875 0.515625
vt 0.421875 0.625000
vt 0.441406 0.625000
vt 0.441406 0.515625
vt 0.421875 0.515625
vt 0.421875 0.625000
vt 0.441406 0.625000
vt 0.441406 0.515625
vt 0.421875 0.515625
vt 0.671875 0.406250
vt 0.703125 0.406250
vt 0.703125 0.390625
vt 0.671875 0.390625
vt 0.671875 0.406250
vt 0.703125 0.406250
vt 0.703125 0.390625
vt 0.671875 0.390625
vt 0.671875 0.406250
vt 0.703125 0.406250
vt 0.703125 0.390625
vt 0.671875 0.390625
vt 0.671875 0.406250
vt 0.703125 0.406250
vt 0.703125 0.390625
vt 0.671875 0.390625
vt 0.876953 0.625000
vt 0.908203 0.625000
vt 0.908203 0.562500
vt 0.876953 0.562500
vt 0.876953 0.625000
vt 0.908203 0.625000
vt 0.908203 0.562500
vt 0.876953 0.562500
vt 0.421875 0.625000
vt 0.441406 0.625000
vt 0.441406 0.515625
vt 0.421875 0.515625
vt 0.421875 0.625000
vt 0.441406 0.625000
vt 0.441406 0.515625
vt 0.421875 0.515625
vt 0.421875 0.625000
vt 0.441406 0.625000
vt 0.441406 0.515625
vt 0.421875 0.515625
vt 0.421875 0.625000
vt 0.441406 0.625000
vt 0.441406 0.515625
vt 0.421875 0.515625
vt 0.671875 0.406250
vt 0.703125 0.406250
vt 0.703125 0.390625
vt 0.671875 0.390625
vt 0.671875 0.406250
vt 0.703125 0.406250
vt 0.703125 0.390625
vt 0.671875 0.390625
vt 0.671875 0.406250
vt 0.703125 0.406250
vt 0.703125 0.390625
vt 0.671875 0.390625
vt 0.671875 0.406250
vt 0.703125 0.406250
vt 0.703125 0.390625
vt 0.671875 0.390625
vt 0.876953 0.625000
vt 0.908203 0.625000
vt 0.908203 0.562500
vt 0.876953 0.562500
vt 0.876953 0.625000
vt 0.908203 0.625000
vt 0.908203 0.562500
vt 0.876953 0.562500
vt 0.421875 0.625000
vt 0.441406 0.625000
vt 0.441406 0.515625
vt 0.421875 0.515625
vt 0.421875 0.625000
vt 0.441406 0.625000
vt 0.441406 0.515625
vt 0.421875 0.515625
vt 0.421875 0.625000
vt 0.441406 0.625000
vt 0.441406 0.515625
vt 0.421875 0.515625
vt 0.421875 0.625000
vt 0.441406 0.625000
vt 0.441406 0.515625
vt 0.421875 0.515625
vt 0.671875 0.406250
vt 0.703125 0.406250
vt 0.703125 0.390625
vt 0.671875 0.390625
vt 0.671875 0.406250
vt 0.703125 0.406250
vt 0.703125 0.390625
vt 0.671875 0.390625
vt 0.671875 0.406250
vt 0.703125 0.406250
vt 0.703125 0.390625
vt 0.671875 0.390625
vt 0.671875 0.406250
vt 0.703125 0.406250
vt 0.703125 0.390625
vt 0.671875 0.390625
vt 0.876953 0.625000
vt 0.908203 0.625000
vt 0.908203 0.562500
vt 0.876953 0.562500
vt 0.876953 0.625000
vt 0.908203 0.625000
vt 0.908203 0.562500
vt 0.876953 0.562500
vt 0.421875 0.625000
vt 0.441406 0.625000
vt 0.441406 0.515625
vt 0.421875 0.515625
vt 0.421875 0.625000
vt 0.441406 0.625000
vt 0.441406 0.515625
vt 0.421875 0.515625
vt 0.421875 0.625000
vt 0.441406 0.625000
vt 0.441406 0.515625
vt 0.421875 0.515625
vt 0.421875 0.625000
vt 0.441406 0.625000
vt 0.441406 0.515625
vt 0.421875 0.515625
vt 0.671875 0.406250
vt 0.703125 0.406250
vt 0.703125 0.390625
vt 0.671875 0.390625
vt 0.671875 0.406250
vt 0.703125 0.406250
vt 0.703125 0.390625
vt 0.671875 0.390625
vt 0.671875 0.406250
vt 0.703125 0.406250
vt 0.703125 0.390625
vt 0.671875 0.390625
vt 0.671875 0.406250
vt 0.703125 0.406250
vt 0.703125 0.390625
vt 0.671875 0.390625
vt 0.876953 0.625000
vt 0.908203 0.625000
vt 0.908203 0.562500
vt 0.876953 0.562500
vt 0.876953 0.625000
vt 0.908203 0.625000
vt 0.908203 0.562500
vt 0.876953 0.562500
vt 0.421875 0.625000
vt 0.441406 0.625000
vt 0.441406 0.515625
vt 0.421875 0.515625
vt 0.421875 0.625000
vt 0.441406 0.625000
vt 0.441406 0.515625
vt 0.421875 0.515625
vt 0.421875 0.625000
vt 0.441406 0.625000
vt 0.441406 0.515625
vt 0.421875 0.515625
vt 0.421875 0.625000
vt 0.441406 0.625000
vt 0.441406 0.515625
vt 0.421875 0.515625
vt 0.671875 0.406250
vt 0.703125 0.406250
vt 0.703125 0.390625
vt 0.671875 0.390625
vt 0.671875 0.406250
vt 0.703125 0.406250
vt 0.703125 0.390625
vt 0.671875 0.390625
vt 0.671875 0.406250
vt 0.703125 0.406250
vt 0.703125 0.390625
vt 0.671875 0.390625
vt 0.671875 0.406250
vt 0.703125 0.406250
vt 0.703125 0.390625
vt 0.671875 0.390625
vt 0.876953 0.625000
vt 0.908203 0.625000
vt 0.908203 0.562500
vt 0.876953 0.562500
vt 0.876953 0.625000
vt 0.908203 0.625000
vt 0.908203 0.562500
vt 0.876953 0.562500
vt 0.421875 0.625000
vt 0.441406 0.625000
vt 0.441406 0.515625
vt 0.421875 0.515625
vt 0.421875 0.625000
vt 0.441406 0.625000
vt 0.441406 0.515625
vt 0.421875 0.515625
vt 0.421875 0.625000
vt 0.441406 0.625000
vt 0.441406 0.515625
vt 0.421875 0.515625
vt 0.421875 0.625000
vt 0.441406 0.625000
vt 0.441406 0.515625
vt 0.421875 0.515625
vt 0.671875 0.406250
vt 0.703125 0.406250
vt 0.703125 0.390625
vt 0.671875 0.390625
vt 0.671875 0.406250
vt 0.703125 0.406250
vt 0.703125 0.390625
vt 0.671875 0.390625
vt 0.671875 0.406250
vt 0.703125 0.406250
vt 0.703125 0.390625
vt 0.671875 0.390625
vt 0.671875 0.406250
vt 0.703125 0.406250
vt 0.703125 0.390625
vt 0.671875 0.390625
vt 0.876953 0.625000
vt 0.908203 0.625000
vt 0.908203 0.562500
vt 0.876953 0.562500
vt 0.876953 0.625000
vt 0.908203 0.625000
vt 0.908203 0.562500
vt 0.876953 0.562500
vt 0.421875 0.625000
vt 0.441406 0.625000
vt 0.441406 0.515625
vt 0.421875 0.515625
vt 0.421875 0.625000
vt 0.441406 0.625000
vt 0.441406 0.515625
vt 0.421875 0.515625
vt 0.421875 0.625000
vt 0.441406 0.625000
vt 0.441406 0.515625
vt 0.421875 0.515625
vt 0.421875 0.625000
vt 0.441406 0.625000
vt 0.441406 0.515625
vt 0.421875 0.515625
vt 0.671875 0.406250
vt 0.703125 0.406250
vt 0.703125 0.390625
vt 0.671875 0.390625
vt 0.671875 0.406250
vt 0.703125 0.406250
vt 0.703125 0.390625
vt 0.671875 0.390625
vt 0.671875 0.406250
vt 0.703125 0.406250
vt 0.703125 0.390625
vt 0.671875 0.390625
vt 0.671875 0.406250
vt 0.703125 0.406250
vt 0.703125 0.390625
vt 0.671875 0.390625
vt 0.876953 0.625000
vt 0.908203 0.625000
vt 0.908203 0.562500
vt 0.876953 0.562500
vt 0.876953 0.625000
vt 0.908203 0.625000
vt 0.908203 0.562500
vt 0.876953 0.562500
vt 0.421875 0.625000
vt 0.441406 0.625000
vt 0.441406 0.515625
vt 0.421875 0.515625
vt 0.421875 0.625000
vt 0.441406 0.625000
vt 0.441406 0.515625
vt 0.421875 0.515625
vt 0.421875 0.625000
vt 0.441406 0.625000
vt 0.441406 0.515625
vt 0.421875 0.515625
vt 0.421875 0.625000
vt 0.441406 0.625000
vt 0.441406 0.515625
vt 0.421875 0.515625
vt 0.671875 0.406250
vt 0.703125 0.406250
vt 0.703125 0.390625
vt 0.671875 0.390625
vt 0.671875 0.406250
vt 0.703125 0.406250
vt 0.703125 0.390625
vt 0.671875 0.390625
vt 0.671875 0.406250
vt 0.703125 0.406250
vt 0.703125 0.390625
vt 0.671875 0.390625
vt 0.671875 0.406250
vt 0.703125 0.406250
vt 0.703125 0.390625
vt 0.671875 0.390625
vt 0.876953 0.625000
vt 0.908203 0.625000
vt 0.908203 0.562500
vt 0.876953 0.562500
vt 0.876953 0.625000
vt 0.908203 0.625000
vt 0.908203 0.562500
vt 0.876953 0.562500
vt 0.421875 0.625000
vt 0.441406 0.625000
vt 0.441406 0.515625
vt 0.421875 0.515625
vt 0.421875 0.625000
vt 0.441406 0.625000
vt 0.441406 0.515625
vt 0.421875 0.515625
vt 0.421875 0.625000
vt 0.441406 0.625000
vt 0.441406 0.515625
vt 0.421875 0.515625
vt 0.421875 0.625000
vt 0.441406 0.625000
vt 0.441406 0.515625
vt 0.421875 0.515625
vt 0.671875 0.406250
vt 0.703125 0.406250
vt 0.703125 0.390625
vt 0.671875 0.390625
vt 0.671875 0.406250
vt 0.703125 0.406250
vt 0.703125 0.390625
vt 0.671875 0.390625
vt 0.671875 0.406250
vt 0.703125 0.406250
vt 0.703125 0.390625
vt 0.671875 0.390625
vt 0.671875 0.406250
vt 0.703125 0.406250
vt 0.703125 0.390625
vt 0.671875 0.390625
vt 0.876953 0.625000
vt 0.908203 0.625000
vt 0.908203 0.562500
vt 0.876953 0.562500
vt 0.876953 0.625000
vt 0.908203 0.625000
vt 0.908203 0.562500
vt 0.876953 0.562500
vt 0.421875 0.625000
vt 0.441406 0.625000
vt 0.441406 0.515625
vt 0.421875 0.515625
vt 0.421875 0.625000
vt 0.441406 0.625000
vt 0.441406 0.515625
vt 0.421875 0.515625
vt 0.421875 0.625000
vt 0.441406 0.625000
vt 0.441406 0.515625
vt 0.421875 0.515625
vt 0.421875 0.625000
vt 0.441406 0.625000
vt 0.441406 0.515625
vt 0.421875 0.515625
vt 0.671875 0.406250
vt 0.703125 0.406250
vt 0.703125 0.390625
vt 0.671875 0.390625
vt 0.671875 0.406250
vt 0.703125 0.406250
vt 0.703125 0.390625
vt 0.671875 0.390625
vt 0.671875 0.406250
vt 0.703125 0.406250
vt 0.703125 0.390625
vt 0.671875 0.390625
vt 0.671875 0.406250
vt 0.703125 0.406250
vt 0.703125 0.390625
vt 0.671875 0.390625
vt 0.876953 0.625000
vt 0.908203 0.625000
vt 0.908203 0.562500
vt 0.876953 0.562500
vt 0.876953 0.625000
vt 0.908203 0.625000
vt 0.908203 0.562500
vt 0.876953 0.562500
vt 0.421875 0.625000
vt 0.441406 0.625000
vt 0.441406 0.515625
vt 0.421875 0.515625
vt 0.421875 0.625000
vt 0.441406 0.625000
vt 0.441406 0.515625
vt 0.421875 0.515625
vt 0.421875 0.625000
vt 0.441406 0.625000
vt 0.441406 0.515625
vt 0.421875 0.515625
vt 0.421875 0.625000
vt 0.441406 0.625000
vt 0.441406 0.515625
vt 0.421875 0.515625
vt 0.671875 0.406250
vt 0.703125 0.406250
vt 0.703125 0.390625
vt 0.671875 0.390625
vt 0.671875 0.406250
vt 0.703125 0.406250
vt 0.703125 0.390625
vt 0.671875 0.390625
vt 0.671875 0.406250
vt 0.703125 0.406250
vt 0.703125 0.390625
vt 0.671875 0.390625
vt 0.671875 0.406250
vt 0.703125 0.406250
vt 0.703125 0.390625
vt 0.671875 0.390625
vt 0.876953 0.625000
vt 0.908203 0.625000
vt 0.908203 0.562500
vt 0.876953 0.562500
vt 0.876953 0.625000
vt 0.908203 0.625000
vt 0.908203 0.562500
vt 0.876953 0.562500
vt 0.421875 0.625000
vt 0.441406 0.625000
vt 0.441406 0.515625
vt 0.421875 0.515625
vt 0.421875 0.625000
vt 0.441406 0.625000
vt 0.441406 0.515625
vt 0.421875 0.515625
vt 0.421875 0.625000
vt 0.441406 0.625000
vt 0.441406 0.515625
vt 0.421875 0.515625
vt 0.421875 0.625000
vt 0.441406 0.625000
vt 0.441406 0.515625
vt 0.421875 0.515625
vt 0.671875 0.406250
vt 0.703125 0.406250
vt 0.703125 0.390625
vt 0.671875 0.390625
vt 0.671875 0.406250
vt 0.703125 0.406250
vt 0.703125 0.390625
vt 0.671875 0.390625
vt 0.671875 0.406250
vt 0.703125 0.406250
vt 0.703125 0.390625
vt 0.671875 0.390625
vt 0.671875 0.406250
vt 0.703125 0.406250
vt 0.703125 0.390625
vt 0.671875 0.390625
vt 0.876953 0.625000
vt 0.908203 0.625000
vt 0.908203 0.562500
vt 0.876953 0.562500
vt 0.876953 0.625000
vt 0.908203 0.625000
vt 0.908203 0.562500
vt 0.876953 0.562500
vt 0.421875 0.625000
vt 0.441406 0.625000
vt 0.441406 0.515625
vt 0.421875 0.515625
vt 0.421875 0.625000
vt 0.441406 0.625000
vt 0.441406 0.515625
vt 0.421875 0.515625
vt 0.421875 0.625000
vt 0.441406 0.625000
vt 0.441406 0.515625
vt 0.421875 0.515625
vt 0.421875 0.625000
vt 0.441406 0.625000
vt 0.441406 0.515625
vt 0.421875 0.515625
vt 0.671875 0.406250
vt 0.703125 0.406250
vt 0.703125 0.390625
vt 0.671875 0.390625
vt 0.671875 0.406250
vt 0.703125 0.406250
vt 0.703125 0.390625
vt 0.671875 0.390625
vt 0.671875 0.406250
vt 0.703125 0.406250
vt 0.703125 0.390625
vt 0.671875 0.390625
vt 0.671875 0.406250
vt 0.703125 0.406250
vt 0.703125 0.390625
vt 0.671875 0.390625
vt 0.876953 0.625000
vt 0.908203 0.625000
vt 0.908203 0.562500
vt 0.876953 0.562500
vt 0.876953 0.625000
vt 0.908203 0.625000
vt 0.908203 0.562500
vt 0.876953 0.562500
vt 0.421875 0.625000
vt 0.441406 0.625000
vt 0.441406 0.515625
vt 0.421875 0.515625
vt 0.421875 0.625000
vt 0.441406 0.625000
vt 0.441406 0.515625
vt 0.421875 0.515625
vt 0.421875 0.625000
vt 0.441406 0.625000
vt 0.441406 0.515625
vt 0.421875 0.515625
vt 0.421875 0.625000
vt 0.441406 0.625000
vt 0.441406 0.515625
vt 0.421875 0.515625
vt 0.671875 0.406250
vt 0.703125 0.406250
vt 0.703125 0.390625
vt 0.671875 0.390625
vt 0.671875 0.406250
vt 0.703125 0.406250
vt 0.703125 0.390625
vt 0.671875 0.390625
vt 0.671875 0.406250
vt 0.703125 0.406250
vt 0.703125 0.390625
vt 0.671875 0.390625
vt 0.671875 0.406250
vt 0.703125 0.406250
vt 0.703125 0.390625
vt 0.671875 0.390625
vt 0.876953 0.625000
vt 0.908203 0.625000
vt 0.908203 0.562500
vt 0.876953 0.562500
vt 0.876953 0.625000
vt 0.908203 0.625000
vt 0.908203 0.562500
vt 0.876953 0.562500
vt 0.421875 0.625000
vt 0.441406 0.625000
vt 0.441406 0.515625
vt 0.421875 0.515625
vt 0.421875 0.625000
vt 0.441406 0.625000
vt 0.441406 0.515625
vt 0.421875 0.515625
vt 0.421875 0.625000
vt 0.441406 0.625000
vt 0.441406 0.515625
vt 0.421875 0.515625
vt 0.421875 0.625000
vt 0.441406 0.625000
vt 0.441406 0.515625
vt 0.421875 0.515625
vt 0.671875 0.406250
vt 0.703125 0.406250
vt 0.703125 0.390625
vt 0.671875 0.390625
vt 0.671875 0.406250
vt 0.703125 0.406250
vt 0.703125 0.390625
vt 0.671875 0.390625
vt 0.671875 0.406250
vt 0.703125 0.406250
vt 0.703125 0.390625
vt 0.671875 0.390625
vt 0.671875 0.406250
vt 0.703125 0.406250
vt 0.703125 0.390625
vt 0.671875 0.390625
vt 0.876953 0.625000
vt 0.908203 0.625000
vt 0.908203 0.562500
vt 0.876953 0.562500
vt 0.876953 0.625000
vt 0.908203 0.625000
vt 0.908203 0.562500
vt 0.876953 0.562500
vt 0.421875 0.625000
vt 0.441406 0.625000
vt 0.441406 0.515625
vt 0.421875 0.515625
vt 0.421875 0.625000
vt 0.441406 0.625000
vt 0.441406 0.515625
vt 0.421875 0.515625
vt 0.421875 0.625000
vt 0.441406 0.625000
vt 0.441406 0.515625
vt 0.421875 0.515625
vt 0.421875 0.625000
vt 0.441406 0.625000
vt 0.441406 0.515625
vt 0.421875 0.515625
vt 0.671875 0.406250
vt 0.703125 0.406250
vt 0.703125 0.390625
vt 0.671875 0.390625
vt 0.671875 0.406250
vt 0.703125 0.406250
vt 0.703125 0.390625
vt 0.671875 0.390625
vt 0.671875 0.406250
vt 0.703125 0.406250
vt 0.703125 0.390625
vt 0.671875 0.390625
vt 0.671875 0.406250
vt 0.703125 0.406250
vt 0.703125 0.390625
vt 0.671875 0.390625
vt 0.876953 0.625000
vt 0.908203 0.625000
vt 0.908203 0.562500
vt 0.876953 0.562500
vt 0.876953 0.625000
vt 0.908203 0.625000
vt 0.908203 0.562500
vt 0.876953 0.562500
vt 0.421875 0.625000
vt 0.441406 0.625000
vt 0.441406 0.515625
vt 0.421875 0.515625
vt 0.421875 0.625000
vt 0.441406 0.625000
vt 0.441406 0.515625
vt 0.421875 0.515625
vt 0.421875 0.625000
vt 0.441406 0.625000
vt 0.441406 0.515625
vt 0.421875 0.515625
vt 0.421875 0.625000
vt 0.441406 0.625000
vt 0.441406 0.515625
vt 0.421875 0.515625
vt 0.671875 0.406250
vt 0.703125 0.406250
vt 0.703125 0.390625
vt 0.671875 0.390625
vt 0.671875 0.406250
vt 0.703125 0.406250
vt 0.703125 0.390625
vt 0.671875 0.390625
vt 0.671875 0.406250
vt 0.703125 0.406250
vt 0.703125 0.390625
vt 0.671875 0.390625
vt 0.671875 0.406250
vt 0.703125 0.406250
vt 0.703125 0.390625
vt 0.671875 0.390625
vt 0.876953 0.625000
vt 0.908203 0.625000
vt 0.908203 0.562500
vt 0.876953 0.562500
vt 0.876953 0.625000
vt 0.908203 0.625000
vt 0.908203 0.562500
vt 0.876953 0.562500
vt 0.421875 0.625000
vt 0.441406 0.625000
vt 0.441406 0.515625
vt 0.421875 0.515625
vt 0.421875 0.625000
vt 0.441406 0.625000
vt 0.441406 0.515625
vt 0.421875 0.515625
vt 0.421875 0.625000
vt 0.441406 0.625000
vt 0.441406 0.515625
vt 0.421875 0.515625
vt 0.421875 0.625000
vt 0.441406 0.625000
vt 0.441406 0.515625
vt 0.421875 0.515625
vt 0.671875 0.406250
vt 0.703125 0.406250
vt 0.703125 0.390625
vt 0.671875 0.390625
vt 0.671875 0.406250
vt 0.703125 0.406250
vt 0.703125 0.390625
vt 0.671875 0.390625
vt 0.671875 0.406250
vt 0.703125 0.406250
vt 0.703125 0.390625
vt 0.671875 0.390625
vt 0.671875 0.406250
vt 0.703125 0.406250
vt 0.703125 0.390625
vt 0.671875 0.390625
vt 0.876953 0.625000
vt 0.908203 0.625000
vt 0.908203 0.562500
vt 0.876953 0.562500
vt 0.876953 0.625000
vt 0.908203 0.625000
vt 0.908203 0.562500
vt 0.876953 0.562500
vt 0.421875 0.625000
vt 0.441406 0.625000
vt 0.441406 0.515625
vt 0.421875 0.515625
vt 0.421875 0.625000
vt 0.441406 0.625000
vt 0.441406 0.515625
vt 0.421875 0.515625
vt 0.421875 0.625000
vt 0.441406 0.625000
vt 0.441406 0.515625
vt 0.421875 0.515625
vt 0.421875 0.625000
vt 0.441406 0.625000
vt 0.441406 0.515625
vt 0.421875 0.515625
vt 0.671875 0.406250
vt 0.703125 0.406250
vt 0.703125 0.390625
vt 0.671875 0.390625
vt 0.671875 0.406250
vt 0.703125 0.406250
vt 0.703125 0.390625
vt 0.671875 0.390625
vt 0.671875 0.406250
vt 0.703125 0.406250
vt 0.703125 0.390625
vt 0.671875 0.390625
vt 0.671875 0.406250
vt 0.703125 0.406250
vt 0.703125 0.390625
vt 0.671875 0.390625
vt 0.876953 0.625000
vt 0.908203 0.625000
vt 0.908203 0.562500
vt 0.876953 0.562500
vt 0.876953 0.625000
vt 0.908203 0.625000
vt 0.908203 0.562500
vt 0.876953 0.562500
vt 0.421875 0.625000
vt 0.441406 0.625000
vt 0.441406 0.515625
vt 0.421875 0.515625
vt 0.421875 0.625000
vt 0.441406 0.625000
vt 0.441406 0.515625
vt 0.421875 0.515625
vt 0.421875 0.625000
vt 0.441406 0.625000
vt 0.441406 0.515625
vt 0.421875 0.515625
vt 0.421875 0.625000
vt 0.441406 0.625000
vt 0.441406 0.515625
vt 0.421875 0.515625
vt 0.671875 0.406250
vt 0.703125 0.406250
vt 0.703125 0.390625
vt 0.671875 0.390625
vt 0.671875 0.406250
vt 0.703125 0.406250
vt 0.703125 0.390625
vt 0.671875 0.390625
vt 0.671875 0.406250
vt 0.703125 0.406250
vt 0.703125 0.390625
vt 0.671875 0.390625
vt 0.671875 0.406250
vt 0.703125 0.406250
vt 0.703125 0.390625
vt 0.671875 0.390625
vt 0.876953 0.625000
vt 0.908203 0.625000
vt 0.908203 0.562500
vt 0.876953 0.562500
vt 0.876953 0.625000
vt 0.908203 0.625000
vt 0.908203 0.562500
vt 0.876953 0.562500
vt 0.421875 0.625000
vt 0.441406 0.625000
vt 0.441406 0.515625
vt 0.421875 0.515625
vt 0.421875 0.625000
vt 0.441406 0.625000
vt 0.441406 0.515625
vt 0.421875 0.515625
vt 0.421875 0.625000
vt 0.441406 0.625000
vt 0.441406 0.515625
vt 0.421875 0.515625
vt 0.421875 0.625000
vt 0.441406 0.625000
vt 0.441406 0.515625
vt 0.421875 0.515625
vt 0.671875 0.406250
vt 0.703125 0.406250
vt 0.703125 0.390625
vt 0.671875 0.390625
vt 0.671875 0.406250
vt 0.703125 0.406250
vt 0.703125 0.390625
vt 0.671875 0.390625
vt 0.671875 0.406250
vt 0.703125 0.406250
vt 0.703125 0.390625
vt 0.671875 0.390625
vt 0.671875 0.406250
vt 0.703125 0.406250
vt 0.703125 0.390625
vt 0.671875 0.390625
vt 0.876953 0.625000
vt 0.908203 0.625000
vt 0.908203 0.562500
vt 0.876953 0.562500
vt 0.876953 0.625000
vt 0.908203 0.625000
vt 0.908203 0.562500
vt 0.876953 0.562500
vt 0.421875 0.625000
vt 0.441406 0.625000
vt 0.441406 0.515625
vt 0.421875 0.515625
vt 0.421875 0.625000
vt 0.441406 0.625000
vt 0.441406 0.515625
vt 0.421875 0.515625
vt 0.421875 0.625000
vt 0.441406 0.625000
vt 0.441406 0.515625
vt 0.421875 0.515625
vt 0.421875 0.625000
vt 0.441406 0.625000
vt 0.441406 0.515625
vt 0.421875 0.515625
vt 0.671875 0.406250
vt 0.703125 0.406250
vt 0.703125 0.390625
vt 0.671875 0.390625
vt 0.671875 0.406250
vt 0.703125 0.406250
vt 0.703125 0.390625
vt 0.671875 0.390625
vt 0.671875 0.406250
vt 0.703125 0.406250
vt 0.703125 0.390625
vt 0.671875 0.390625
vt 0.671875 0.406250
vt 0.703125 0.406250
vt 0.703125 0.390625
vt 0.671875 0.390625
vt 0.876953 0.625000
vt 0.908203 0.625000
vt 0.908203 0.562500
vt 0.876953 0.562500
vt 0.876953 0.625000
vt 0.908203 0.625000
vt 0.908203 0.562500
vt 0.876953 0.562500
vt 0.421875 0.625000
vt 0.441406 0.625000
vt 0.441406 0.515625
vt 0.421875 0.515625
vt 0.421875 0.625000
vt 0.441406 0.625000
vt 0.441406 0.515625
vt 0.421875 0.515625
vt 0.421875 0.625000
vt 0.441406 0.625000
vt 0.441406 0.515625
vt 0.421875 0.515625
vt 0.421875 0.625000
vt 0.441406 0.625000
vt 0.441406 0.515625
vt 0.421875 0.515625
vt 0.671875 0.406250
vt 0.703125 0.406250
vt 0.703125 0.390625
vt 0.671875 0.390625
vt 0.671875 0.406250
vt 0.703125 0.406250
vt 0.703125 0.390625
vt 0.671875 0.390625
vt 0.671875 0.406250
vt 0.703125 0.406250
vt 0.703125 0.390625
vt 0.671875 0.390625
vt 0.671875 0.406250
vt 0.703125 0.406250
vt 0.703125 0.390625
vt 0.671875 0.390625
vt 0.876953 0.625000
vt 0.908203 0.625000
vt 0.908203 0.562500
vt 0.876953 0.562500
vt 0.876953 0.625000
vt 0.908203 0.625000
vt 0.908203 0.562500
vt 0.876953 0.562500
vt 0.421875 0.625000
vt 0.441406 0.625000
vt 0.441406 0.515625
vt 0.421875 0.515625
vt 0.421875 0.625000
vt 0.441406 0.625000
vt 0.441406 0.515625
vt 0.421875 0.515625
vt 0.421875 0.625000
vt 0.441406 0.625000
vt 0.441406 0.515625
vt 0.421875 0.515625
vt 0.421875 0.625000
vt 0.441406 0.625000
vt 0.441406 0.515625
vt 0.421875 0.515625
vt 0.671875 0.406250
vt 0.703125 0.406250
vt 0.703125 0.390625
vt 0.671875 0.390625
vt 0.671875 0.406250
vt 0.703125 0.406250
vt 0.703125 0.390625
vt 0.671875 0.390625
vt 0.671875 0.406250
vt 0.703125 0.406250
vt 0.703125 0.390625
vt 0.671875 0.390625
vt 0.671875 0.406250
vt 0.703125 0.406250
vt 0.703125 0.390625
vt 0.671875 0.390625
vt 0.876953 0.625000
vt 0.908203 0.625000
vt 0.908203 0.562500
vt 0.876953 0.562500
vt 0.876953 0.625000
vt 0.908203 0.625000
vt 0.908203 0.562500
vt 0.876953 0.562500
vt 0.421875 0.625000
vt 0.441406 0.625000
vt 0.441406 0.515625
vt 0.421875 0.515625
vt 0.421875 0.625000
vt 0.441406 0.625000
vt 0.441406 0.515625
vt 0.421875 0.515625
vt 0.421875 0.625000
vt 0.441406 0.625000
vt 0.441406 0.515625
vt 0.421875 0.515625
vt 0.421875 0.625000
vt 0.441406 0.625000
vt 0.441406 0.515625
vt 0.421875 0.515625
vt 0.671875 0.406250
vt 0.703125 0.406250
vt 0.703125 0.390625
vt 0.671875 0.390625
vt 0.671875 0.406250
vt 0.703125 0.406250
vt 0.703125 0.390625
vt 0.671875 0.390625
vt 0.671875 0.406250
vt 0.703125 0.406250
vt 0.703125 0.390625
vt 0.671875 0.390625
vt 0.671875 0.406250
vt 0.703125 0.406250
vt 0.703125 0.390625
vt 0.671875 0.390625
vt 0.876953 0.625000
vt 0.908203 0.625000
vt 0.908203 0.562500
vt 0.876953 0.562500
vt 0.876953 0.625000
vt 0.908203 0.625000
vt 0.908203 0.562500
vt 0.876953 0.562500
vt 0.421875 0.625000
vt 0.441406 0.625000
vt 0.441406 0.515625
vt 0.421875 0.515625
vt 0.421875 0.625000
vt 0.441406 0.625000
vt 0.441406 0.515625
vt 0.421875 0.515625
vt 0.421875 0.625000
vt 0.441406 0.625000
vt 0.441406 0.515625
vt 0.421875 0.515625
vt 0.421875 0.625000
vt 0.441406 0.625000
vt 0.441406 0.515625
vt 0.421875 0.515625
vt 0.671875 0.406250
vt 0.703125 0.406250
vt 0.703125 0.390625
vt 0.671875 0.390625
vt 0.671875 0.406250
vt 0.703125 0.406250
vt 0.703125 0.390625
vt 0.671875 0.390625
vt 0.671875 0.406250
vt 0.703125 0.406250
vt 0.703125 0.390625
vt 0.671875 0.390625
vt 0.671875 0.406250
vt 0.703125 0.406250
vt 0.703125 0.390625
vt 0.671875 0.390625
vt 0.876953 0.625000
vt 0.908203 0.625000
vt 0.908203 0.562500
vt 0.876953 0.562500
vt 0.876953 0.625000
vt 0.908203 0.625000
vt 0.908203 0.562500
vt 0.876953 0.562500
vt 0.421875 0.625000
vt 0.441406 0.625000
vt 0.441406 0.515625
vt 0.421875 0.515625
vt 0.421875 0.625000
vt 0.441406 0.625000
vt 0.441406 0.515625
vt 0.421875 0.515625
vt 0.421875 0.625000
vt 0.441406 0.625000
vt 0.441406 0.515625
vt 0.421875 0.515625
vt 0.421875 0.625000
vt 0.441406 0.625000
vt 0.441406 0.515625
vt 0.421875 0.515625
vt 0.671875 0.406250
vt 0.703125 0.406250
vt 0.703125 0.390625
vt 0.671875 0.390625
vt 0.671875 0.406250
vt 0.703125 0.406250
vt 0.703125 0.390625
vt 0.671875 0.390625
vt 0.671875 0.406250
vt 0.703125 0.406250
vt 0.703125 0.390625
vt 0.671875 0.390625
vt 0.671875 0.406250
vt 0.703125 0.406250
vt 0.703125 0.390625
vt 0.671875 0.390625
vt 0.876953 0.625000
vt 0.908203 0.625000
vt 0.908203 0.562500
vt 0.876953 0.562500
vt 0.876953 0.625000
vt 0.908203 0.625000
vt 0.908203 0.562500
vt 0.876953 0.562500
vt 0.421875 0.625000
vt 0.441406 0.625000
vt 0.441406 0.515625
vt 0.421875 0.515625
vt 0.421875 0.625000
vt 0.441406 0.625000
vt 0.441406 0.515625
vt 0.421875 0.515625
vt 0.421875 0.625000
vt 0.441406 0.625000
vt 0.441406 0.515625
vt 0.421875 0.515625
vt 0.421875 0.625000
vt 0.441406 0.625000
vt 0.441406 0.515625
vt 0.421875 0.515625
vt 0.671875 0.406250
vt 0.703125 0.406250
vt 0.703125 0.390625
vt 0.671875 0.390625
vt 0.671875 0.406250
vt 0.703125 0.406250
vt 0.703125 0.390625
vt 0.671875 0.390625
vt 0.671875 0.406250
vt 0.703125 0.406250
vt 0.703125 0.390625
vt 0.671875 0.390625
vt 0.671875 0.406250
vt 0.703125 0.406250
vt 0.703125 0.390625
vt 0.671875 0.390625
vt 0.876953 0.625000
vt 0.908203 0.625000
vt 0.908203 0.562500
vt 0.876953 0.562500
vt 0.876953 0.625000
vt 0.908203 0.625000
vt 0.908203 0.562500
vt 0.876953 0.562500
vt 0.421875 0.625000
vt 0.441406 0.625000
vt 0.441406 0.515625
vt 0.421875 0.515625
vt 0.421875 0.625000
vt 0.441406 0.625000
vt 0.441406 0.515625
vt 0.421875 0.515625
vt 0.421875 0.625000
vt 0.441406 0.625000
vt 0.441406 0.515625
vt 0.421875 0.515625
vt 0.421875 0.625000
vt 0.441406 0.625000
vt 0.441406 0.515625
vt 0.421875 0.515625
vt 0.671875 0.406250
vt 0.703125 0.406250
vt 0.703125 0.390625
vt 0.671875 0.390625
vt 0.671875 0.406250
vt 0.703125 0.406250
vt 0.703125 0.390625
vt 0.671875 0.390625
vt 0.671875 0.406250
vt 0.703125 0.406250
vt 0.703125 0.390625
vt 0.671875 0.390625
vt 0.671875 0.406250
vt 0.703125 0.406250
vt 0.703125 0.390625
vt 0.671875 0.390625
vt 0.876953 0.625000
vt 0.908203 0.625000
vt 0.908203 0.562500
vt 0.876953 0.562500
vt 0.876953 0.625000
vt 0.908203 0.625000
vt 0.908203 0.562500
vt 0.876953 0.562500
vt 0.421875 0.625000
vt 0.441406 0.625000
vt 0.441406 0.515625
vt 0.421875 0.515625
vt 0.421875 0.625000
vt 0.441406 0.625000
vt 0.441406 0.515625
vt 0.421875 0.515625
vt 0.421875 0.625000
vt 0.441406 0.625000
vt 0.441406 0.515625
vt 0.421875 0.515625
vt 0.421875 0.625000
vt 0.441406 0.625000
vt 0.441406 0.515625
vt 0.421875 0.515625
vt 0.671875 0.406250
vt 0.703125 0.406250
vt 0.703125 0.390625
vt 0.671875 0.390625
vt 0.671875 0.406250
vt 0.703125 0.406250
vt 0.703125 0.390625
vt 0.671875 0.390625
vt 0.671875 0.406250
vt 0.703125 0.406250
vt 0.703125 0.390625
vt 0.671875 0.390625
vt 0.671875 0.406250
vt 0.703125 0.406250
vt 0.703125 0.390625
vt 0.671875 0.390625
vt 0.876953 0.625000
vt 0.908203 0.625000
vt 0.908203 0.562500
vt 0.876953 0.562500
vt 0.876953 0.625000
vt 0.908203 0.625000
vt 0.908203 0.562500
vt 0.876953 0.562500
vt 0.421875 0.625000
vt 0.441406 0.625000
vt 0.441406 0.515625
vt 0.421875 0.515625
vt 0.421875 0.625000
vt 0.441406 0.625000
vt 0.441406 0.515625
vt 0.421875 0.515625
vt 0.421875 0.625000
vt 0.441406 0.625000
vt 0.441406 0.515625
vt 0.421875 0.515625
vt 0.421875 0.625000
vt 0.441406 0.625000
vt 0.441406 0.515625
vt 0.421875 0.515625
vt 0.671875 0.406250
vt 0.703125 0.406250
vt 0.703125 0.390625
vt 0.671875 0.390625
vt 0.671875 0.406250
vt 0.703125 0.406250
vt 0.703125 0.390625
vt 0.671875 0.390625
vt 0.671875 0.406250
vt 0.703125 0.406250
vt 0.703125 0.390625
vt 0.671875 0.390625
vt 0.671875 0.406250
vt 0.703125 0.406250
vt 0.703125 0.390625
vt 0.671875 0.390625
vt 0.876953 0.625000
vt 0.908203 0.625000
vt 0.908203 0.562500
vt 0.876953 0.562500
vt 0.876953 0.625000
vt 0.908203 0.625000
vt 0.908203 0.562500
vt 0.876953 0.562500
vt 0.421875 0.625000
vt 0.441406 0.625000
vt 0.441406 0.515625
vt 0.421875 0.515625
vt 0.421875 0.625000
vt 0.441406 0.625000
vt 0.441406 0.515625
vt 0.421875 0.515625
vt 0.421875 0.625000
vt 0.441406 0.625000
vt 0.441406 0.515625
vt 0.421875 0.515625
vt 0.421875 0.625000
vt 0.441406 0.625000
vt 0.441406 0.515625
vt 0.421875 0.515625
vt 0.671875 0.406250
vt 0.703125 0.406250
vt 0.703125 0.390625
vt 0.671875 0.390625
vt 0.671875 0.406250
vt 0.703125 0.406250
vt 0.703125 0.390625
vt 0.671875 0.390625
vt 0.671875 0.406250
vt 0.703125 0.406250
vt 0.703125 0.390625
vt 0.671875 0.390625
vt 0.671875 0.406250
vt 0.703125 0.406250
vt 0.703125 0.390625
vt 0.671875 0.390625
vt 0.876953 0.625000
vt 0.908203 0.625000
vt 0.908203 0.562500
vt 0.876953 0.562500
vt 0.876953 0.625000
vt 0.908203 0.625000
vt 0.908203 0.562500
vt 0.876953 0.562500
vt 0.421875 0.625000
vt 0.441406 0.625000
vt 0.441406 0.515625
vt 0.421875 0.515625
vt 0.421875 0.625000
vt 0.441406 0.625000
vt 0.441406 0.515625
vt 0.421875 0.515625
vt 0.421875 0.625000
vt 0.441406 0.625000
vt 0.441406 0.515625
vt 0.421875 0.515625
vt 0.421875 0.625000
vt 0.441406 0.625000
vt 0.441406 0.515625
vt 0.421875 0.515625
vt 0.671875 0.406250
vt 0.703125 0.406250
vt 0.703125 0.390625
vt 0.671875 0.390625
vt 0.671875 0.406250
vt 0.703125 0.406250
vt 0.703125 0.390625
vt 0.671875 0.390625
vt 0.671875 0.406250
vt 0.703125 0.406250
vt 0.703125 0.390625
vt 0.671875 0.390625
vt 0.671875 0.406250
vt 0.703125 0.406250
vt 0.703125 0.390625
vt 0.671875 0.390625
vt 0.876953 0.625000
vt 0.908203 0.625000
vt 0.908203 0.562500
vt 0.876953 0.562500
vt 0.876953 0.625000
vt 0.908203 0.625000
vt 0.908203 0.562500
vt 0.876953 0.562500
vt 0.421875 0.625000
vt 0.441406 0.625000
vt 0.441406 0.515625
vt 0.421875 0.515625
vt 0.421875 0.625000
vt 0.441406 0.625000
vt 0.441406 0.515625
vt 0.421875 0.515625
vt 0.421875 0.625000
vt 0.441406 0.625000
vt 0.441406 0.515625
vt 0.421875 0.515625
vt 0.421875 0.625000
vt 0.441406 0.625000
vt 0.441406 0.515625
vt 0.421875 0.515625
vt 0.671875 0.406250
vt 0.703125 0.406250
vt 0.703125 0.390625
vt 0.671875 0.390625
vt 0.671875 0.406250
vt 0.703125 0.406250
vt 0.703125 0.390625
vt 0.671875 0.390625
vt 0.671875 0.406250
vt 0.703125 0.406250
vt 0.703125 0.390625
vt 0.671875 0.390625
vt 0.671875 0.406250
vt 0.703125 0.406250
vt 0.703125 0.390625
vt 0.671875 0.390625
vt 0.876953 0.625000
vt 0.908203 0.625000
vt 0.908203 0.562500
vt 0.876953 0.562500
vt 0.876953 0.625000
vt 0.908203 0.625000
vt 0.908203 0.562500
vt 0.876953 0.562500
vt 0.421875 0.625000
vt 0.441406 0.625000
vt 0.441406 0.515625
vt 0.421875 0.515625
vt 0.421875 0.625000
vt 0.441406 0.625000
vt 0.441406 0.515625
vt 0.421875 0.515625
vt 0.421875 0.625000
vt 0.441406 0.625000
vt 0.441406 0.515625
vt 0.421875 0.515625
vt 0.421875 0.625000
vt 0.441406 0.625000
vt 0.441406 0.515625
vt 0.421875 0.515625
vt 0.671875 0.406250
vt 0.703125 0.406250
vt 0.703125 0.390625
vt 0.671875 0.390625
vt 0.671875 0.406250
vt 0.703125 0.406250
vt 0.703125 0.390625
vt 0.671875 0.390625
vt 0.671875 0.406250
vt 0.703125 0.406250
vt 0.703125 0.390625
vt 0.671875 0.390625
vt 0.671875 0.406250
vt 0.703125 0.406250
vt 0.703125 0.390625
vt 0.671875 0.390625
vt 0.876953 0.625000
vt 0.908203 0.625000
vt 0.908203 0.562500
vt 0.876953 0.562500
vt 0.876953 0.625000
vt 0.908203 0.625000
vt 0.908203 0.562500
vt 0.876953 0.562500
vt 0.421875 0.625000
vt 0.441406 0.625000
vt 0.441406 0.515625
vt 0.421875 0.515625
vt 0.421875 0.625000
vt 0.441406 0.625000
vt 0.441406 0.515625
vt 0.421875 0.515625
vt 0.421875 0.625000
vt 0.441406 0.625000
vt 0.441406 0.515625
vt 0.421875 0.515625
vt 0.421875 0.625000
vt 0.441406 0.625000
vt 0.441406 0.515625
vt 0.421875 0.515625
vt 0.671875 0.406250
vt 0.703125 0.406250
vt 0.703125 0.390625
vt 0.671875 0.390625
vt 0.671875 0.406250
vt 0.703125 0.406250
vt 0.703125 0.390625
vt 0.671875 0.390625
vt 0.671875 0.406250
vt 0.703125 0.406250
vt 0.703125 0.390625
vt 0.671875 0.390625
vt 0.671875 0.406250
vt 0.703125 0.406250
vt 0.703125 0.390625
vt 0.671875 0.390625
vt 0.876953 0.625000
vt 0.908203 0.625000
vt 0.908203 0.562500
vt 0.876953 0.562500
vt 0.876953 0.625000
vt 0.908203 0.625000
vt 0.908203 0.562500
vt 0.876953 0.562500
vt 0.421875 0.625000
vt 0.441406 0.625000
vt 0.441406 0.515625
vt 0.421875 0.515625
vt 0.421875 0.625000
vt 0.441406 0.625000
vt 0.441406 0.515625
vt 0.421875 0.515625
vt 0.421875 0.625000
vt 0.441406 0.625000
vt 0.441406 0.515625
vt 0.421875 0.515625
vt 0.421875 0.625000
vt 0.441406 0.625000
vt 0.441406 0.515625
vt 0.421875 0.515625
vt 0.671875 0.406250
vt 0.703125 0.406250
vt 0.703125 0.390625
vt 0.671875 0.390625
vt 0.671875 0.406250
vt 0.703125 0.406250
vt 0.703125 0.390625
vt 0.671875 0.390625
vt 0.671875 0.406250
vt 0.703125 0.406250
vt 0.703125 0.390625
vt 0.671875 0.390625
vt 0.671875 0.406250
vt 0.703125 0.406250
vt 0.703125 0.390625
vt 0.671875 0.390625
vt 0.876953 0.625000
vt 0.908203 0.625000
vt 0.908203 0.562500
vt 0.876953 0.562500
vt 0.876953 0.625000
vt 0.908203 0.625000
vt 0.908203 0.562500
vt 0.876953 0.562500
vt 0.421875 0.625000
vt 0.441406 0.625000
vt 0.441406 0.515625
vt 0.421875 0.515625
vt 0.421875 0.625000
vt 0.441406 0.625000
vt 0.441406 0.515625
vt 0.421875 0.515625
vt 0.421875 0.625000
vt 0.441406 0.625000
vt 0.441406 0.515625
vt 0.421875 0.515625
vt 0.421875 0.625000
vt 0.441406 0.625000
vt 0.441406 0.515625
vt 0.421875 0.515625
vt 0.671875 0.406250
vt 0.703125 0.406250
vt 0.703125 0.390625
vt 0.671875 0.390625
vt 0.671875 0.406250
vt 0.703125 0.406250
vt 0.703125 0.390625
vt 0.671875 0.390625
vt 0.671875 0.406250
vt 0.703125 0.406250
vt 0.703125 0.390625
vt 0.671875 0.390625
vt 0.671875 0.406250
vt 0.703125 0.406250
vt 0.703125 0.390625
vt 0.671875 0.390625
vt 0.876953 0.625000
vt 0.908203 0.625000
vt 0.908203 0.562500
vt 0.876953 0.562500
vt 0.876953 0.625000
vt 0.908203 0.625000
vt 0.908203 0.562500
vt 0.876953 0.562500
vt 0.421875 0.625000
vt 0.441406 0.625000
vt 0.441406 0.515625
vt 0.421875 0.515625
vt 0.421875 0.625000
vt 0.441406 0.625000
vt 0.441406 0.515625
vt 0.421875 0.515625
vt 0.421875 0.625000
vt 0.441406 0.625000
vt 0.441406 0.515625
vt 0.421875 0.515625
vt 0.421875 0.625000
vt 0.441406 0.625000
vt 0.441406 0.515625
vt 0.421875 0.515625
vt 0.671875 0.406250
vt 0.703125 0.406250
vt 0.703125 0.390625
vt 0.671875 0.390625
vt 0.671875 0.406250
vt 0.703125 0.406250
vt 0.703125 0.390625
vt 0.671875 0.390625
vt 0.671875 0.406250
vt 0.703125 0.406250
vt 0.703125 0.390625
vt 0.671875 0.390625
vt 0.671875 0.406250
vt 0.703125 0.406250
vt 0.703125 0.390625
vt 0.671875 0.390625
vt 0.876953 0.625000
vt 0.908203 0.625000
vt 0.908203 0.562500
vt 0.876953 0.562500
vt 0.876953 0.625000
vt 0.908203 0.625000
vt 0.908203 0.562500
vt 0.876953 0.562500
vt 0.421875 0.625000
vt 0.441406 0.625000
vt 0.441406 0.515625
vt 0.421875 0.515625
vt 0.421875 0.625000
vt 0.441406 0.625000
vt 0.441406 0.515625
vt 0.421875 0.515625
vt 0.421875 0.625000
vt 0.441406 0.625000
vt 0.441406 0.515625
vt 0.421875 0.515625
vt 0.421875 0.625000
vt 0.441406 0.625000
vt 0.441406 0.515625
vt 0.421875 0.515625
vt 0.671875 0.406250
vt 0.703125 0.406250
vt 0.703125 0.390625
vt 0.671875 0.390625
vt 0.671875 0.406250
vt 0.703125 0.406250
vt 0.703125 0.390625
vt 0.671875 0.390625
vt 0.671875 0.406250
vt 0.703125 0.406250
vt 0.703125 0.390625
vt 0.671875 0.390625
vt 0.671875 0.406250
vt 0.703125 0.406250
vt 0.703125 0.390625
vt 0.671875 0.390625
vt 0.876953 0.625000
vt 0.908203 0.625000
vt 0.908203 0.562500
vt 0.876953 0.562500
vt 0.876953 0.625000
vt 0.908203 0.625000
vt 0.908203 0.562500
vt 0.876953 0.562500
vt 0.421875 0.625000
vt 0.441406 0.625000
vt 0.441406 0.515625
vt 0.421875 0.515625
vt 0.421875 0.625000
vt 0.441406 0.625000
vt 0.441406 0.515625
vt 0.421875 0.515625
vt 0.421875 0.625000
vt 0.441406 0.625000
vt 0.441406 0.515625
vt 0.421875 0.515625
vt 0.421875 0.625000
vt 0.441406 0.625000
vt 0.441406 0.515625
vt 0.421875 0.515625
vt 0.671875 0.406250
vt 0.703125 0.406250
vt 0.703125 0.390625
vt 0.671875 0.390625
vt 0.671875 0.406250
vt 0.703125 0.406250
vt 0.703125 0.390625
vt 0.671875 0.390625
vt 0.671875 0.406250
vt 0.703125 0.406250
vt 0.703125 0.390625
vt 0.671875 0.390625
vt 0.671875 0.406250
vt 0.703125 0.406250
vt 0.703125 0.390625
vt 0.671875 0.390625
vt 0.876953 0.625000
vt 0.908203 0.625000
vt 0.908203 0.562500
vt 0.876953 0.562500
vt 0.876953 0.625000
vt 0.908203 0.625000
vt 0.908203 0.562500
vt 0.876953 0.562500
vt 0.421875 0.625000
vt 0.441406 0.625000
vt 0.441406 0.515625
vt 0.421875 0.515625
vt 0.421875 0.625000
vt 0.441406 0.625000
vt 0.441406 0.515625
vt 0.421875 0.515625
vt 0.421875 0.625000
vt 0.441406 0.625000
vt 0.441406 0.515625
vt 0.421875 0.515625
vt 0.421875 0.625000
vt 0.441406 0.625000
vt 0.441406 0.515625
vt 0.421875 0.515625
vt 0.671875 0.406250
vt 0.703125 0.406250
vt 0.703125 0.390625
vt 0.671875 0.390625
vt 0.671875 0.406250
vt 0.703125 0.406250
vt 0.703125 0.390625
vt 0.671875 0.390625
vt 0.671875 0.406250
vt 0.703125 0.406250
vt 0.703125 0.390625
vt 0.671875 0.390625
vt 0.671875 0.406250
vt 0.703125 0.406250
vt 0.703125 0.390625
vt 0.671875 0.390625
vt 0.876953 0.625000
vt 0.908203 0.625000
vt 0.908203 0.562500
vt 0.876953 0.562500
vt 0.876953 0.625000
vt 0.908203 0.625000
vt 0.908203 0.562500
vt 0.876953 0.562500
vt 0.421875 0.625000
vt 0.441406 0.625000
vt 0.441406 0.515625
vt 0.421875 0.515625
vt 0.421875 0.625000
vt 0.441406 0.625000
vt 0.441406 0.515625
vt 0.421875 0.515625
vt 0.421875 0.625000
vt 0.441406 0.625000
vt 0.441406 0.515625
vt 0.421875 0.515625
vt 0.421875 0.625000
vt 0.441406 0.625000
vt 0.441406 0.515625
vt 0.421875 0.515625
vt 0.671875 0.406250
vt 0.703125 0.406250
vt 0.703125 0.390625
vt 0.671875 0.390625
vt 0.671875 0.406250
vt 0.703125 0.406250
vt 0.703125 0.390625
vt 0.671875 0.390625
vt 0.671875 0.406250
vt 0.703125 0.406250
vt 0.703125 0.390625
vt 0.671875 0.390625
vt 0.671875 0.406250
vt 0.703125 0.406250
vt 0.703125 0.390625
vt 0.671875 0.390625
vt 0.876953 0.625000
vt 0.908203 0.625000
vt 0.908203 0.562500
vt 0.876953 0.562500
vt 0.876953 0.625000
vt 0.908203 0.625000
vt 0.908203 0.562500
vt 0.876953 0.562500
vt 0.421875 0.625000
vt 0.441406 0.625000
vt 0.441406 0.515625
vt 0.421875 0.515625
vt 0.421875 0.625000
vt 0.441406 0.625000
vt 0.441406 0.515625
vt 0.421875 0.515625
vt 0.421875 0.625000
vt 0.441406 0.625000
vt 0.441406 0.515625
vt 0.421875 0.515625
vt 0.421875 0.625000
vt 0.441406 0.625000
vt 0.441406 0.515625
vt 0.421875 0.515625
vt 0.671875 0.406250
vt 0.703125 0.406250
vt 0.703125 0.390625
vt 0.671875 0.390625
vt 0.671875 0.406250
vt 0.703125 0.406250
vt 0.703125 0.390625
vt 0.671875 0.390625
vt 0.671875 0.406250
vt 0.703125 0.406250
vt 0.703125 0.390625
vt 0.671875 0.390625
vt 0.671875 0.406250
vt 0.703125 0.406250
vt 0.703125 0.390625
vt 0.671875 0.390625
vt 0.876953 0.625000
vt 0.908203 0.625000
vt 0.908203 0.562500
vt 0.876953 0.562500
vt 0.876953 0.625000
vt 0.908203 0.625000
vt 0.908203 0.562500
vt 0.876953 0.562500
vt 0.421875 0.625000
vt 0.441406 0.625000
vt 0.441406 0.515625
vt 0.421875 0.515625
vt 0.421875 0.625000
vt 0.441406 0.625000
vt 0.441406 0.515625
vt 0.421875 0.515625
vt 0.421875 0.625000
vt 0.441406 0.625000
vt 0.441406 0.515625
vt 0.421875 0.515625
vt 0.421875 0.625000
vt 0.441406 0.625000
vt 0.441406 0.515625
vt 0.421875 0.515625
vt 0.671875 0.406250
vt 0.703125 0.406250
vt 0.703125 0.390625
vt 0.671875 0.390625
vt 0.671875 0.406250
vt 0.703125 0.406250
vt 0.703125 0.390625
vt 0.671875 0.390625
vt 0.671875 0.406250
vt 0.703125 0.406250
vt 0.703125 0.390625
vt 0.671875 0.390625
vt 0.671875 0.406250
vt 0.703125 0.406250
vt 0.703125 0.390625
vt 0.671875 0.390625
vt 0.876953 0.625000
vt 0.908203 0.625000
vt 0.908203 0.562500
vt 0.876953 0.562500
vt 0.876953 0.625000
vt 0.908203 0.625000
vt 0.908203 0.562500
vt 0.876953 0.562500
vt 0.421875 0.625000
vt 0.441406 0.625000
vt 0.441406 0.515625
vt 0.421875 0.515625
vt 0.421875 0.625000
vt 0.441406 0.625000
vt 0.441406 0.515625
vt 0.421875 0.515625
vt 0.421875 0.625000
vt 0.441406 0.625000
vt 0.441406 0.515625
vt 0.421875 0.515625
vt 0.421875 0.625000
vt 0.441406 0.625000
vt 0.441406 0.515625
vt 0.421875 0.515625
vt 0.671875 0.406250
vt 0.703125 0.406250
vt 0.703125 0.390625
vt 0.671875 0.390625
vt 0.671875 0.406250
vt 0.703125 0.406250
vt 0.703125 0.390625
vt 0.671875 0.390625
vt 0.671875 0.406250
vt 0.703125 0.406250
vt 0.703125 0.390625
vt 0.671875 0.390625
vt 0.671875 0.406250
vt 0.703125 0.406250
vt 0.703125 0.390625
vt 0.671875 0.390625
vt 0.876953 0.625000
vt 0.908203 0.625000
vt 0.908203 0.562500
vt 0.876953 0.562500
vt 0.876953 0.625000
vt 0.908203 0.625000
vt 0.908203 0.562500
vt 0.876953 0.562500
vt 0.421875 0.625000
vt 0.441406 0.625000
vt 0.441406 0.515625
vt 0.421875 0.515625
vt 0.421875 0.625000
vt 0.441406 0.625000
vt 0.441406 0.515625
vt 0.421875 0.515625
vt 0.421875 0.625000
vt 0.441406 0.625000
vt 0.441406 0.515625
vt 0.421875 0.515625
vt 0.421875 0.625000
vt 0.441406 0.625000
vt 0.441406 0.515625
vt 0.421875 0.515625
vt 0.671875 0.406250
vt 0.703125 0.406250
vt 0.703125 0.390625
vt 0.671875 0.390625
vt 0.671875 0.406250
vt 0.703125 0.406250
vt 0.703125 0.390625
vt 0.671875 0.390625
vt 0.671875 0.406250
vt 0.703125 0.406250
vt 0.703125 0.390625
vt 0.671875 0.390625
vt 0.671875 0.406250
vt 0.703125 0.406250
vt 0.703125 0.390625
vt 0.671875 0.390625
vt 0.876953 0.625000
vt 0.908203 0.625000
vt 0.908203 0.562500
vt 0.876953 0.562500
vt 0.876953 0.625000
vt 0.908203 0.625000
vt 0.908203 0.562500
vt 0.876953 0.562500
vt 0.421875 0.625000
vt 0.441406 0.625000
vt 0.441406 0.515625
vt 0.421875 0.515625
vt 0.421875 0.625000
vt 0.441406 0.625000
vt 0.441406 0.515625
vt 0.421875 0.515625
vt 0.421875 0.625000
vt 0.441406 0.625000
vt 0.441406 0.515625
vt 0.421875 0.515625
vt 0.421875 0.625000
vt 0.441406 0.625000
vt 0.441406 0.515625
vt 0.421875 0.515625
vt 0.671875 0.406250
vt 0.703125 0.406250
vt 0.703125 0.390625
vt 0.671875 0.390625
vt 0.671875 0.406250
vt 0.703125 0.406250
vt 0.703125 0.390625
vt 0.671875 0.390625
vt 0.671875 0.406250
vt 0.703125 0.406250
vt 0.703125 0.390625
vt 0.671875 0.390625
vt 0.671875 0.406250
vt 0.703125 0.406250
vt 0.703125 0.390625
vt 0.671875 0.390625
vt 0.876953 0.625000
vt 0.908203 0.625000
vt 0.908203 0.562500
vt 0.876953 0.562500
vt 0.876953 0.625000
vt 0.908203 0.625000
vt 0.908203 0.562500
vt 0.876953 0.562500
vt 0.421875 0.625000
vt 0.441406 0.625000
vt 0.441406 0.515625
vt 0.421875 0.515625
vt 0.421875 0.625000
vt 0.441406 0.625000
vt 0.441406 0.515625
vt 0.421875 0.515625
vt 0.421875 0.625000
vt 0.441406 0.625000
vt 0.441406 0.515625
vt 0.421875 0.515625
vt 0.421875 0.625000
vt 0.441406 0.625000
vt 0.441406 0.515625
vt 0.421875 0.515625
vt 0.671875 0.406250
vt 0.703125 0.406250
vt 0.703125 0.390625
vt 0.671875 0.390625
vt 0.671875 0.406250
vt 0.703125 0.406250
vt 0.703125 0.390625
vt 0.671875 0.390625
vt 0.671875 0.406250
vt 0.703125 0.406250
vt 0.703125 0.390625
vt 0.671875 0.390625
vt 0.671875 0.406250
vt 0.703125 0.406250
vt 0.703125 0.390625
vt 0.671875 0.390625
vt 0.876953 0.625000
vt 0.908203 0.625000
vt 0.908203 0.562500
vt 0.876953 0.562500
vt 0.876953 0.625000
vt 0.908203 0.625000
vt 0.908203 0.562500
vt 0.876953 0.562500
vt 0.421875 0.625000
vt 0.441406 0.625000
vt 0.441406 0.515625
vt 0.421875 0.515625
vt 0.421875 0.625000
vt 0.441406 0.625000
vt 0.441406 0.515625
vt 0.421875 0.515625
vt 0.421875 0.625000
vt 0.441406 0.625000
vt 0.441406 0.515625
vt 0.421875 0.515625
vt 0.421875 0.625000
vt 0.441406 0.625000
vt 0.441406 0.515625
vt 0.421875 0.515625
vt 0.671875 0.406250
vt 0.703125 0.406250
vt 0.703125 0.390625
vt 0.671875 0.390625
vt 0.671875 0.406250
vt 0.703125 0.406250
vt 0.703125 0.390625
vt 0.671875 0.390625
vt 0.671875 0.406250
vt 0.703125 0.406250
vt 0.703125 0.390625
vt 0.671875 0.390625
vt 0.671875 0.406250
vt 0.703125 0.406250
vt 0.703125 0.390625
vt 0.671875 0.390625
vt 0.876953 0.625000
vt 0.908203 0.625000
vt 0.908203 0.562500
vt 0.876953 0.562500
vt 0.876953 0.625000
vt 0.908203 0.625000
vt 0.908203 0.562500
vt 0.876953 0.562500
vt 0.421875 0.625000
vt 0.441406 0.625000
vt 0.441406 0.515625
vt 0.421875 0.515625
vt 0.421875 0.625000
vt 0.441406 0.625000
vt 0.441406 0.515625
vt 0.421875 0.515625
vt 0.421875 0.625000
vt 0.441406 0.625000
vt 0.441406 0.515625
vt 0.421875 0.515625
vt 0.421875 0.625000
vt 0.441406 0.625000
vt 0.441406 0.515625
vt 0.421875 0.515625
vt 0.671875 0.406250
vt 0.703125 0.406250
vt 0.703125 0.390625
vt 0.671875 0.390625
vt 0.671875 0.406250
vt 0.703125 0.406250
vt 0.703125 0.390625
vt 0.671875 0.390625
vt 0.671875 0.406250
vt 0.703125 0.406250
vt 0.703125 0.390625
vt 0.671875 0.390625
vt 0.671875 0.406250
vt 0.703125 0.406250
vt 0.703125 0.390625
vt 0.671875 0.390625
vt 0.876953 0.625000
vt 0.908203 0.625000
vt 0.908203 0.562500
vt 0.876953 0.562500
vt 0.876953 0.625000
vt 0.908203 0.625000
vt 0.908203 0.562500
vt 0.876953 0.562500
vt 0.421875 0.625000
vt 0.441406 0.625000
vt 0.441406 0.515625
vt 0.421875 0.515625
vt 0.421875 0.625000
vt 0.441406 0.625000
vt 0.441406 0.515625
vt 0.421875 0.515625
vt 0.421875 0.625000
vt 0.441406 0.625000
vt 0.441406 0.515625
vt 0.421875 0.515625
vt 0.421875 0.625000
vt 0.441406 0.625000
vt 0.441406 0.515625
vt 0.421875 0.515625
vt 0.671875 0.406250
vt 0.703125 0.406250
vt 0.703125 0.390625
vt 0.671875 0.390625
vt 0.671875 0.406250
vt 0.703125 0.406250
vt 0.703125 0.390625
vt 0.671875 0.390625
vt 0.671875 0.406250
vt 0.703125 0.406250
vt 0.703125 0.390625
vt 0.671875 0.390625
vt 0.671875 0.406250
vt 0.703125 0.406250
vt 0.703125 0.390625
vt 0.671875 0.390625
vt 0.876953 0.625000
vt 0.908203 0.625000
vt 0.908203 0.562500
vt 0.876953 0.562500
vt 0.876953 0.625000
vt 0.908203 0.625000
vt 0.908203 0.562500
vt 0.876953 0.562500
vt 0.421875 0.625000
vt 0.441406 0.625000
vt 0.441406 0.515625
vt 0.421875 0.515625
vt 0.421875 0.625000
vt 0.441406 0.625000
vt 0.441406 0.515625
vt 0.421875 0.515625
vt 0.421875 0.625000
vt 0.441406 0.625000
vt 0.441406 0.515625
vt 0.421875 0.515625
vt 0.421875 0.625000
vt 0.441406 0.625000
vt 0.441406 0.515625
vt 0.421875 0.515625
vt 0.671875 0.406250
vt 0.703125 0.406250
vt 0.703125 0.390625
vt 0.671875 0.390625
vt 0.671875 0.406250
vt 0.703125 0.406250
vt 0.703125 0.390625
vt 0.671875 0.390625
vt 0.671875 0.406250
vt 0.703125 0.406250
vt 0.703125 0.390625
vt 0.671875 0.390625
vt 0.671875 0.406250
vt 0.703125 0.406250
vt 0.703125 0.390625
vt 0.671875 0.390625
vt 0.876953 0.625000
vt 0.908203 0.625000
vt 0.908203 0.562500
vt 0.876953 0.562500
vt 0.876953 0.625000
vt 0.908203 0.625000
vt 0.908203 0.562500
vt 0.876953 0.562500
vt 0.421875 0.625000
vt 0.441406 0.625000
vt 0.441406 0.515625
vt 0.421875 0.515625
vt 0.421875 0.625000
vt 0.441406 0.625000
vt 0.441406 0.515625
vt 0.421875 0.515625
vt 0.421875 0.625000
vt 0.441406 0.625000
vt 0.441406 0.515625
vt 0.421875 0.515625
vt 0.421875 0.625000
vt 0.441406 0.625000
vt 0.441406 0.515625
vt 0.421875 0.515625
vt 0.671875 0.406250
vt 0.703125 0.406250
vt 0.703125 0.390625
vt 0.671875 0.390625
vt 0.671875 0.406250
vt 0.703125 0.406250
vt 0.703125 0.390625
vt 0.671875 0.390625
vt 0.671875 0.406250
vt 0.703125 0.406250
vt 0.703125 0.390625
vt 0.671875 0.390625
vt 0.671875 0.406250
vt 0.703125 0.406250
vt 0.703125 0.390625
vt 0.671875 0.390625
vt 0.876953 0.625000
vt 0.908203 0.625000
vt 0.908203 0.562500
vt 0.876953 0.562500
vt 0.876953 0.625000
vt 0.908203 0.625000
vt 0.908203 0.562500
vt 0.876953 0.562500
vt 0.421875 0.625000
vt 0.441406 0.625000
vt 0.441406 0.515625
vt 0.421875 0.515625
vt 0.421875 0.625000
vt 0.441406 0.625000
vt 0.441406 0.515625
vt 0.421875 0.515625
vt 0.421875 0.625000
vt 0.441406 0.625000
vt 0.441406 0.515625
vt 0.421875 0.515625
vt 0.421875 0.625000
vt 0.441406 0.625000
vt 0.441406 0.515625
vt 0.421875 0.515625
vt 0.671875 0.406250
vt 0.703125 0.406250
vt 0.703125 0.390625
vt 0.671875 0.390625
vt 0.671875 0.406250
vt 0.703125 0.406250
vt 0.703125 0.390625
vt 0.671875 0.390625
vt 0.671875 0.406250
vt 0.703125 0.406250
vt 0.703125 0.390625
vt 0.671875 0.390625
vt 0.671875 0.406250
vt 0.703125 0.406250
vt 0.703125 0.390625
vt 0.671875 0.390625
vt 0.876953 0.625000
vt 0.908203 0.625000
vt 0.908203 0.562500
vt 0.876953 0.562500
vt 0.876953 0.625000
vt 0.908203 0.625000
vt 0.908203 0.562500
vt 0.876953 0.562500
vt 0.421875 0.625000
vt 0.441406 0.625000
vt 0.441406 0.515625
vt 0.421875 0.515625
vt 0.421875 0.625000
vt 0.441406 0.625000
vt 0.441406 0.515625
vt 0.421875 0.515625
vt 0.421875 0.625000
vt 0.441406 0.625000
vt 0.441406 0.515625
vt 0.421875 0.515625
vt 0.421875 0.625000
vt 0.441406 0.625000
vt 0.441406 0.515625
vt 0.421875 0.515625
vt 0.671875 0.406250
vt 0.703125 0.406250
vt 0.703125 0.390625
vt 0.671875 0.390625
vt 0.671875 0.406250
vt 0.703125 0.406250
vt 0.703125 0.390625
vt 0.671875 0.390625
vt 0.671875 0.406250
vt 0.703125 0.406250
vt 0.703125 0.390625
vt 0.671875 0.390625
vt 0.671875 0.406250
vt 0.703125 0.406250
vt 0.703125 0.390625
vt 0.671875 0.390625
vt 0.876953 0.625000
vt 0.908203 0.625000
vt 0.908203 0.562500
vt 0.876953 0.562500
vt 0.876953 0.625000
vt 0.908203 0.625000
vt 0.908203 0.562500
vt 0.876953 0.562500
vt 0.421875 0.625000
vt 0.441406 0.625000
vt 0.441406 0.515625
vt 0.421875 0.515625
vt 0.421875 0.625000
vt 0.441406 0.625000
vt 0.441406 0.515625
vt 0.421875 0.515625
vt 0.421875 0.625000
vt 0.441406 0.625000
vt 0.441406 0.515625
vt 0.421875 0.515625
vt 0.421875 0.625000
vt 0.441406 0.625000
vt 0.441406 0.515625
vt 0.421875 0.515625
vt 0.671875 0.406250
vt 0.703125 0.406250
vt 0.703125 0.390625
vt 0.671875 0.390625
vt 0.671875 0.406250
vt 0.703125 0.406250
vt 0.703125 0.390625
vt 0.671875 0.390625
vt 0.671875 0.406250
vt 0.703125 0.406250
vt 0.703125 0.390625
vt 0.671875 0.390625
vt 0.671875 0.406250
vt 0.703125 0.406250
vt 0.703125 0.390625
vt 0.671875 0.390625
vt 0.876953 0.625000
vt 0.908203 0.625000
vt 0.908203 0.562500
vt 0.876953 0.562500
vt 0.876953 0.625000
vt 0.908203 0.625000
vt 0.908203 0.562500
vt 0.876953 0.562500
vt 0.421875 0.625000
vt 0.441406 0.625000
vt 0.441406 0.515625
vt 0.421875 0.515625
vt 0.421875 0.625000
vt 0.441406 0.625000
vt 0.441406 0.515625
vt 0.421875 0.515625
vt 0.421875 0.625000
vt 0.441406 0.625000
vt 0.441406 0.515625
vt 0.421875 0.515625
vt 0.421875 0.625000
vt 0.441406 0.625000
vt 0.441406 0.515625
vt 0.421875 0.515625
vt 0.671875 0.406250
vt 0.703125 0.406250
vt 0.703125 0.390625
vt 0.671875 0.390625
vt 0.671875 0.406250
vt 0.703125 0.406250
vt 0.703125 0.390625
vt 0.671875 0.390625
vt 0.671875 0.406250
vt 0.703125 0.406250
vt 0.703125 0.390625
vt 0.671875 0.390625
vt 0.671875 0.406250
vt 0.703125 0.406250
vt 0.703125 0.390625
vt 0.671875 0.390625
vt 0.876953 0.625000
vt 0.908203 0.625000
vt 0.908203 0.562500
vt 0.876953 0.562500
vt 0.876953 0.625000
vt 0.908203 0.625000
vt 0.908203 0.562500
vt 0.876953 0.562500
vt 0.421875 0.625000
vt 0.441406 0.625000
vt 0.441406 0.515625
vt 0.421875 0.515625
vt 0.421875 0.625000
vt 0.441406 0.625000
vt 0.441406 0.515625
vt 0.421875 0.515625
vt 0.421875 0.625000
vt 0.441406 0.625000
vt 0.441406 0.515625
vt 0.421875 0.515625
vt 0.421875 0.625000
vt 0.441406 0.625000
vt 0.441406 0.515625
vt 0.421875 0.515625
vt 0.671875 0.406250
vt 0.703125 0.406250
vt 0.703125 0.390625
vt 0.671875 0.390625
vt 0.671875 0.406250
vt 0.703125 0.406250
vt 0.703125 0.390625
vt 0.671875 0.390625
vt 0.671875 0.406250
vt 0.703125 0.406250
vt 0.703125 0.390625
vt 0.671875 0.390625
vt 0.671875 0.406250
vt 0.703125 0.406250
vt 0.703125 0.390625
vt 0.671875 0.390625
vt 0.876953 0.625000
vt 0.908203 0.625000
vt 0.908203 0.562500
vt 0.876953 0.562500
vt 0.876953 0.625000
vt 0.908203 0.625000
vt 0.908203 0.562500
vt 0.876953 0.562500
vt 0.421875 0.625000
vt 0.441406 0.625000
vt 0.441406 0.515625
vt 0.421875 0.515625
vt 0.421875 0.625000
vt 0.441406 0.625000
vt 0.441406 0.515625
vt 0.421875 0.515625
vt 0.421875 0.625000
vt 0.441406 0.625000
vt 0.441406 0.515625
vt 0.421875 0.515625
vt 0.421875 0.625000
vt 0.441406 0.625000
vt 0.441406 0.515625
vt 0.421875 0.515625
vt 0.671875 0.406250
vt 0.703125 0.406250
vt 0.703125 0.390625
vt 0.671875 0.390625
vt 0.671875 0.406250
vt 0.703125 0.406250
vt 0.703125 0.390625
vt 0.671875 0.390625
vt 0.671875 0.406250
vt 0.703125 0.406250
vt 0.703125 0.390625
vt 0.671875 0.390625
vt 0.671875 0.406250
vt 0.703125 0.406250
vt 0.703125 0.390625
vt 0.671875 0.390625
vt 0.876953 0.625000
vt 0.908203 0.625000
vt 0.908203 0.562500
vt 0.876953 0.562500
vt 0.876953 0.625000
vt 0.908203 0.625000
vt 0.908203 0.562500
vt 0.876953 0.562500
vt 0.972656 0.484375
vt 0.992188 0.484375
vt 0.992188 0.453125
vt 0.972656 0.453125
vt 0.972656 0.484375
vt 0.992188 0.484375
vt 0.992188 0.453125
vt 0.972656 0.453125
vt 0.972656 0.484375
vt 0.992188 0.484375
vt 0.992188 0.453125
vt 0.972656 0.453125
vt 0.972656 0.484375
vt 0.992188 0.484375
vt 0.992188 0.453125
vt 0.972656 0.453125
vt 0.671875 0.406250
vt 0.703125 0.406250
vt 0.703125 0.390625
vt 0.671875 0.390625
vt 0.671875 0.406250
vt 0.703125 0.406250
vt 0.703125 0.390625
vt 0.671875 0.390625
vt 0.671875 0.406250
vt 0.703125 0.406250
vt 0.703125 0.390625
vt 0.671875 0.390625
vt 0.671875 0.406250
vt 0.703125 0.406250
vt 0.703125 0.390625
vt 0.671875 0.390625
vt 0.876953 0.625000
vt 0.908203 0.625000
vt 0.908203 0.562500
vt 0.876953 0.562500
vt 0.876953 0.625000
vt 0.908203 0.625000
vt 0.908203 0.562500
vt 0.876953 0.562500
vt 0.835938 0.437500
vt 0.929688 0.437500
vt 0.929688 0.421875
vt 0.835938 0.421875
vt 0.835938 0.437500
vt 0.929688 0.437500
vt 0.929688 0.421875
vt 0.835938 0.421875
vt 0.929688 0.437500
vt 1.000000 0.437500
vt 1.000000 0.421875
vt 0.929688 0.421875
vt 0.929688 0.437500
vt 1.000000 0.437500
vt 1.000000 0.421875
vt 0.929688 0.421875
vt 0.822266 1.000000
vt 0.916016 1.000000
vt 0.916016 0.859375
vt 0.822266 0.859375
vt 0.000000 0.625000
vt 0.093750 0.625000
vt 0.093750 0.484375
vt 0.000000 0.484375
vt 0.265625 0.406250
vt 0.335938 0.406250
vt 0.335938 0.390625
vt 0.265625 0.390625
vt 0.265625 0.406250
vt 0.335938 0.406250
vt 0.335938 0.390625
vt 0.265625 0.390625
vt 0.738281 0.406250
vt 0.750000 0.406250
vt 0.750000 0.390625
vt 0.738281 0.390625
vt 0.738281 0.406250
vt 0.750000 0.406250
vt 0.750000 0.390625
vt 0.738281 0.390625
vt 0.351562 0.437500
vt 0.421875 0.437500
vt 0.421875 0.414062
vt 0.351562 0.414062
vt 0.421875 0.437500
vt 0.492188 0.437500
vt 0.492188 0.414062
vt 0.421875 0.414062
vt 0.265625 0.406250
vt 0.335938 0.406250
vt 0.335938 0.390625
vt 0.265625 0.390625
vt 0.265625 0.406250
vt 0.335938 0.406250
vt 0.335938 0.390625
vt 0.265625 0.390625
vt 0.738281 0.406250
vt 0.750000 0.406250
vt 0.750000 0.390625
vt 0.738281 0.390625
vt 0.738281 0.406250
vt 0.750000 0.406250
vt 0.750000 0.390625
vt 0.738281 0.390625
vt 0.351562 0.437500
vt 0.421875 0.437500
vt 0.421875 0.414062
vt 0.351562 0.414062
vt 0.421875 0.437500
vt 0.492188 0.437500
vt 0.492188 0.414062
vt 0.421875 0.414062
vt 0.777344 0.406250
vt 0.785156 0.406250
vt 0.785156 0.390625
vt 0.777344 0.390625
vt 0.777344 0.406250
vt 0.785156 0.406250
vt 0.785156 0.390625
vt 0.777344 0.390625
vt 0.777344 0.406250
vt 0.785156 0.406250
vt 0.785156 0.390625
vt 0.777344 0.390625
vt 0.777344 0.406250
vt 0.785156 0.406250
vt 0.785156 0.390625
vt 0.777344 0.390625
vt 0.777344 0.406250
vt 0.785156 0.406250
vt 0.785156 0.390625
vt 0.777344 0.390625
vt 0.777344 0.406250
vt 0.785156 0.406250
vt 0.785156 0.390625
vt 0.777344 0.390625
vt 0.777344 0.406250
vt 0.785156 0.406250
vt 0.785156 0.390625
vt 0.777344 0.390625
vt 0.777344 0.406250
vt 0.785156 0.406250
vt 0.785156 0.390625
vt 0.777344 0.390625
vt 0.777344 0.406250
vt 0.785156 0.406250
vt 0.785156 0.390625
vt 0.777344 0.390625
vt 0.777344 0.406250
vt 0.785156 0.406250
vt 0.785156 0.390625
vt 0.777344 0.390625
vt 0.777344 0.406250
vt 0.785156 0.406250
vt 0.785156 0.390625
vt 0.777344 0.390625
vt 0.777344 0.406250
vt 0.785156 0.406250
vt 0.785156 0.390625
vt 0.777344 0.390625
vt 0.777344 0.406250
vt 0.785156 0.406250
vt 0.785156 0.390625
vt 0.777344 0.390625
vt 0.777344 0.406250
vt 0.785156 0.406250
vt 0.785156 0.390625
vt 0.777344 0.390625
vt 0.777344 0.406250
vt 0.785156 0.406250
vt 0.785156 0.390625
vt 0.777344 0.390625
vt 0.777344 0.406250
vt 0.785156 0.406250
vt 0.785156 0.390625
vt 0.777344 0.390625
vt 0.777344 0.406250
vt 0.785156 0.406250
vt 0.785156 0.390625
vt 0.777344 0.390625
vt 0.777344 0.406250
vt 0.785156 0.406250
vt 0.785156 0.390625
vt 0.777344 0.390625
vt 0.777344 0.406250
vt 0.785156 0.406250
vt 0.785156 0.390625
vt 0.777344 0.390625
vt 0.777344 0.406250
vt 0.785156 0.406250
vt 0.785156 0.390625
vt 0.777344 0.390625
vt 0.000000 0.406250
vt 0.093750 0.406250
vt 0.093750 0.390625
vt 0.000000 0.390625
vt 0.000000 0.406250
vt 0.093750 0.406250
vt 0.093750 0.390625
vt 0.000000 0.390625
vt 0.335938 0.406250
vt 0.406250 0.406250
vt 0.406250 0.390625
vt 0.335938 0.390625
vt 0.335938 0.406250
vt 0.406250 0.406250
vt 0.406250 0.390625
vt 0.335938 0.390625
vt 0.093750 0.625000
vt 0.187500 0.625000
vt 0.187500 0.484375
vt 0.093750 0.484375
vt 0.187500 0.625000
vt 0.281250 0.625000
vt 0.281250 0.484375
vt 0.187500 0.484375
vt 0.406250 0.406250
vt 0.476562 0.406250
vt 0.476562 0.390625
vt 0.406250 0.390625
vt 0.406250 0.406250
vt 0.476562 0.406250
vt 0.476562 0.390625
vt 0.406250 0.390625
vt 0.750000 0.406250
vt 0.761719 0.406250
vt 0.761719 0.390625
vt 0.750000 0.390625
vt 0.750000 0.406250
vt 0.761719 0.406250
vt 0.761719 0.390625
vt 0.750000 0.390625
vt 0.492188 0.437500
vt 0.562500 0.437500
vt 0.562500 0.414062
vt 0.492188 0.414062
vt 0.562500 0.437500
vt 0.632812 0.437500
vt 0.632812 0.414062
vt 0.562500 0.414062
vt 0.406250 0.406250
vt 0.476562 0.406250
vt 0.476562 0.390625
vt 0.406250 0.390625
vt 0.406250 0.406250
vt 0.476562 0.406250
vt 0.476562 0.390625
vt 0.406250 0.390625
vt 0.750000 0.406250
vt 0.761719 0.406250
vt 0.761719 0.390625
vt 0.750000 0.390625
vt 0.750000 0.406250
vt 0.761719 0.406250
vt 0.761719 0.390625
vt 0.750000 0.390625
vt 0.492188 0.437500
vt 0.562500 0.437500
vt 0.562500 0.414062
vt 0.492188 0.414062
vt 0.562500 0.437500
vt 0.632812 0.437500
vt 0.632812 0.414062
vt 0.562500 0.414062
vt 0.785156 0.406250
vt 0.792969 0.406250
vt 0.792969 0.390625
vt 0.785156 0.390625
vt 0.785156 0.406250
vt 0.792969 0.406250
vt 0.792969 0.390625
vt 0.785156 0.390625
vt 0.785156 0.406250
vt 0.792969 0.406250
vt 0.792969 0.390625
vt 0.785156 0.390625
vt 0.785156 0.406250
vt 0.792969 0.406250
vt 0.792969 0.390625
vt 0.785156 0.390625
vt 0.785156 0.406250
vt 0.792969 0.406250
vt 0.792969 0.390625
vt 0.785156 0.390625
vt 0.785156 0.406250
vt 0.792969 0.406250
vt 0.792969 0.390625
vt 0.785156 0.390625
vt 0.785156 0.406250
vt 0.792969 0.406250
vt 0.792969 0.390625
vt 0.785156 0.390625
vt 0.785156 0.406250
vt 0.792969 0.406250
vt 0.792969 0.390625
vt 0.785156 0.390625
vt 0.785156 0.406250
vt 0.792969 0.406250
vt 0.792969 0.390625
vt 0.785156 0.390625
vt 0.785156 0.406250
vt 0.792969 0.406250
vt 0.792969 0.390625
vt 0.785156 0.390625
vt 0.785156 0.406250
vt 0.792969 0.406250
vt 0.792969 0.390625
vt 0.785156 0.390625
vt 0.785156 0.406250
vt 0.792969 0.406250
vt 0.792969 0.390625
vt 0.785156 0.390625
vt 0.785156 0.406250
vt 0.792969 0.406250
vt 0.792969 0.390625
vt 0.785156 0.390625
vt 0.785156 0.406250
vt 0.792969 0.406250
vt 0.792969 0.390625
vt 0.785156 0.390625
vt 0.785156 0.406250
vt 0.792969 0.406250
vt 0.792969 0.390625
vt 0.785156 0.390625
vt 0.785156 0.406250
vt 0.792969 0.406250
vt 0.792969 0.390625
vt 0.785156 0.390625
vt 0.785156 0.406250
vt 0.792969 0.406250
vt 0.792969 0.390625
vt 0.785156 0.390625
vt 0.785156 0.406250
vt 0.792969 0.406250
vt 0.792969 0.390625
vt 0.785156 0.390625
vt 0.785156 0.406250
vt 0.792969 0.406250
vt 0.792969 0.390625
vt 0.785156 0.390625
vt 0.785156 0.406250
vt 0.792969 0.406250
vt 0.792969 0.390625
vt 0.785156 0.390625
vt 0.527344 1.000000
vt 0.535156 1.000000
vt 0.535156 0.781250
vt 0.527344 0.781250
vt 0.527344 1.000000
vt 0.535156 1.000000
vt 0.535156 0.781250
vt 0.527344 0.781250
vt 0.527344 1.000000
vt 0.535156 1.000000
vt 0.535156 0.781250
vt 0.527344 0.781250
vt 0.527344 1.000000
vt 0.535156 1.000000
vt 0.535156 0.781250
vt 0.527344 0.781250
vt 0.527344 1.000000
vt 0.535156 1.000000
vt 0.535156 0.781250
vt 0.527344 0.781250
vt 0.527344 1.000000
vt 0.535156 1.000000
vt 0.535156 0.781250
vt 0.527344 0.781250
vt 0.527344 1.000000
vt 0.535156 1.000000
vt 0.535156 0.781250
vt 0.527344 0.781250
vt 0.527344 1.000000
vt 0.535156 1.000000
vt 0.535156 0.781250
vt 0.527344 0.781250
vt 0.527344 1.000000
vt 0.535156 1.000000
vt 0.535156 0.781250
vt 0.527344 0.781250
vt 0.527344 1.000000
vt 0.535156 1.000000
vt 0.535156 0.781250
vt 0.527344 0.781250
vt 0.527344 1.000000
vt 0.535156 1.000000
vt 0.535156 0.781250
vt 0.527344 0.781250
vt 0.527344 1.000000
vt 0.535156 1.000000
vt 0.535156 0.781250
vt 0.527344 0.781250
vt 0.527344 1.000000
vt 0.535156 1.000000
vt 0.535156 0.781250
vt 0.527344 0.781250
vt 0.527344 1.000000
vt 0.535156 1.000000
vt 0.535156 0.781250
vt 0.527344 0.781250
vt 0.527344 1.000000
vt 0.535156 1.000000
vt 0.535156 0.781250
vt 0.527344 0.781250
vt 0.527344 1.000000
vt 0.535156 1.000000
vt 0.535156 0.781250
vt 0.527344 0.781250
vt 0.281250 1.000000
vt 0.351562 1.000000
vt 0.351562 0.781250
vt 0.281250 0.781250
vt 0.351562 1.000000
vt 0.421875 1.000000
vt 0.421875 0.781250
vt 0.351562 0.781250
vt 0.535156 1.000000
vt 0.542969 1.000000
vt 0.542969 0.781250
vt 0.535156 0.781250
vt 0.535156 1.000000
vt 0.542969 1.000000
vt 0.542969 0.781250
vt 0.535156 0.781250
vt 0.281250 0.625000
vt 0.351562 0.625000
vt 0.351562 0.515625
vt 0.281250 0.515625
vt 0.351562 0.625000
vt 0.421875 0.625000
vt 0.421875 0.515625
vt 0.351562 0.515625
vt 0.988281 1.000000
vt 0.996094 1.000000
vt 0.996094 0.890625
vt 0.988281 0.890625
vt 0.988281 1.000000
vt 0.996094 1.000000
vt 0.996094 0.890625
vt 0.988281 0.890625
vt 0.476562 0.406250
vt 0.546875 0.406250
vt 0.546875 0.390625
vt 0.476562 0.390625
vt 0.000000 0.484375
vt 0.070312 0.484375
vt 0.070312 0.437500
vt 0.000000 0.437500
vt 0.070312 0.484375
vt 0.140625 0.484375
vt 0.140625 0.437500
vt 0.070312 0.437500
vt 0.990234 0.625000
vt 0.998047 0.625000
vt 0.998047 0.578125
vt 0.990234 0.578125
vt 0.990234 0.625000
vt 0.998047 0.625000
vt 0.998047 0.578125
vt 0.990234 0.578125
vt 0.476562 0.406250
vt 0.546875 0.406250
vt 0.546875 0.390625
vt 0.476562 0.390625
vt 0.673828 0.625000
vt 0.744141 0.625000
vt 0.744141 0.562500
vt 0.673828 0.562500
vt 0.673828 0.625000
vt 0.744141 0.625000
vt 0.744141 0.562500
vt 0.673828 0.562500
vt 0.988281 1.000000
vt 0.996094 1.000000
vt 0.996094 0.890625
vt 0.988281 0.890625
vt 0.988281 1.000000
vt 0.996094 1.000000
vt 0.996094 0.890625
vt 0.988281 0.890625
vt 0.351562 0.625000
vt 0.421875 0.625000
vt 0.421875 0.515625
vt 0.351562 0.515625
vt 0.281250 0.625000
vt 0.351562 0.625000
vt 0.351562 0.515625
vt 0.281250 0.515625
vt 0.916016 1.000000
vt 0.923828 1.000000
vt 0.923828 0.859375
vt 0.916016 0.859375
vt 0.990234 0.625000
vt 0.998047 0.625000
vt 0.998047 0.578125
vt 0.990234 0.578125
vt 0.990234 0.625000
vt 0.998047 0.625000
vt 0.998047 0.578125
vt 0.990234 0.578125
vt 0.070312 0.484375
vt 0.140625 0.484375
vt 0.140625 0.437500
vt 0.070312 0.437500
vt 0.000000 0.484375
vt 0.070312 0.484375
vt 0.070312 0.437500
vt 0.000000 0.437500
vt 0.916016 1.000000
vt 0.923828 1.000000
vt 0.923828 0.859375
vt 0.916016 0.859375
vt 0.673828 0.625000
vt 0.744141 0.625000
vt 0.744141 0.562500
vt 0.673828 0.562500
vt 0.673828 0.625000
vt 0.744141 0.625000
vt 0.744141 0.562500
vt 0.673828 0.562500
vt 0.542969 1.000000
vt 0.550781 1.000000
vt 0.550781 0.781250
vt 0.542969 0.781250
vt 0.550781 1.000000
vt 0.558594 1.000000
vt 0.558594 0.781250
vt 0.550781 0.781250
vt 0.492188 1.000000
vt 0.509766 1.000000
vt 0.509766 0.781250
vt 0.492188 0.781250
vt 0.509766 1.000000
vt 0.527344 1.000000
vt 0.527344 0.781250
vt 0.509766 0.781250
vt 0.550781 1.000000
vt 0.558594 1.000000
vt 0.558594 0.781250
vt 0.550781 0.781250
vt 0.542969 1.000000
vt 0.550781 1.000000
vt 0.550781 0.781250
vt 0.542969 0.781250
vt 0.492188 1.000000
vt 0.509766 1.000000
vt 0.509766 0.781250
vt 0.492188 0.781250
vt 0.509766 1.000000
vt 0.527344 1.000000
vt 0.527344 0.781250
vt 0.509766 0.781250
vt 0.402344 0.484375
vt 0.425781 0.484375
vt 0.425781 0.445312
vt 0.402344 0.445312
vt 0.402344 0.484375
vt 0.425781 0.484375
vt 0.425781 0.445312
vt 0.402344 0.445312
vt 0.332031 0.484375
vt 0.371094 0.484375
vt 0.371094 0.445312
vt 0.332031 0.445312
vt 0.636719 0.625000
vt 0.660156 0.625000
vt 0.660156 0.546875
vt 0.636719 0.546875
vt 0.935547 0.625000
vt 0.943359 0.625000
vt 0.943359 0.562500
vt 0.935547 0.562500
vt 0.935547 0.625000
vt 0.943359 0.625000
vt 0.943359 0.562500
vt 0.935547 0.562500
vt 0.744141 0.625000
vt 0.783203 0.625000
vt 0.783203 0.562500
vt 0.744141 0.562500
vt 0.660156 0.625000
vt 0.667969 0.625000
vt 0.667969 0.546875
vt 0.660156 0.546875
vt 0.660156 0.625000
vt 0.667969 0.625000
vt 0.667969 0.546875
vt 0.660156 0.546875
vt 0.679688 0.437500
vt 0.714844 0.437500
vt 0.714844 0.414062
vt 0.679688 0.414062
vt 0.781250 0.437500
vt 0.792969 0.437500
vt 0.792969 0.414062
vt 0.781250 0.414062
vt 0.792969 0.437500
vt 0.804688 0.437500
vt 0.804688 0.414062
vt 0.792969 0.414062
vt 0.714844 0.437500
vt 0.750000 0.437500
vt 0.750000 0.414062
vt 0.714844 0.414062
vt 0.679688 0.437500
vt 0.714844 0.437500
vt 0.714844 0.414062
vt 0.679688 0.414062
vt 0.257812 0.390625
vt 0.273438 0.390625
vt 0.273438 0.382812
vt 0.257812 0.382812
vt 0.257812 0.390625
vt 0.273438 0.390625
vt 0.273438 0.382812
vt 0.257812 0.382812
vt 0.257812 0.390625
vt 0.273438 0.390625
vt 0.273438 0.382812
vt 0.257812 0.382812
vt 0.257812 0.390625
vt 0.273438 0.390625
vt 0.273438 0.382812
vt 0.257812 0.382812
vt 0.250000 0.437500
vt 0.265625 0.437500
vt 0.265625 0.406250
vt 0.250000 0.406250
vt 0.109375 0.390625
vt 0.179688 0.390625
vt 0.179688 0.382812
vt 0.109375 0.382812
vt 0.277344 0.390625
vt 0.279297 0.390625
vt 0.279297 0.382812
vt 0.277344 0.382812
vt 0.277344 0.390625
vt 0.279297 0.390625
vt 0.279297 0.382812
vt 0.277344 0.382812
vt 0.375000 0.390625
vt 0.445312 0.390625
vt 0.445312 0.386719
vt 0.375000 0.386719
vt 0.375000 0.390625
vt 0.445312 0.390625
vt 0.445312 0.386719
vt 0.375000 0.386719
vt 0.277344 0.390625
vt 0.279297 0.390625
vt 0.279297 0.382812
vt 0.277344 0.382812
vt 0.277344 0.390625
vt 0.279297 0.390625
vt 0.279297 0.382812
vt 0.277344 0.382812
vt 0.109375 0.390625
vt 0.179688 0.390625
vt 0.179688 0.382812
vt 0.109375 0.382812
vt 0.923828 1.000000
vt 0.925781 1.000000
vt 0.925781 0.859375
vt 0.923828 0.859375
vt 0.923828 1.000000
vt 0.925781 1.000000
vt 0.925781 0.859375
vt 0.923828 0.859375
vt 0.720703 1.000000
vt 0.751953 1.000000
vt 0.751953 0.812500
vt 0.720703 0.812500
vt 0.767578 1.000000
vt 0.771484 1.000000
vt 0.771484 0.812500
vt 0.767578 0.812500
vt 0.767578 1.000000
vt 0.771484 1.000000
vt 0.771484 0.812500
vt 0.767578 0.812500
vt 0.210938 0.390625
vt 0.242188 0.390625
vt 0.242188 0.382812
vt 0.210938 0.382812
vt 0.210938 0.390625
vt 0.242188 0.390625
vt 0.242188 0.382812
vt 0.210938 0.382812
vt 0.943359 0.625000
vt 0.966797 0.625000
vt 0.966797 0.578125
vt 0.943359 0.578125
vt 0.966797 0.625000
vt 0.990234 0.625000
vt 0.990234 0.578125
vt 0.966797 0.578125
vt 0.943359 0.625000
vt 0.966797 0.625000
vt 0.966797 0.578125
vt 0.943359 0.578125
vt 0.943359 0.625000
vt 0.966797 0.625000
vt 0.966797 0.578125
vt 0.943359 0.578125
vt 0.943359 0.625000
vt 0.966797 0.625000
vt 0.966797 0.578125
vt 0.943359 0.578125
vt 0.943359 0.625000
vt 0.966797 0.625000
vt 0.966797 0.578125
vt 0.943359 0.578125
vt 0.943359 0.625000
vt 0.966797 0.625000
vt 0.966797 0.578125
vt 0.943359 0.578125
vt 0.966797 0.625000
vt 0.990234 0.625000
vt 0.990234 0.578125
vt 0.966797 0.578125
vt 0.943359 0.625000
vt 0.966797 0.625000
vt 0.966797 0.578125
vt 0.943359 0.578125
vt 0.943359 0.625000
vt 0.966797 0.625000
vt 0.966797 0.578125
vt 0.943359 0.578125
vt 0.943359 0.625000
vt 0.966797 0.625000
vt 0.966797 0.578125
vt 0.943359 0.578125
vt 0.943359 0.625000
vt 0.966797 0.625000
vt 0.966797 0.578125
vt 0.943359 0.578125
vt 0.445312 0.390625
vt 0.457031 0.390625
vt 0.457031 0.386719
vt 0.445312 0.386719
vt 0.445312 0.390625
vt 0.457031 0.390625
vt 0.457031 0.386719
vt 0.445312 0.386719
vt 0.445312 0.390625
vt 0.457031 0.390625
vt 0.457031 0.386719
vt 0.445312 0.386719
vt 0.445312 0.390625
vt 0.457031 0.390625
vt 0.457031 0.386719
vt 0.445312 0.386719
vt 0.804688 0.437500
vt 0.816406 0.437500
vt 0.816406 0.414062
vt 0.804688 0.414062
vt 0.558594 1.000000
vt 0.564453 1.000000
vt 0.564453 0.781250
vt 0.558594 0.781250
vt 0.558594 1.000000
vt 0.564453 1.000000
vt 0.564453 0.781250
vt 0.558594 0.781250
vt 0.421875 1.000000
vt 0.457031 1.000000
vt 0.457031 0.781250
vt 0.421875 0.781250
vt 0.457031 1.000000
vt 0.492188 1.000000
vt 0.492188 0.781250
vt 0.457031 0.781250
vt 0.667969 0.625000
vt 0.673828 0.625000
vt 0.673828 0.554688
vt 0.667969 0.554688
vt 0.667969 0.625000
vt 0.673828 0.625000
vt 0.673828 0.554688
vt 0.667969 0.554688
vt 0.996094 1.000000
vt 0.998047 1.000000
vt 0.998047 0.953125
vt 0.996094 0.953125
vt 0.996094 1.000000
vt 0.998047 1.000000
vt 0.998047 0.953125
vt 0.996094 0.953125
vt 0.140625 0.484375
vt 0.160156 0.484375
vt 0.160156 0.437500
vt 0.140625 0.437500
vt 0.998047 1.000000
vt 1.000000 1.000000
vt 1.000000 0.960938
vt 0.998047 0.960938
vt 0.998047 1.000000
vt 1.000000 1.000000
vt 1.000000 0.960938
vt 0.998047 0.960938
vt 0.998047 0.625000
vt 1.000000 0.625000
vt 1.000000 0.601562
vt 0.998047 0.601562
vt 0.998047 0.625000
vt 1.000000 0.625000
vt 1.000000 0.601562
vt 0.998047 0.601562
vt 0.832031 0.437500
vt 0.835938 0.437500
vt 0.835938 0.414062
vt 0.832031 0.414062
vt 0.279297 0.390625
vt 0.281250 0.390625
vt 0.281250 0.382812
vt 0.279297 0.382812
vt 0.279297 0.390625
vt 0.281250 0.390625
vt 0.281250 0.382812
vt 0.279297 0.382812
vn 0 0 -1
vn 0 0 1
vn -1 0 0
vn 1 0 0
vn 0 1 0
vn 0 -1 0
usemtl space_elevator
o Anchor
f 1/1/1 4/4/1 3/3/1 2/2/1
f 5/5/2 8/8/2 7/7/2 6/6/2
f 9/9/3 12/12/3 11/11/3 10/10/3
f 13/13/4 16/16/4 15/15/4 14/14/4
f 17/17/5 20/20/5 19/19/5 18/18/5
f 21/21/1 24/24/1 23/23/1 22/22/1
f 25/25/2 28/28/2 27/27/2 26/26/2
f 29/29/3 32/32/3 31/31/3 30/30/3
f 33/33/4 36/36/4 35/35/4 34/34/4
f 37/37/5 40/40/5 39/39/5 38/38/5
f 41/41/1 44/44/1 43/43/1 42/42/1
f 45/45/2 48/48/2 47/47/2 46/46/2
f 49/49/3 52/52/3 51/51/3 50/50/3
f 53/53/4 56/56/4 55/55/4 54/54/4
f 57/57/5 60/60/5 59/59/5 58/58/5
f 61/61/1 64/64/1 63/63/1 62/62/1
f 65/65/2 68/68/2 67/67/2 66/66/2
f 69/69/3 72/72/3 71/71/3 70/70/3
f 73/73/4 76/76/4 75/75/4 74/74/4
f 77/77/5 80/80/5 79/79/5 78/78/5
f 81/81/1 84/84/1 83/83/1 82/82/1
f 85/85/2 88/88/2 87/87/2 86/86/2
f 89/89/3 92/92/3 91/91/3 90/90/3
f 93/93/4 96/96/4 95/95/4 94/94/4
f 97/97/1 100/100/1 99/99/1 98/98/1
f 101/101/2 104/104/2 103/103/2 102/102/2
f 105/105/3 108/108/3 107/107/3 106/106/3
f 109/109/4 112/112/4 111/111/4 110/110/4
f 113/113/5 116/116/5 115/115/5 114/114/5
f 117/117/6 120/120/6 119/119/6 118/118/6
f 121/121/1 124/124/1 123/123/1 122/122/1
f 125/125/2 128/128/2 127/127/2 126/126/2
f 129/129/3 132/132/3 131/131/3 130/130/3
f 133/133/4 136/136/4 135/135/4 134/134/4
f 137/137/5 140/140/5 139/139/5 138/138/5
f 141/141/1 144/144/1 143/143/1 142/142/1
f 145/145/2 148/148/2 147/147/2 146/146/2
f 149/149/3 152/152/3 151/151/3 150/150/3
f 153/153/4 156/156/4 155/155/4 154/154/4
f 157/157/5 160/160/5 159/159/5 158/158/5
f 161/161/1 164/164/1 163/163/1 162/162/1
f 165/165/2 168/168/2 167/167/2 166/166/2
f 169/169/3 172/172/3 171/171/3 170/170/3
f 173/173/4 176/176/4 175/175/4 174/174/4
f 177/177/1 180/180/1 179/179/1 178/178/1
f 181/181/2 184/184/2 183/183/2 182/182/2
f 185/185/3 188/188/3 187/187/3 186/186/3
f 189/189/4 192/192/4 191/191/4 190/190/4
f 193/193/5 196/196/5 195/195/5 194/194/5
f 197/197/6 200/200/6 199/199/6 198/198/6
f 201/201/1 204/204/1 203/203/1 202/202/1
f 205/205/2 208/208/2 207/207/2 206/206/2
f 209/209/3 212/212/3 211/211/3 210/210/3
f 213/213/4 216/216/4 215/215/4 214/214/4
f 217/217/5 220/220/5 219/219/5 218/218/5
f 221/221/1 224/224/1 223/223/1 222/222/1
f 225/225/2 228/228/2 227/227/2 226/226/2
f 229/229/3 232/232/3 231/231/3 230/230/3
f 233/233/4 236/236/4 235/235/4 234/234/4
f 237/237/5 240/240/5 239/239/5 238/238/5
f 241/241/1 244/244/1 243/243/1 242/242/1
f 245/245/2 248/248/2 247/247/2 246/246/2
f 249/249/3 252/252/3 251/251/3 250/250/3
f 253/253/4 256/256/4 255/255/4 254/254/4
f 257/257/1 260/260/1 259/259/1 258/258/1
f 261/261/2 264/264/2 263/263/2 262/262/2
f 265/265/3 268/268/3 267/267/3 266/266/3
f 269/269/4 272/272/4 271/271/4 270/270/4
f 273/273/5 276/276/5 275/275/5 274/274/5
f 277/277/6 280/280/6 279/279/6 278/278/6
f 281/281/1 284/284/1 283/283/1 282/282/1
f 285/285/2 288/288/2 287/287/2 286/286/2
f 289/289/3 292/292/3 291/291/3 290/290/3
f 293/293/4 296/296/4 295/295/4 294/294/4
f 297/297/5 300/300/5 299/299/5 298/298/5
f 301/301/1 304/304/1 303/303/1 302/302/1
f 305/305/2 308/308/2 307/307/2 306/306/2
f 309/309/3 312/312/3 311/311/3 310/310/3
f 313/313/4 316/316/4 315/315/4 314/314/4
f 317/317/5 320/320/5 319/319/5 318/318/5
f 321/321/1 324/324/1 323/323/1 322/322/1
f 325/325/2 328/328/2 327/327/2 326/326/2
f 329/329/3 332/332/3 331/331/3 330/330/3
f 333/333/4 336/336/4 335/335/4 334/334/4
f 337/337/1 340/340/1 339/339/1 338/338/1
f 341/341/2 344/344/2 343/343/2 342/342/2
f 345/345/3 348/348/3 347/347/3 346/346/3
f 349/349/4 352/352/4 351/351/4 350/350/4
f 353/353/5 356/356/5 355/355/5 354/354/5
f 357/357/6 360/360/6 359/359/6 358/358/6
f 361/361/1 364/364/1 363/363/1 362/362/1
f 365/365/2 368/368/2 367/367/2 366/366/2
f 369/369/3 372/372/3 371/371/3 370/370/3
f 373/373/4 376/376/4 375/375/4 374/374/4
f 377/377/5 380/380/5 379/379/5 378/378/5
f 11845/381/1 11846/384/1 11847/383/1 11848/382/1
f 385/385/2 388/388/2 387/387/2 386/386/2
f 389/389/3 392/392/3 391/391/3 390/390/3
f 11849/393/4 11850/396/4 11851/395/4 11852/394/4
f 397/397/5 400/400/5 399/399/5 398/398/5
f 401/401/1 404/404/1 403/403/1 402/402/1
f 405/405/2 408/408/2 407/407/2 406/406/2
f 409/409/3 412/412/3 411/411/3 410/410/3
f 413/413/4 416/416/4 415/415/4 414/414/4
f 417/417/5 420/420/5 419/419/5 418/418/5
f 421/421/1 424/424/1 423/423/1 422/422/1
f 425/425/2 428/428/2 427/427/2 426/426/2
f 429/429/3 432/432/3 431/431/3 430/430/3
f 433/433/4 436/436/4 435/435/4 434/434/4
f 437/437/5 440/440/5 439/439/5 438/438/5
f 441/441/1 444/444/1 443/443/1 442/442/1
f 445/445/2 448/448/2 447/447/2 446/446/2
f 449/449/3 452/452/3 451/451/3 450/450/3
f 453/453/4 456/456/4 455/455/4 454/454/4
f 457/457/5 460/460/5 459/459/5 458/458/5
f 461/461/1 464/464/1 463/463/1 462/462/1
f 465/465/2 468/468/2 467/467/2 466/466/2
f 469/469/3 472/472/3 471/471/3 470/470/3
f 473/473/4 476/476/4 475/475/4 474/474/4
f 477/477/5 480/480/5 479/479/5 478/478/5
f 481/481/1 484/484/1 483/483/1 482/482/1
f 485/485/2 488/488/2 487/487/2 486/486/2
f 489/489/3 492/492/3 491/491/3 490/490/3
f 493/493/4 496/496/4 495/495/4 494/494/4
f 497/497/5 500/500/5 499/499/5 498/498/5
f 501/501/1 504/504/1 503/503/1 502/502/1
f 505/505/2 508/508/2 507/507/2 506/506/2
f 509/509/3 512/512/3 511/511/3 510/510/3
f 513/513/4 516/516/4 515/515/4 514/514/4
f 517/517/5 520/520/5 519/519/5 518/518/5
f 521/521/1 524/524/1 523/523/1 522/522/1
f 525/525/2 528/528/2 527/527/2 526/526/2
f 529/529/3 532/532/3 531/531/3 530/530/3
f 533/533/4 536/536/4 535/535/4 534/534/4
f 537/537/5 540/540/5 539/539/5 538/538/5
f 541/541/1 544/544/1 543/543/1 542/542/1
f 545/545/2 548/548/2 547/547/2 546/546/2
f 549/549/3 552/552/3 551/551/3 550/550/3
f 553/553/4 556/556/4 555/555/4 554/554/4
f 557/557/5 560/560/5 559/559/5 558/558/5
f 561/561/1 564/564/1 563/563/1 562/562/1
f 565/565/2 568/568/2 567/567/2 566/566/2
f 569/569/3 572/572/3 571/571/3 570/570/3
f 573/573/4 576/576/4 575/575/4 574/574/4
f 577/577/5 580/580/5 579/579/5 578/578/5
f 581/581/1 584/584/1 583/583/1 582/582/1
f 585/585/2 588/588/2 587/587/2 586/586/2
f 589/589/3 592/592/3 591/591/3 590/590/3
f 593/593/4 596/596/4 595/595/4 594/594/4
f 597/597/5 600/600/5 599/599/5 598/598/5
f 601/601/1 604/604/1 603/603/1 602/602/1
f 605/605/2 608/608/2 607/607/2 606/606/2
f 609/609/3 612/612/3 611/611/3 610/610/3
f 613/613/4 616/616/4 615/615/4 614/614/4
f 617/617/5 620/620/5 619/619/5 618/618/5
f 621/621/1 624/624/1 623/623/1 622/622/1
f 625/625/2 628/628/2 627/627/2 626/626/2
f 629/629/3 632/632/3 631/631/3 630/630/3
f 633/633/4 636/636/4 635/635/4 634/634/4
f 637/637/5 640/640/5 639/639/5 638/638/5
f 641/641/1 644/644/1 643/643/1 642/642/1
f 645/645/2 648/648/2 647/647/2 646/646/2
f 649/649/3 652/652/3 651/651/3 650/650/3
f 653/653/4 656/656/4 655/655/4 654/654/4
f 657/657/5 660/660/5 659/659/5 658/658/5
f 661/661/1 664/664/1 663/663/1 662/662/1
f 665/665/2 668/668/2 667/667/2 666/666/2
f 669/669/3 672/672/3 671/671/3 670/670/3
f 673/673/4 676/676/4 675/675/4 674/674/4
f 677/677/5 680/680/5 679/679/5 678/678/5
f 681/681/6 684/684/6 683/683/6 682/682/6
f 685/685/1 688/688/1 687/687/1 686/686/1
f 689/689/2 692/692/2 691/691/2 690/690/2
f 693/693/3 696/696/3 695/695/3 694/694/3
f 697/697/4 700/700/4 699/699/4 698/698/4
f 701/701/5 704/704/5 703/703/5 702/702/5
f 705/705/6 708/708/6 707/707/6 706/706/6
f 709/709/1 712/712/1 711/711/1 710/710/1
f 713/713/2 716/716/2 715/715/2 714/714/2
f 717/717/3 720/720/3 719/719/3 718/718/3
f 721/721/4 724/724/4 723/723/4 722/722/4
f 725/725/5 728/728/5 727/727/5 726/726/5
f 729/729/6 732/732/6 731/731/6 730/730/6
f 733/733/1 736/736/1 735/735/1 734/734/1
f 737/737/2 740/740/2 739/739/2 738/738/2
f 741/741/3 744/744/3 743/743/3 742/742/3
f 745/745/4 748/748/4 747/747/4 746/746/4
f 749/749/5 752/752/5 751/751/5 750/750/5
f 753/753/6 756/756/6 755/755/6 754/754/6
f 757/757/3 760/760/3 759/759/3 758/758/3
f 761/761/4 764/764/4 763/763/4 762/762/4
f 765/765/1 768/768/1 767/767/1 766/766/1
f 769/769/2 772/772/2 771/771/2 770/770/2
f 773/773/3 776/776/3 775/775/3 774/774/3
f 777/777/4 780/780/4 779/779/4 778/778/4
f 781/781/5 784/784/5 783/783/5 782/782/5
f 785/785/6 788/788/6 787/787/6 786/786/6
f 789/789/1 792/792/1 791/791/1 790/790/1
f 793/793/2 796/796/2 795/795/2 794/794/2
f 797/797/3 800/800/3 799/799/3 798/798/3
f 801/801/4 804/804/4 803/803/4 802/802/4
f 805/805/5 808/808/5 807/807/5 806/806/5
f 809/809/6 812/812/6 811/811/6 810/810/6
f 813/813/1 816/816/1 815/815/1 814/814/1
f 817/817/2 820/820/2 819/819/2 818/818/2
f 821/821/3 824/824/3 823/823/3 822/822/3
f 825/825/4 828/828/4 827/827/4 826/826/4
f 829/829/5 832/832/5 831/831/5 830/830/5
f 833/833/6 836/836/6 835/835/6 834/834/6
f 837/837/1 840/840/1 839/839/1 838/838/1
f 841/841/2 844/844/2 843/843/2 842/842/2
f 845/845/3 848/848/3 847/847/3 846/846/3
f 849/849/4 852/852/4 851/851/4 850/850/4
f 853/853/5 856/856/5 855/855/5 854/854/5
f 857/857/6 860/860/6 859/859/6 858/858/6
f 861/861/1 864/864/1 863/863/1 862/862/1
f 865/865/2 868/868/2 867/867/2 866/866/2
f 869/869/3 872/872/3 871/871/3 870/870/3
f 873/873/4 876/876/4 875/875/4 874/874/4
f 877/877/5 880/880/5 879/879/5 878/878/5
o Tether
f 881/881/1 884/884/1 883/883/1 882/882/1
f 885/885/2 888/888/2 887/887/2 886/886/2
f 889/889/3 892/892/3 891/891/3 890/890/3
f 893/893/4 896/896/4 895/895/4 894/894/4
f 897/897/5 900/900/5 899/899/5 898/898/5
f 901/901/6 904/904/6 903/903/6 902/902/6
f 905/905/1 908/908/1 907/907/1 906/906/1
f 909/909/2 912/912/2 911/911/2 910/910/2
f 913/913/3 916/916/3 915/915/3 914/914/3
f 917/917/4 920/920/4 919/919/4 918/918/4
f 921/921/1 924/924/1 923/923/1 922/922/1
f 925/925/2 928/928/2 927/927/2 926/926/2
f 929/929/3 932/932/3 931/931/3 930/930/3
f 933/933/4 936/936/4 935/935/4 934/934/4
f 937/937/5 940/940/5 939/939/5 938/938/5
f 941/941/6 944/944/6 943/943/6 942/942/6
f 945/945/1 948/948/1 947/947/1 946/946/1
f 949/949/2 952/952/2 951/951/2 950/950/2
f 953/953/3 956/956/3 955/955/3 954/954/3
f 957/957/4 960/960/4 959/959/4 958/958/4
f 961/961/1 964/964/1 963/963/1 962/962/1
f 965/965/2 968/968/2 967/967/2 966/966/2
f 969/969/3 972/972/3 971/971/3 970/970/3
f 973/973/4 976/976/4 975/975/4 974/974/4
f 977/977/5 980/980/5 979/979/5 978/978/5
f 981/981/6 984/984/6 983/983/6 982/982/6
f 985/985/1 988/988/1 987/987/1 986/986/1
f 989/989/2 992/992/2 991/991/2 990/990/2
f 993/993/3 996/996/3 995/995/3 994/994/3
f 997/997/4 1000/1000/4 999/999/4 998/998/4
f 1001/1001/1 1004/1004/1 1003/1003/1 1002/1002/1
f 1005/1005/2 1008/1008/2 1007/1007/2 1006/1006/2
f 1009/1009/3 1012/1012/3 1011/1011/3 1010/1010/3
f 1013/1013/4 1016/1016/4 1015/1015/4 1014/1014/4
f 1017/1017/5 1020/1020/5 1019/1019/5 1018/1018/5
f 1021/1021/6 1024/1024/6 1023/1023/6 1022/1022/6
f 1025/1025/1 1028/1028/1 1027/1027/1 1026/1026/1
f 1029/1029/2 1032/1032/2 1031/1031/2 1030/1030/2
f 1033/1033/3 1036/1036/3 1035/1035/3 1034/1034/3
f 1037/1037/4 1040/1040/4 1039/1039/4 1038/1038/4
f 1041/1041/1 1044/1044/1 1043/1043/1 1042/1042/1
f 1045/1045/2 1048/1048/2 1047/1047/2 1046/1046/2
f 1049/1049/3 1052/1052/3 1051/1051/3 1050/1050/3
f 1053/1053/4 1056/1056/4 1055/1055/4 1054/1054/4
f 1057/1057/5 1060/1060/5 1059/1059/5 1058/1058/5
f 1061/1061/6 1064/1064/6 1063/1063/6 1062/1062/6
f 1065/1065/1 1068/1068/1 1067/1067/1 1066/1066/1
f 1069/1069/2 1072/1072/2 1071/1071/2 1070/1070/2
f 1073/1073/3 1076/1076/3 1075/1075/3 1074/1074/3
f 1077/1077/4 1080/1080/4 1079/1079/4 1078/1078/4
f 1081/1081/1 1084/1084/1 1083/1083/1 1082/1082/1
f 1085/1085/2 1088/1088/2 1087/1087/2 1086/1086/2
f 1089/1089/3 1092/1092/3 1091/1091/3 1090/1090/3
f 1093/1093/4 1096/1096/4 1095/1095/4 1094/1094/4
f 1097/1097/5 1100/1100/5 1099/1099/5 1098/1098/5
f 1101/1101/6 1104/1104/6 1103/1103/6 1102/1102/6
f 1105/1105/1 1108/1108/1 1107/1107/1 1106/1106/1
f 1109/1109/2 1112/1112/2 1111/1111/2 1110/1110/2
f 1113/1113/3 1116/1116/3 1115/1115/3 1114/1114/3
f 1117/1117/4 1120/1120/4 1119/1119/4 1118/1118/4
f 1121/1121/1 1124/1124/1 1123/1123/1 1122/1122/1
f 1125/1125/2 1128/1128/2 1127/1127/2 1126/1126/2
f 1129/1129/3 1132/1132/3 1131/1131/3 1130/1130/3
f 1133/1133/4 1136/1136/4 1135/1135/4 1134/1134/4
f 1137/1137/5 1140/1140/5 1139/1139/5 1138/1138/5
f 1141/1141/6 1144/1144/6 1143/1143/6 1142/1142/6
f 1145/1145/1 1148/1148/1 1147/1147/1 1146/1146/1
f 1149/1149/2 1152/1152/2 1151/1151/2 1150/1150/2
f 1153/1153/3 1156/1156/3 1155/1155/3 1154/1154/3
f 1157/1157/4 1160/1160/4 1159/1159/4 1158/1158/4
f 1161/1161/1 1164/1164/1 1163/1163/1 1162/1162/1
f 1165/1165/2 1168/1168/2 1167/1167/2 1166/1166/2
f 1169/1169/3 1172/1172/3 1171/1171/3 1170/1170/3
f 1173/1173/4 1176/1176/4 1175/1175/4 1174/1174/4
f 1177/1177/5 1180/1180/5 1179/1179/5 1178/1178/5
f 1181/1181/6 1184/1184/6 1183/1183/6 1182/1182/6
f 1185/1185/1 1188/1188/1 1187/1187/1 1186/1186/1
f 1189/1189/2 1192/1192/2 1191/1191/2 1190/1190/2
f 1193/1193/3 1196/1196/3 1195/1195/3 1194/1194/3
f 1197/1197/4 1200/1200/4 1199/1199/4 1198/1198/4
f 1201/1201/1 1204/1204/1 1203/1203/1 1202/1202/1
f 1205/1205/2 1208/1208/2 1207/1207/2 1206/1206/2
f 1209/1209/3 1212/1212/3 1211/1211/3 1210/1210/3
f 1213/1213/4 1216/1216/4 1215/1215/4 1214/1214/4
f 1217/1217/5 1220/1220/5 1219/1219/5 1218/1218/5
f 1221/1221/6 1224/1224/6 1223/1223/6 1222/1222/6
f 1225/1225/1 1228/1228/1 1227/1227/1 1226/1226/1
f 1229/1229/2 1232/1232/2 1231/1231/2 1230/1230/2
f 1233/1233/3 1236/1236/3 1235/1235/3 1234/1234/3
f 1237/1237/4 1240/1240/4 1239/1239/4 1238/1238/4
f 1241/1241/1 1244/1244/1 1243/1243/1 1242/1242/1
f 1245/1245/2 1248/1248/2 1247/1247/2 1246/1246/2
f 1249/1249/3 1252/1252/3 1251/1251/3 1250/1250/3
f 1253/1253/4 1256/1256/4 1255/1255/4 1254/1254/4
f 1257/1257/5 1260/1260/5 1259/1259/5 1258/1258/5
f 1261/1261/6 1264/1264/6 1263/1263/6 1262/1262/6
f 1265/1265/1 1268/1268/1 1267/1267/1 1266/1266/1
f 1269/1269/2 1272/1272/2 1271/1271/2 1270/1270/2
f 1273/1273/3 1276/1276/3 1275/1275/3 1274/1274/3
f 1277/1277/4 1280/1280/4 1279/1279/4 1278/1278/4
f 1281/1281/1 1284/1284/1 1283/1283/1 1282/1282/1
f 1285/1285/2 1288/1288/2 1287/1287/2 1286/1286/2
f 1289/1289/3 1292/1292/3 1291/1291/3 1290/1290/3
f 1293/1293/4 1296/1296/4 1295/1295/4 1294/1294/4
f 1297/1297/5 1300/1300/5 1299/1299/5 1298/1298/5
f 1301/1301/6 1304/1304/6 1303/1303/6 1302/1302/6
f 1305/1305/1 1308/1308/1 1307/1307/1 1306/1306/1
f 1309/1309/2 1312/1312/2 1311/1311/2 1310/1310/2
f 1313/1313/3 1316/1316/3 1315/1315/3 1314/1314/3
f 1317/1317/4 1320/1320/4 1319/1319/4 1318/1318/4
f 1321/1321/1 1324/1324/1 1323/1323/1 1322/1322/1
f 1325/1325/2 1328/1328/2 1327/1327/2 1326/1326/2
f 1329/1329/3 1332/1332/3 1331/1331/3 1330/1330/3
f 1333/1333/4 1336/1336/4 1335/1335/4 1334/1334/4
f 1337/1337/5 1340/1340/5 1339/1339/5 1338/1338/5
f 1341/1341/6 1344/1344/6 1343/1343/6 1342/1342/6
f 1345/1345/1 1348/1348/1 1347/1347/1 1346/1346/1
f 1349/1349/2 1352/1352/2 1351/1351/2 1350/1350/2
f 1353/1353/3 1356/1356/3 1355/1355/3 1354/1354/3
f 1357/1357/4 1360/1360/4 1359/1359/4 1358/1358/4
f 1361/1361/1 1364/1364/1 1363/1363/1 1362/1362/1
f 1365/1365/2 1368/1368/2 1367/1367/2 1366/1366/2
f 1369/1369/3 1372/1372/3 1371/1371/3 1370/1370/3
f 1373/1373/4 1376/1376/4 1375/1375/4 1374/1374/4
f 1377/1377/5 1380/1380/5 1379/1379/5 1378/1378/5
f 1381/1381/6 1384/1384/6 1383/1383/6 1382/1382/6
f 1385/1385/1 1388/1388/1 1387/1387/1 1386/1386/1
f 1389/1389/2 1392/1392/2 1391/1391/2 1390/1390/2
f 1393/1393/3 1396/1396/3 1395/1395/3 1394/1394/3
f 1397/1397/4 1400/1400/4 1399/1399/4 1398/1398/4
f 1401/1401/1 1404/1404/1 1403/1403/1 1402/1402/1
f 1405/1405/2 1408/1408/2 1407/1407/2 1406/1406/2
f 1409/1409/3 1412/1412/3 1411/1411/3 1410/1410/3
f 1413/1413/4 1416/1416/4 1415/1415/4 1414/1414/4
f 1417/1417/5 1420/1420/5 1419/1419/5 1418/1418/5
f 1421/1421/6 1424/1424/6 1423/1423/6 1422/1422/6
f 1425/1425/1 1428/1428/1 1427/1427/1 1426/1426/1
f 1429/1429/2 1432/1432/2 1431/1431/2 1430/1430/2
f 1433/1433/3 1436/1436/3 1435/1435/3 1434/1434/3
f 1437/1437/4 1440/1440/4 1439/1439/4 1438/1438/4
f 1441/1441/1 1444/1444/1 1443/1443/1 1442/1442/1
f 1445/1445/2 1448/1448/2 1447/1447/2 1446/1446/2
f 1449/1449/3 1452/1452/3 1451/1451/3 1450/1450/3
f 1453/1453/4 1456/1456/4 1455/1455/4 1454/1454/4
f 1457/1457/5 1460/1460/5 1459/1459/5 1458/1458/5
f 1461/1461/6 1464/1464/6 1463/1463/6 1462/1462/6
f 1465/1465/1 1468/1468/1 1467/1467/1 1466/1466/1
f 1469/1469/2 1472/1472/2 1471/1471/2 1470/1470/2
f 1473/1473/3 1476/1476/3 1475/1475/3 1474/1474/3
f 1477/1477/4 1480/1480/4 1479/1479/4 1478/1478/4
f 1481/1481/1 1484/1484/1 1483/1483/1 1482/1482/1
f 1485/1485/2 1488/1488/2 1487/1487/2 1486/1486/2
f 1489/1489/3 1492/1492/3 1491/1491/3 1490/1490/3
f 1493/1493/4 1496/1496/4 1495/1495/4 1494/1494/4
f 1497/1497/5 1500/1500/5 1499/1499/5 1498/1498/5
f 1501/1501/6 1504/1504/6 1503/1503/6 1502/1502/6
f 1505/1505/1 1508/1508/1 1507/1507/1 1506/1506/1
f 1509/1509/2 1512/1512/2 1511/1511/2 1510/1510/2
f 1513/1513/3 1516/1516/3 1515/1515/3 1514/1514/3
f 1517/1517/4 1520/1520/4 1519/1519/4 1518/1518/4
f 1521/1521/1 1524/1524/1 1523/1523/1 1522/1522/1
f 1525/1525/2 1528/1528/2 1527/1527/2 1526/1526/2
f 1529/1529/3 1532/1532/3 1531/1531/3 1530/1530/3
f 1533/1533/4 1536/1536/4 1535/1535/4 1534/1534/4
f 1537/1537/5 1540/1540/5 1539/1539/5 1538/1538/5
f 1541/1541/6 1544/1544/6 1543/1543/6 1542/1542/6
f 1545/1545/1 1548/1548/1 1547/1547/1 1546/1546/1
f 1549/1549/2 1552/1552/2 1551/1551/2 1550/1550/2
f 1553/1553/3 1556/1556/3 1555/1555/3 1554/1554/3
f 1557/1557/4 1560/1560/4 1559/1559/4 1558/1558/4
f 1561/1561/1 1564/1564/1 1563/1563/1 1562/1562/1
f 1565/1565/2 1568/1568/2 1567/1567/2 1566/1566/2
f 1569/1569/3 1572/1572/3 1571/1571/3 1570/1570/3
f 1573/1573/4 1576/1576/4 1575/1575/4 1574/1574/4
f 1577/1577/5 1580/1580/5 1579/1579/5 1578/1578/5
f 1581/1581/6 1584/1584/6 1583/1583/6 1582/1582/6
f 1585/1585/1 1588/1588/1 1587/1587/1 1586/1586/1
f 1589/1589/2 1592/1592/2 1591/1591/2 1590/1590/2
f 1593/1593/3 1596/1596/3 1595/1595/3 1594/1594/3
f 1597/1597/4 1600/1600/4 1599/1599/4 1598/1598/4
f 1601/1601/1 1604/1604/1 1603/1603/1 1602/1602/1
f 1605/1605/2 1608/1608/2 1607/1607/2 1606/1606/2
f 1609/1609/3 1612/1612/3 1611/1611/3 1610/1610/3
f 1613/1613/4 1616/1616/4 1615/1615/4 1614/1614/4
f 1617/1617/5 1620/1620/5 1619/1619/5 1618/1618/5
f 1621/1621/6 1624/1624/6 1623/1623/6 1622/1622/6
f 1625/1625/1 1628/1628/1 1627/1627/1 1626/1626/1
f 1629/1629/2 1632/1632/2 1631/1631/2 1630/1630/2
f 1633/1633/3 1636/1636/3 1635/1635/3 1634/1634/3
f 1637/1637/4 1640/1640/4 1639/1639/4 1638/1638/4
f 1641/1641/1 1644/1644/1 1643/1643/1 1642/1642/1
f 1645/1645/2 1648/1648/2 1647/1647/2 1646/1646/2
f 1649/1649/3 1652/1652/3 1651/1651/3 1650/1650/3
f 1653/1653/4 1656/1656/4 1655/1655/4 1654/1654/4
f 1657/1657/5 1660/1660/5 1659/1659/5 1658/1658/5
f 1661/1661/6 1664/1664/6 1663/1663/6 1662/1662/6
f 1665/1665/1 1668/1668/1 1667/1667/1 1666/1666/1
f 1669/1669/2 1672/1672/2 1671/1671/2 1670/1670/2
f 1673/1673/3 1676/1676/3 1675/1675/3 1674/1674/3
f 1677/1677/4 1680/1680/4 1679/1679/4 1678/1678/4
f 1681/1681/1 1684/1684/1 1683/1683/1 1682/1682/1
f 1685/1685/2 1688/1688/2 1687/1687/2 1686/1686/2
f 1689/1689/3 1692/1692/3 1691/1691/3 1690/1690/3
f 1693/1693/4 1696/1696/4 1695/1695/4 1694/1694/4
f 1697/1697/5 1700/1700/5 1699/1699/5 1698/1698/5
f 1701/1701/6 1704/1704/6 1703/1703/6 1702/1702/6
f 1705/1705/1 1708/1708/1 1707/1707/1 1706/1706/1
f 1709/1709/2 1712/1712/2 1711/1711/2 1710/1710/2
f 1713/1713/3 1716/1716/3 1715/1715/3 1714/1714/3
f 1717/1717/4 1720/1720/4 1719/1719/4 1718/1718/4
f 1721/1721/1 1724/1724/1 1723/1723/1 1722/1722/1
f 1725/1725/2 1728/1728/2 1727/1727/2 1726/1726/2
f 1729/1729/3 1732/1732/3 1731/1731/3 1730/1730/3
f 1733/1733/4 1736/1736/4 1735/1735/4 1734/1734/4
f 1737/1737/5 1740/1740/5 1739/1739/5 1738/1738/5
f 1741/1741/6 1744/1744/6 1743/1743/6 1742/1742/6
f 1745/1745/1 1748/1748/1 1747/1747/1 1746/1746/1
f 1749/1749/2 1752/1752/2 1751/1751/2 1750/1750/2
f 1753/1753/3 1756/1756/3 1755/1755/3 1754/1754/3
f 1757/1757/4 1760/1760/4 1759/1759/4 1758/1758/4
f 1761/1761/1 1764/1764/1 1763/1763/1 1762/1762/1
f 1765/1765/2 1768/1768/2 1767/1767/2 1766/1766/2
f 1769/1769/3 1772/1772/3 1771/1771/3 1770/1770/3
f 1773/1773/4 1776/1776/4 1775/1775/4 1774/1774/4
f 1777/1777/5 1780/1780/5 1779/1779/5 1778/1778/5
f 1781/1781/6 1784/1784/6 1783/1783/6 1782/1782/6
f 1785/1785/1 1788/1788/1 1787/1787/1 1786/1786/1
f 1789/1789/2 1792/1792/2 1791/1791/2 1790/1790/2
f 1793/1793/3 1796/1796/3 1795/1795/3 1794/1794/3
f 1797/1797/4 1800/1800/4 1799/1799/4 1798/1798/4
f 1801/1801/1 1804/1804/1 1803/1803/1 1802/1802/1
f 1805/1805/2 1808/1808/2 1807/1807/2 1806/1806/2
f 1809/1809/3 1812/1812/3 1811/1811/3 1810/1810/3
f 1813/1813/4 1816/1816/4 1815/1815/4 1814/1814/4
f 1817/1817/5 1820/1820/5 1819/1819/5 1818/1818/5
f 1821/1821/6 1824/1824/6 1823/1823/6 1822/1822/6
f 1825/1825/1 1828/1828/1 1827/1827/1 1826/1826/1
f 1829/1829/2 1832/1832/2 1831/1831/2 1830/1830/2
f 1833/1833/3 1836/1836/3 1835/1835/3 1834/1834/3
f 1837/1837/4 1840/1840/4 1839/1839/4 1838/1838/4
f 1841/1841/1 1844/1844/1 1843/1843/1 1842/1842/1
f 1845/1845/2 1848/1848/2 1847/1847/2 1846/1846/2
f 1849/1849/3 1852/1852/3 1851/1851/3 1850/1850/3
f 1853/1853/4 1856/1856/4 1855/1855/4 1854/1854/4
f 1857/1857/5 1860/1860/5 1859/1859/5 1858/1858/5
f 1861/1861/6 1864/1864/6 1863/1863/6 1862/1862/6
f 1865/1865/1 1868/1868/1 1867/1867/1 1866/1866/1
f 1869/1869/2 1872/1872/2 1871/1871/2 1870/1870/2
f 1873/1873/3 1876/1876/3 1875/1875/3 1874/1874/3
f 1877/1877/4 1880/1880/4 1879/1879/4 1878/1878/4
f 1881/1881/1 1884/1884/1 1883/1883/1 1882/1882/1
f 1885/1885/2 1888/1888/2 1887/1887/2 1886/1886/2
f 1889/1889/3 1892/1892/3 1891/1891/3 1890/1890/3
f 1893/1893/4 1896/1896/4 1895/1895/4 1894/1894/4
f 1897/1897/5 1900/1900/5 1899/1899/5 1898/1898/5
f 1901/1901/6 1904/1904/6 1903/1903/6 1902/1902/6
f 1905/1905/1 1908/1908/1 1907/1907/1 1906/1906/1
f 1909/1909/2 1912/1912/2 1911/1911/2 1910/1910/2
f 1913/1913/3 1916/1916/3 1915/1915/3 1914/1914/3
f 1917/1917/4 1920/1920/4 1919/1919/4 1918/1918/4
f 1921/1921/1 1924/1924/1 1923/1923/1 1922/1922/1
f 1925/1925/2 1928/1928/2 1927/1927/2 1926/1926/2
f 1929/1929/3 1932/1932/3 1931/1931/3 1930/1930/3
f 1933/1933/4 1936/1936/4 1935/1935/4 1934/1934/4
f 1937/1937/5 1940/1940/5 1939/1939/5 1938/1938/5
f 1941/1941/6 1944/1944/6 1943/1943/6 1942/1942/6
f 1945/1945/1 1948/1948/1 1947/1947/1 1946/1946/1
f 1949/1949/2 1952/1952/2 1951/1951/2 1950/1950/2
f 1953/1953/3 1956/1956/3 1955/1955/3 1954/1954/3
f 1957/1957/4 1960/1960/4 1959/1959/4 1958/1958/4
f 1961/1961/1 1964/1964/1 1963/1963/1 1962/1962/1
f 1965/1965/2 1968/1968/2 1967/1967/2 1966/1966/2
f 1969/1969/3 1972/1972/3 1971/1971/3 1970/1970/3
f 1973/1973/4 1976/1976/4 1975/1975/4 1974/1974/4
f 1977/1977/5 1980/1980/5 1979/1979/5 1978/1978/5
f 1981/1981/6 1984/1984/6 1983/1983/6 1982/1982/6
f 1985/1985/1 1988/1988/1 1987/1987/1 1986/1986/1
f 1989/1989/2 1992/1992/2 1991/1991/2 1990/1990/2
f 1993/1993/3 1996/1996/3 1995/1995/3 1994/1994/3
f 1997/1997/4 2000/2000/4 1999/1999/4 1998/1998/4
f 2001/2001/1 2004/2004/1 2003/2003/1 2002/2002/1
f 2005/2005/2 2008/2008/2 2007/2007/2 2006/2006/2
f 2009/2009/3 2012/2012/3 2011/2011/3 2010/2010/3
f 2013/2013/4 2016/2016/4 2015/2015/4 2014/2014/4
f 2017/2017/5 2020/2020/5 2019/2019/5 2018/2018/5
f 2021/2021/6 2024/2024/6 2023/2023/6 2022/2022/6
f 2025/2025/1 2028/2028/1 2027/2027/1 2026/2026/1
f 2029/2029/2 2032/2032/2 2031/2031/2 2030/2030/2
f 2033/2033/3 2036/2036/3 2035/2035/3 2034/2034/3
f 2037/2037/4 2040/2040/4 2039/2039/4 2038/2038/4
f 2041/2041/1 2044/2044/1 2043/2043/1 2042/2042/1
f 2045/2045/2 2048/2048/2 2047/2047/2 2046/2046/2
f 2049/2049/3 2052/2052/3 2051/2051/3 2050/2050/3
f 2053/2053/4 2056/2056/4 2055/2055/4 2054/2054/4
f 2057/2057/5 2060/2060/5 2059/2059/5 2058/2058/5
f 2061/2061/6 2064/2064/6 2063/2063/6 2062/2062/6
f 2065/2065/1 2068/2068/1 2067/2067/1 2066/2066/1
f 2069/2069/2 2072/2072/2 2071/2071/2 2070/2070/2
f 2073/2073/3 2076/2076/3 2075/2075/3 2074/2074/3
f 2077/2077/4 2080/2080/4 2079/2079/4 2078/2078/4
f 2081/2081/1 2084/2084/1 2083/2083/1 2082/2082/1
f 2085/2085/2 2088/2088/2 2087/2087/2 2086/2086/2
f 2089/2089/3 2092/2092/3 2091/2091/3 2090/2090/3
f 2093/2093/4 2096/2096/4 2095/2095/4 2094/2094/4
f 2097/2097/5 2100/2100/5 2099/2099/5 2098/2098/5
f 2101/2101/6 2104/2104/6 2103/2103/6 2102/2102/6
f 2105/2105/1 2108/2108/1 2107/2107/1 2106/2106/1
f 2109/2109/2 2112/2112/2 2111/2111/2 2110/2110/2
f 2113/2113/3 2116/2116/3 2115/2115/3 2114/2114/3
f 2117/2117/4 2120/2120/4 2119/2119/4 2118/2118/4
f 2121/2121/1 2124/2124/1 2123/2123/1 2122/2122/1
f 2125/2125/2 2128/2128/2 2127/2127/2 2126/2126/2
f 2129/2129/3 2132/2132/3 2131/2131/3 2130/2130/3
f 2133/2133/4 2136/2136/4 2135/2135/4 2134/2134/4
f 2137/2137/5 2140/2140/5 2139/2139/5 2138/2138/5
f 2141/2141/6 2144/2144/6 2143/2143/6 2142/2142/6
f 2145/2145/1 2148/2148/1 2147/2147/1 2146/2146/1
f 2149/2149/2 2152/2152/2 2151/2151/2 2150/2150/2
f 2153/2153/3 2156/2156/3 2155/2155/3 2154/2154/3
f 2157/2157/4 2160/2160/4 2159/2159/4 2158/2158/4
f 2161/2161/1 2164/2164/1 2163/2163/1 2162/2162/1
f 2165/2165/2 2168/2168/2 2167/2167/2 2166/2166/2
f 2169/2169/3 2172/2172/3 2171/2171/3 2170/2170/3
f 2173/2173/4 2176/2176/4 2175/2175/4 2174/2174/4
f 2177/2177/5 2180/2180/5 2179/2179/5 2178/2178/5
f 2181/2181/6 2184/2184/6 2183/2183/6 2182/2182/6
f 2185/2185/1 2188/2188/1 2187/2187/1 2186/2186/1
f 2189/2189/2 2192/2192/2 2191/2191/2 2190/2190/2
f 2193/2193/3 2196/2196/3 2195/2195/3 2194/2194/3
f 2197/2197/4 2200/2200/4 2199/2199/4 2198/2198/4
f 2201/2201/1 2204/2204/1 2203/2203/1 2202/2202/1
f 2205/2205/2 2208/2208/2 2207/2207/2 2206/2206/2
f 2209/2209/3 2212/2212/3 2211/2211/3 2210/2210/3
f 2213/2213/4 2216/2216/4 2215/2215/4 2214/2214/4
f 2217/2217/5 2220/2220/5 2219/2219/5 2218/2218/5
f 2221/2221/6 2224/2224/6 2223/2223/6 2222/2222/6
f 2225/2225/1 2228/2228/1 2227/2227/1 2226/2226/1
f 2229/2229/2 2232/2232/2 2231/2231/2 2230/2230/2
f 2233/2233/3 2236/2236/3 2235/2235/3 2234/2234/3
f 2237/2237/4 2240/2240/4 2239/2239/4 2238/2238/4
f 2241/2241/1 2244/2244/1 2243/2243/1 2242/2242/1
f 2245/2245/2 2248/2248/2 2247/2247/2 2246/2246/2
f 2249/2249/3 2252/2252/3 2251/2251/3 2250/2250/3
f 2253/2253/4 2256/2256/4 2255/2255/4 2254/2254/4
f 2257/2257/5 2260/2260/5 2259/2259/5 2258/2258/5
f 2261/2261/6 2264/2264/6 2263/2263/6 2262/2262/6
f 2265/2265/1 2268/2268/1 2267/2267/1 2266/2266/1
f 2269/2269/2 2272/2272/2 2271/2271/2 2270/2270/2
f 2273/2273/3 2276/2276/3 2275/2275/3 2274/2274/3
f 2277/2277/4 2280/2280/4 2279/2279/4 2278/2278/4
f 2281/2281/1 2284/2284/1 2283/2283/1 2282/2282/1
f 2285/2285/2 2288/2288/2 2287/2287/2 2286/2286/2
f 2289/2289/3 2292/2292/3 2291/2291/3 2290/2290/3
f 2293/2293/4 2296/2296/4 2295/2295/4 2294/2294/4
f 2297/2297/5 2300/2300/5 2299/2299/5 2298/2298/5
f 2301/2301/6 2304/2304/6 2303/2303/6 2302/2302/6
f 2305/2305/1 2308/2308/1 2307/2307/1 2306/2306/1
f 2309/2309/2 2312/2312/2 2311/2311/2 2310/2310/2
f 2313/2313/3 2316/2316/3 2315/2315/3 2314/2314/3
f 2317/2317/4 2320/2320/4 2319/2319/4 2318/2318/4
f 2321/2321/1 2324/2324/1 2323/2323/1 2322/2322/1
f 2325/2325/2 2328/2328/2 2327/2327/2 2326/2326/2
f 2329/2329/3 2332/2332/3 2331/2331/3 2330/2330/3
f 2333/2333/4 2336/2336/4 2335/2335/4 2334/2334/4
f 2337/2337/5 2340/2340/5 2339/2339/5 2338/2338/5
f 2341/2341/6 2344/2344/6 2343/2343/6 2342/2342/6
f 2345/2345/1 2348/2348/1 2347/2347/1 2346/2346/1
f 2349/2349/2 2352/2352/2 2351/2351/2 2350/2350/2
f 2353/2353/3 2356/2356/3 2355/2355/3 2354/2354/3
f 2357/2357/4 2360/2360/4 2359/2359/4 2358/2358/4
f 2361/2361/1 2364/2364/1 2363/2363/1 2362/2362/1
f 2365/2365/2 2368/2368/2 2367/2367/2 2366/2366/2
f 2369/2369/3 2372/2372/3 2371/2371/3 2370/2370/3
f 2373/2373/4 2376/2376/4 2375/2375/4 2374/2374/4
f 2377/2377/5 2380/2380/5 2379/2379/5 2378/2378/5
f 2381/2381/6 2384/2384/6 2383/2383/6 2382/2382/6
f 2385/2385/1 2388/2388/1 2387/2387/1 2386/2386/1
f 2389/2389/2 2392/2392/2 2391/2391/2 2390/2390/2
f 2393/2393/3 2396/2396/3 2395/2395/3 2394/2394/3
f 2397/2397/4 2400/2400/4 2399/2399/4 2398/2398/4
f 2401/2401/1 2404/2404/1 2403/2403/1 2402/2402/1
f 2405/2405/2 2408/2408/2 2407/2407/2 2406/2406/2
f 2409/2409/3 2412/2412/3 2411/2411/3 2410/2410/3
f 2413/2413/4 2416/2416/4 2415/2415/4 2414/2414/4
f 2417/2417/5 2420/2420/5 2419/2419/5 2418/2418/5
f 2421/2421/6 2424/2424/6 2423/2423/6 2422/2422/6
f 2425/2425/1 2428/2428/1 2427/2427/1 2426/2426/1
f 2429/2429/2 2432/2432/2 2431/2431/2 2430/2430/2
f 2433/2433/3 2436/2436/3 2435/2435/3 2434/2434/3
f 2437/2437/4 2440/2440/4 2439/2439/4 2438/2438/4
f 2441/2441/1 2444/2444/1 2443/2443/1 2442/2442/1
f 2445/2445/2 2448/2448/2 2447/2447/2 2446/2446/2
f 2449/2449/3 2452/2452/3 2451/2451/3 2450/2450/3
f 2453/2453/4 2456/2456/4 2455/2455/4 2454/2454/4
f 2457/2457/5 2460/2460/5 2459/2459/5 2458/2458/5
f 2461/2461/6 2464/2464/6 2463/2463/6 2462/2462/6
f 2465/2465/1 2468/2468/1 2467/2467/1 2466/2466/1
f 2469/2469/2 2472/2472/2 2471/2471/2 2470/2470/2
f 2473/2473/3 2476/2476/3 2475/2475/3 2474/2474/3
f 2477/2477/4 2480/2480/4 2479/2479/4 2478/2478/4
f 2481/2481/1 2484/2484/1 2483/2483/1 2482/2482/1
f 2485/2485/2 2488/2488/2 2487/2487/2 2486/2486/2
f 2489/2489/3 2492/2492/3 2491/2491/3 2490/2490/3
f 2493/2493/4 2496/2496/4 2495/2495/4 2494/2494/4
f 2497/2497/5 2500/2500/5 2499/2499/5 2498/2498/5
f 2501/2501/6 2504/2504/6 2503/2503/6 2502/2502/6
f 2505/2505/1 2508/2508/1 2507/2507/1 2506/2506/1
f 2509/2509/2 2512/2512/2 2511/2511/2 2510/2510/2
f 2513/2513/3 2516/2516/3 2515/2515/3 2514/2514/3
f 2517/2517/4 2520/2520/4 2519/2519/4 2518/2518/4
f 2521/2521/1 2524/2524/1 2523/2523/1 2522/2522/1
f 2525/2525/2 2528/2528/2 2527/2527/2 2526/2526/2
f 2529/2529/3 2532/2532/3 2531/2531/3 2530/2530/3
f 2533/2533/4 2536/2536/4 2535/2535/4 2534/2534/4
f 2537/2537/5 2540/2540/5 2539/2539/5 2538/2538/5
f 2541/2541/6 2544/2544/6 2543/2543/6 2542/2542/6
f 2545/2545/1 2548/2548/1 2547/2547/1 2546/2546/1
f 2549/2549/2 2552/2552/2 2551/2551/2 2550/2550/2
f 2553/2553/3 2556/2556/3 2555/2555/3 2554/2554/3
f 2557/2557/4 2560/2560/4 2559/2559/4 2558/2558/4
f 2561/2561/1 2564/2564/1 2563/2563/1 2562/2562/1
f 2565/2565/2 2568/2568/2 2567/2567/2 2566/2566/2
f 2569/2569/3 2572/2572/3 2571/2571/3 2570/2570/3
f 2573/2573/4 2576/2576/4 2575/2575/4 2574/2574/4
f 2577/2577/5 2580/2580/5 2579/2579/5 2578/2578/5
f 2581/2581/6 2584/2584/6 2583/2583/6 2582/2582/6
f 2585/2585/1 2588/2588/1 2587/2587/1 2586/2586/1
f 2589/2589/2 2592/2592/2 2591/2591/2 2590/2590/2
f 2593/2593/3 2596/2596/3 2595/2595/3 2594/2594/3
f 2597/2597/4 2600/2600/4 2599/2599/4 2598/2598/4
f 2601/2601/1 2604/2604/1 2603/2603/1 2602/2602/1
f 2605/2605/2 2608/2608/2 2607/2607/2 2606/2606/2
f 2609/2609/3 2612/2612/3 2611/2611/3 2610/2610/3
f 2613/2613/4 2616/2616/4 2615/2615/4 2614/2614/4
f 2617/2617/5 2620/2620/5 2619/2619/5 2618/2618/5
f 2621/2621/6 2624/2624/6 2623/2623/6 2622/2622/6
f 2625/2625/1 2628/2628/1 2627/2627/1 2626/2626/1
f 2629/2629/2 2632/2632/2 2631/2631/2 2630/2630/2
f 2633/2633/3 2636/2636/3 2635/2635/3 2634/2634/3
f 2637/2637/4 2640/2640/4 2639/2639/4 2638/2638/4
f 2641/2641/1 2644/2644/1 2643/2643/1 2642/2642/1
f 2645/2645/2 2648/2648/2 2647/2647/2 2646/2646/2
f 2649/2649/3 2652/2652/3 2651/2651/3 2650/2650/3
f 2653/2653/4 2656/2656/4 2655/2655/4 2654/2654/4
f 2657/2657/5 2660/2660/5 2659/2659/5 2658/2658/5
f 2661/2661/6 2664/2664/6 2663/2663/6 2662/2662/6
f 2665/2665/1 2668/2668/1 2667/2667/1 2666/2666/1
f 2669/2669/2 2672/2672/2 2671/2671/2 2670/2670/2
f 2673/2673/3 2676/2676/3 2675/2675/3 2674/2674/3
f 2677/2677/4 2680/2680/4 2679/2679/4 2678/2678/4
f 2681/2681/1 2684/2684/1 2683/2683/1 2682/2682/1
f 2685/2685/2 2688/2688/2 2687/2687/2 2686/2686/2
f 2689/2689/3 2692/2692/3 2691/2691/3 2690/2690/3
f 2693/2693/4 2696/2696/4 2695/2695/4 2694/2694/4
f 2697/2697/5 2700/2700/5 2699/2699/5 2698/2698/5
f 2701/2701/6 2704/2704/6 2703/2703/6 2702/2702/6
f 2705/2705/1 2708/2708/1 2707/2707/1 2706/2706/1
f 2709/2709/2 2712/2712/2 2711/2711/2 2710/2710/2
f 2713/2713/3 2716/2716/3 2715/2715/3 2714/2714/3
f 2717/2717/4 2720/2720/4 2719/2719/4 2718/2718/4
f 2721/2721/1 2724/2724/1 2723/2723/1 2722/2722/1
f 2725/2725/2 2728/2728/2 2727/2727/2 2726/2726/2
f 2729/2729/3 2732/2732/3 2731/2731/3 2730/2730/3
f 2733/2733/4 2736/2736/4 2735/2735/4 2734/2734/4
f 2737/2737/5 2740/2740/5 2739/2739/5 2738/2738/5
f 2741/2741/6 2744/2744/6 2743/2743/6 2742/2742/6
f 2745/2745/1 2748/2748/1 2747/2747/1 2746/2746/1
f 2749/2749/2 2752/2752/2 2751/2751/2 2750/2750/2
f 2753/2753/3 2756/2756/3 2755/2755/3 2754/2754/3
f 2757/2757/4 2760/2760/4 2759/2759/4 2758/2758/4
f 2761/2761/1 2764/2764/1 2763/2763/1 2762/2762/1
f 2765/2765/2 2768/2768/2 2767/2767/2 2766/2766/2
f 2769/2769/3 2772/2772/3 2771/2771/3 2770/2770/3
f 2773/2773/4 2776/2776/4 2775/2775/4 2774/2774/4
f 2777/2777/5 2780/2780/5 2779/2779/5 2778/2778/5
f 2781/2781/6 2784/2784/6 2783/2783/6 2782/2782/6
f 2785/2785/1 2788/2788/1 2787/2787/1 2786/2786/1
f 2789/2789/2 2792/2792/2 2791/2791/2 2790/2790/2
f 2793/2793/3 2796/2796/3 2795/2795/3 2794/2794/3
f 2797/2797/4 2800/2800/4 2799/2799/4 2798/2798/4
f 2801/2801/1 2804/2804/1 2803/2803/1 2802/2802/1
f 2805/2805/2 2808/2808/2 2807/2807/2 2806/2806/2
f 2809/2809/3 2812/2812/3 2811/2811/3 2810/2810/3
f 2813/2813/4 2816/2816/4 2815/2815/4 2814/2814/4
f 2817/2817/5 2820/2820/5 2819/2819/5 2818/2818/5
f 2821/2821/6 2824/2824/6 2823/2823/6 2822/2822/6
f 2825/2825/1 2828/2828/1 2827/2827/1 2826/2826/1
f 2829/2829/2 2832/2832/2 2831/2831/2 2830/2830/2
f 2833/2833/3 2836/2836/3 2835/2835/3 2834/2834/3
f 2837/2837/4 2840/2840/4 2839/2839/4 2838/2838/4
f 2841/2841/1 2844/2844/1 2843/2843/1 2842/2842/1
f 2845/2845/2 2848/2848/2 2847/2847/2 2846/2846/2
f 2849/2849/3 2852/2852/3 2851/2851/3 2850/2850/3
f 2853/2853/4 2856/2856/4 2855/2855/4 2854/2854/4
f 2857/2857/5 2860/2860/5 2859/2859/5 2858/2858/5
f 2861/2861/6 2864/2864/6 2863/2863/6 2862/2862/6
f 2865/2865/1 2868/2868/1 2867/2867/1 2866/2866/1
f 2869/2869/2 2872/2872/2 2871/2871/2 2870/2870/2
f 2873/2873/3 2876/2876/3 2875/2875/3 2874/2874/3
f 2877/2877/4 2880/2880/4 2879/2879/4 2878/2878/4
f 2881/2881/1 2884/2884/1 2883/2883/1 2882/2882/1
f 2885/2885/2 2888/2888/2 2887/2887/2 2886/2886/2
f 2889/2889/3 2892/2892/3 2891/2891/3 2890/2890/3
f 2893/2893/4 2896/2896/4 2895/2895/4 2894/2894/4
f 2897/2897/5 2900/2900/5 2899/2899/5 2898/2898/5
f 2901/2901/6 2904/2904/6 2903/2903/6 2902/2902/6
f 2905/2905/1 2908/2908/1 2907/2907/1 2906/2906/1
f 2909/2909/2 2912/2912/2 2911/2911/2 2910/2910/2
f 2913/2913/3 2916/2916/3 2915/2915/3 2914/2914/3
f 2917/2917/4 2920/2920/4 2919/2919/4 2918/2918/4
f 2921/2921/1 2924/2924/1 2923/2923/1 2922/2922/1
f 2925/2925/2 2928/2928/2 2927/2927/2 2926/2926/2
f 2929/2929/3 2932/2932/3 2931/2931/3 2930/2930/3
f 2933/2933/4 2936/2936/4 2935/2935/4 2934/2934/4
f 2937/2937/5 2940/2940/5 2939/2939/5 2938/2938/5
f 2941/2941/6 2944/2944/6 2943/2943/6 2942/2942/6
f 2945/2945/1 2948/2948/1 2947/2947/1 2946/2946/1
f 2949/2949/2 2952/2952/2 2951/2951/2 2950/2950/2
f 2953/2953/3 2956/2956/3 2955/2955/3 2954/2954/3
f 2957/2957/4 2960/2960/4 2959/2959/4 2958/2958/4
f 2961/2961/1 2964/2964/1 2963/2963/1 2962/2962/1
f 2965/2965/2 2968/2968/2 2967/2967/2 2966/2966/2
f 2969/2969/3 2972/2972/3 2971/2971/3 2970/2970/3
f 2973/2973/4 2976/2976/4 2975/2975/4 2974/2974/4
f 2977/2977/5 2980/2980/5 2979/2979/5 2978/2978/5
f 2981/2981/6 2984/2984/6 2983/2983/6 2982/2982/6
f 2985/2985/1 2988/2988/1 2987/2987/1 2986/2986/1
f 2989/2989/2 2992/2992/2 2991/2991/2 2990/2990/2
f 2993/2993/3 2996/2996/3 2995/2995/3 2994/2994/3
f 2997/2997/4 3000/3000/4 2999/2999/4 2998/2998/4
f 3001/3001/1 3004/3004/1 3003/3003/1 3002/3002/1
f 3005/3005/2 3008/3008/2 3007/3007/2 3006/3006/2
f 3009/3009/3 3012/3012/3 3011/3011/3 3010/3010/3
f 3013/3013/4 3016/3016/4 3015/3015/4 3014/3014/4
f 3017/3017/5 3020/3020/5 3019/3019/5 3018/3018/5
f 3021/3021/6 3024/3024/6 3023/3023/6 3022/3022/6
f 3025/3025/1 3028/3028/1 3027/3027/1 3026/3026/1
f 3029/3029/2 3032/3032/2 3031/3031/2 3030/3030/2
f 3033/3033/3 3036/3036/3 3035/3035/3 3034/3034/3
f 3037/3037/4 3040/3040/4 3039/3039/4 3038/3038/4
f 3041/3041/1 3044/3044/1 3043/3043/1 3042/3042/1
f 3045/3045/2 3048/3048/2 3047/3047/2 3046/3046/2
f 3049/3049/3 3052/3052/3 3051/3051/3 3050/3050/3
f 3053/3053/4 3056/3056/4 3055/3055/4 3054/3054/4
f 3057/3057/5 3060/3060/5 3059/3059/5 3058/3058/5
f 3061/3061/6 3064/3064/6 3063/3063/6 3062/3062/6
f 3065/3065/1 3068/3068/1 3067/3067/1 3066/3066/1
f 3069/3069/2 3072/3072/2 3071/3071/2 3070/3070/2
f 3073/3073/3 3076/3076/3 3075/3075/3 3074/3074/3
f 3077/3077/4 3080/3080/4 3079/3079/4 3078/3078/4
f 3081/3081/1 3084/3084/1 3083/3083/1 3082/3082/1
f 3085/3085/2 3088/3088/2 3087/3087/2 3086/3086/2
f 3089/3089/3 3092/3092/3 3091/3091/3 3090/3090/3
f 3093/3093/4 3096/3096/4 3095/3095/4 3094/3094/4
f 3097/3097/5 3100/3100/5 3099/3099/5 3098/3098/5
f 3101/3101/6 3104/3104/6 3103/3103/6 3102/3102/6
f 3105/3105/1 3108/3108/1 3107/3107/1 3106/3106/1
f 3109/3109/2 3112/3112/2 3111/3111/2 3110/3110/2
f 3113/3113/3 3116/3116/3 3115/3115/3 3114/3114/3
f 3117/3117/4 3120/3120/4 3119/3119/4 3118/3118/4
f 3121/3121/1 3124/3124/1 3123/3123/1 3122/3122/1
f 3125/3125/2 3128/3128/2 3127/3127/2 3126/3126/2
f 3129/3129/3 3132/3132/3 3131/3131/3 3130/3130/3
f 3133/3133/4 3136/3136/4 3135/3135/4 3134/3134/4
f 3137/3137/5 3140/3140/5 3139/3139/5 3138/3138/5
f 3141/3141/6 3144/3144/6 3143/3143/6 3142/3142/6
f 3145/3145/1 3148/3148/1 3147/3147/1 3146/3146/1
f 3149/3149/2 3152/3152/2 3151/3151/2 3150/3150/2
f 3153/3153/3 3156/3156/3 3155/3155/3 3154/3154/3
f 3157/3157/4 3160/3160/4 3159/3159/4 3158/3158/4
f 3161/3161/1 3164/3164/1 3163/3163/1 3162/3162/1
f 3165/3165/2 3168/3168/2 3167/3167/2 3166/3166/2
f 3169/3169/3 3172/3172/3 3171/3171/3 3170/3170/3
f 3173/3173/4 3176/3176/4 3175/3175/4 3174/3174/4
f 3177/3177/5 3180/3180/5 3179/3179/5 3178/3178/5
f 3181/3181/6 3184/3184/6 3183/3183/6 3182/3182/6
f 3185/3185/1 3188/3188/1 3187/3187/1 3186/3186/1
f 3189/3189/2 3192/3192/2 3191/3191/2 3190/3190/2
f 3193/3193/3 3196/3196/3 3195/3195/3 3194/3194/3
f 3197/3197/4 3200/3200/4 3199/3199/4 3198/3198/4
f 3201/3201/1 3204/3204/1 3203/3203/1 3202/3202/1
f 3205/3205/2 3208/3208/2 3207/3207/2 3206/3206/2
f 3209/3209/3 3212/3212/3 3211/3211/3 3210/3210/3
f 3213/3213/4 3216/3216/4 3215/3215/4 3214/3214/4
f 3217/3217/5 3220/3220/5 3219/3219/5 3218/3218/5
f 3221/3221/6 3224/3224/6 3223/3223/6 3222/3222/6
f 3225/3225/1 3228/3228/1 3227/3227/1 3226/3226/1
f 3229/3229/2 3232/3232/2 3231/3231/2 3230/3230/2
f 3233/3233/3 3236/3236/3 3235/3235/3 3234/3234/3
f 3237/3237/4 3240/3240/4 3239/3239/4 3238/3238/4
f 3241/3241/1 3244/3244/1 3243/3243/1 3242/3242/1
f 3245/3245/2 3248/3248/2 3247/3247/2 3246/3246/2
f 3249/3249/3 3252/3252/3 3251/3251/3 3250/3250/3
f 3253/3253/4 3256/3256/4 3255/3255/4 3254/3254/4
f 3257/3257/5 3260/3260/5 3259/3259/5 3258/3258/5
f 3261/3261/6 3264/3264/6 3263/3263/6 3262/3262/6
f 3265/3265/1 3268/3268/1 3267/3267/1 3266/3266/1
f 3269/3269/2 3272/3272/2 3271/3271/2 3270/3270/2
f 3273/3273/3 3276/3276/3 3275/3275/3 3274/3274/3
f 3277/3277/4 3280/3280/4 3279/3279/4 3278/3278/4
f 3281/3281/1 3284/3284/1 3283/3283/1 3282/3282/1
f 3285/3285/2 3288/3288/2 3287/3287/2 3286/3286/2
f 3289/3289/3 3292/3292/3 3291/3291/3 3290/3290/3
f 3293/3293/4 3296/3296/4 3295/3295/4 3294/3294/4
f 3297/3297/5 3300/3300/5 3299/3299/5 3298/3298/5
f 3301/3301/6 3304/3304/6 3303/3303/6 3302/3302/6
f 3305/3305/1 3308/3308/1 3307/3307/1 3306/3306/1
f 3309/3309/2 3312/3312/2 3311/3311/2 3310/3310/2
f 3313/3313/3 3316/3316/3 3315/3315/3 3314/3314/3
f 3317/3317/4 3320/3320/4 3319/3319/4 3318/3318/4
f 3321/3321/1 3324/3324/1 3323/3323/1 3322/3322/1
f 3325/3325/2 3328/3328/2 3327/3327/2 3326/3326/2
f 3329/3329/3 3332/3332/3 3331/3331/3 3330/3330/3
f 3333/3333/4 3336/3336/4 3335/3335/4 3334/3334/4
f 3337/3337/5 3340/3340/5 3339/3339/5 3338/3338/5
f 3341/3341/6 3344/3344/6 3343/3343/6 3342/3342/6
f 3345/3345/1 3348/3348/1 3347/3347/1 3346/3346/1
f 3349/3349/2 3352/3352/2 3351/3351/2 3350/3350/2
f 3353/3353/3 3356/3356/3 3355/3355/3 3354/3354/3
f 3357/3357/4 3360/3360/4 3359/3359/4 3358/3358/4
f 3361/3361/1 3364/3364/1 3363/3363/1 3362/3362/1
f 3365/3365/2 3368/3368/2 3367/3367/2 3366/3366/2
f 3369/3369/3 3372/3372/3 3371/3371/3 3370/3370/3
f 3373/3373/4 3376/3376/4 3375/3375/4 3374/3374/4
f 3377/3377/5 3380/3380/5 3379/3379/5 3378/3378/5
f 3381/3381/6 3384/3384/6 3383/3383/6 3382/3382/6
f 3385/3385/1 3388/3388/1 3387/3387/1 3386/3386/1
f 3389/3389/2 3392/3392/2 3391/3391/2 3390/3390/2
f 3393/3393/3 3396/3396/3 3395/3395/3 3394/3394/3
f 3397/3397/4 3400/3400/4 3399/3399/4 3398/3398/4
f 3401/3401/1 3404/3404/1 3403/3403/1 3402/3402/1
f 3405/3405/2 3408/3408/2 3407/3407/2 3406/3406/2
f 3409/3409/3 3412/3412/3 3411/3411/3 3410/3410/3
f 3413/3413/4 3416/3416/4 3415/3415/4 3414/3414/4
f 3417/3417/5 3420/3420/5 3419/3419/5 3418/3418/5
f 3421/3421/6 3424/3424/6 3423/3423/6 3422/3422/6
f 3425/3425/1 3428/3428/1 3427/3427/1 3426/3426/1
f 3429/3429/2 3432/3432/2 3431/3431/2 3430/3430/2
f 3433/3433/3 3436/3436/3 3435/3435/3 3434/3434/3
f 3437/3437/4 3440/3440/4 3439/3439/4 3438/3438/4
f 3441/3441/1 3444/3444/1 3443/3443/1 3442/3442/1
f 3445/3445/2 3448/3448/2 3447/3447/2 3446/3446/2
f 3449/3449/3 3452/3452/3 3451/3451/3 3450/3450/3
f 3453/3453/4 3456/3456/4 3455/3455/4 3454/3454/4
f 3457/3457/5 3460/3460/5 3459/3459/5 3458/3458/5
f 3461/3461/6 3464/3464/6 3463/3463/6 3462/3462/6
f 3465/3465/1 3468/3468/1 3467/3467/1 3466/3466/1
f 3469/3469/2 3472/3472/2 3471/3471/2 3470/3470/2
f 3473/3473/3 3476/3476/3 3475/3475/3 3474/3474/3
f 3477/3477/4 3480/3480/4 3479/3479/4 3478/3478/4
f 3481/3481/1 3484/3484/1 3483/3483/1 3482/3482/1
f 3485/3485/2 3488/3488/2 3487/3487/2 3486/3486/2
f 3489/3489/3 3492/3492/3 3491/3491/3 3490/3490/3
f 3493/3493/4 3496/3496/4 3495/3495/4 3494/3494/4
f 3497/3497/5 3500/3500/5 3499/3499/5 3498/3498/5
f 3501/3501/6 3504/3504/6 3503/3503/6 3502/3502/6
f 3505/3505/1 3508/3508/1 3507/3507/1 3506/3506/1
f 3509/3509/2 3512/3512/2 3511/3511/2 3510/3510/2
f 3513/3513/3 3516/3516/3 3515/3515/3 3514/3514/3
f 3517/3517/4 3520/3520/4 3519/3519/4 3518/3518/4
f 3521/3521/1 3524/3524/1 3523/3523/1 3522/3522/1
f 3525/3525/2 3528/3528/2 3527/3527/2 3526/3526/2
f 3529/3529/3 3532/3532/3 3531/3531/3 3530/3530/3
f 3533/3533/4 3536/3536/4 3535/3535/4 3534/3534/4
f 3537/3537/5 3540/3540/5 3539/3539/5 3538/3538/5
f 3541/3541/6 3544/3544/6 3543/3543/6 3542/3542/6
f 3545/3545/1 3548/3548/1 3547/3547/1 3546/3546/1
f 3549/3549/2 3552/3552/2 3551/3551/2 3550/3550/2
f 3553/3553/3 3556/3556/3 3555/3555/3 3554/3554/3
f 3557/3557/4 3560/3560/4 3559/3559/4 3558/3558/4
f 3561/3561/1 3564/3564/1 3563/3563/1 3562/3562/1
f 3565/3565/2 3568/3568/2 3567/3567/2 3566/3566/2
f 3569/3569/3 3572/3572/3 3571/3571/3 3570/3570/3
f 3573/3573/4 3576/3576/4 3575/3575/4 3574/3574/4
f 3577/3577/5 3580/3580/5 3579/3579/5 3578/3578/5
f 3581/3581/6 3584/3584/6 3583/3583/6 3582/3582/6
f 3585/3585/1 3588/3588/1 3587/3587/1 3586/3586/1
f 3589/3589/2 3592/3592/2 3591/3591/2 3590/3590/2
f 3593/3593/3 3596/3596/3 3595/3595/3 3594/3594/3
f 3597/3597/4 3600/3600/4 3599/3599/4 3598/3598/4
f 3601/3601/1 3604/3604/1 3603/3603/1 3602/3602/1
f 3605/3605/2 3608/3608/2 3607/3607/2 3606/3606/2
f 3609/3609/3 3612/3612/3 3611/3611/3 3610/3610/3
f 3613/3613/4 3616/3616/4 3615/3615/4 3614/3614/4
f 3617/3617/5 3620/3620/5 3619/3619/5 3618/3618/5
f 3621/3621/6 3624/3624/6 3623/3623/6 3622/3622/6
f 3625/3625/1 3628/3628/1 3627/3627/1 3626/3626/1
f 3629/3629/2 3632/3632/2 3631/3631/2 3630/3630/2
f 3633/3633/3 3636/3636/3 3635/3635/3 3634/3634/3
f 3637/3637/4 3640/3640/4 3639/3639/4 3638/3638/4
f 3641/3641/1 3644/3644/1 3643/3643/1 3642/3642/1
f 3645/3645/2 3648/3648/2 3647/3647/2 3646/3646/2
f 3649/3649/3 3652/3652/3 3651/3651/3 3650/3650/3
f 3653/3653/4 3656/3656/4 3655/3655/4 3654/3654/4
f 3657/3657/5 3660/3660/5 3659/3659/5 3658/3658/5
f 3661/3661/6 3664/3664/6 3663/3663/6 3662/3662/6
f 3665/3665/1 3668/3668/1 3667/3667/1 3666/3666/1
f 3669/3669/2 3672/3672/2 3671/3671/2 3670/3670/2
f 3673/3673/3 3676/3676/3 3675/3675/3 3674/3674/3
f 3677/3677/4 3680/3680/4 3679/3679/4 3678/3678/4
f 3681/3681/1 3684/3684/1 3683/3683/1 3682/3682/1
f 3685/3685/2 3688/3688/2 3687/3687/2 3686/3686/2
f 3689/3689/3 3692/3692/3 3691/3691/3 3690/3690/3
f 3693/3693/4 3696/3696/4 3695/3695/4 3694/3694/4
f 3697/3697/5 3700/3700/5 3699/3699/5 3698/3698/5
f 3701/3701/6 3704/3704/6 3703/3703/6 3702/3702/6
f 3705/3705/1 3708/3708/1 3707/3707/1 3706/3706/1
f 3709/3709/2 3712/3712/2 3711/3711/2 3710/3710/2
f 3713/3713/3 3716/3716/3 3715/3715/3 3714/3714/3
f 3717/3717/4 3720/3720/4 3719/3719/4 3718/3718/4
f 3721/3721/1 3724/3724/1 3723/3723/1 3722/3722/1
f 3725/3725/2 3728/3728/2 3727/3727/2 3726/3726/2
f 3729/3729/3 3732/3732/3 3731/3731/3 3730/3730/3
f 3733/3733/4 3736/3736/4 3735/3735/4 3734/3734/4
f 3737/3737/5 3740/3740/5 3739/3739/5 3738/3738/5
f 3741/3741/6 3744/3744/6 3743/3743/6 3742/3742/6
f 3745/3745/1 3748/3748/1 3747/3747/1 3746/3746/1
f 3749/3749/2 3752/3752/2 3751/3751/2 3750/3750/2
f 3753/3753/3 3756/3756/3 3755/3755/3 3754/3754/3
f 3757/3757/4 3760/3760/4 3759/3759/4 3758/3758/4
f 3761/3761/1 3764/3764/1 3763/3763/1 3762/3762/1
f 3765/3765/2 3768/3768/2 3767/3767/2 3766/3766/2
f 3769/3769/3 3772/3772/3 3771/3771/3 3770/3770/3
f 3773/3773/4 3776/3776/4 3775/3775/4 3774/3774/4
f 3777/3777/5 3780/3780/5 3779/3779/5 3778/3778/5
f 3781/3781/6 3784/3784/6 3783/3783/6 3782/3782/6
f 3785/3785/1 3788/3788/1 3787/3787/1 3786/3786/1
f 3789/3789/2 3792/3792/2 3791/3791/2 3790/3790/2
f 3793/3793/3 3796/3796/3 3795/3795/3 3794/3794/3
f 3797/3797/4 3800/3800/4 3799/3799/4 3798/3798/4
f 3801/3801/1 3804/3804/1 3803/3803/1 3802/3802/1
f 3805/3805/2 3808/3808/2 3807/3807/2 3806/3806/2
f 3809/3809/3 3812/3812/3 3811/3811/3 3810/3810/3
f 3813/3813/4 3816/3816/4 3815/3815/4 3814/3814/4
f 3817/3817/5 3820/3820/5 3819/3819/5 3818/3818/5
f 3821/3821/6 3824/3824/6 3823/3823/6 3822/3822/6
f 3825/3825/1 3828/3828/1 3827/3827/1 3826/3826/1
f 3829/3829/2 3832/3832/2 3831/3831/2 3830/3830/2
f 3833/3833/3 3836/3836/3 3835/3835/3 3834/3834/3
f 3837/3837/4 3840/3840/4 3839/3839/4 3838/3838/4
f 3841/3841/1 3844/3844/1 3843/3843/1 3842/3842/1
f 3845/3845/2 3848/3848/2 3847/3847/2 3846/3846/2
f 3849/3849/3 3852/3852/3 3851/3851/3 3850/3850/3
f 3853/3853/4 3856/3856/4 3855/3855/4 3854/3854/4
f 3857/3857/5 3860/3860/5 3859/3859/5 3858/3858/5
f 3861/3861/6 3864/3864/6 3863/3863/6 3862/3862/6
f 3865/3865/1 3868/3868/1 3867/3867/1 3866/3866/1
f 3869/3869/2 3872/3872/2 3871/3871/2 3870/3870/2
f 3873/3873/3 3876/3876/3 3875/3875/3 3874/3874/3
f 3877/3877/4 3880/3880/4 3879/3879/4 3878/3878/4
f 3881/3881/1 3884/3884/1 3883/3883/1 3882/3882/1
f 3885/3885/2 3888/3888/2 3887/3887/2 3886/3886/2
f 3889/3889/3 3892/3892/3 3891/3891/3 3890/3890/3
f 3893/3893/4 3896/3896/4 3895/3895/4 3894/3894/4
f 3897/3897/5 3900/3900/5 3899/3899/5 3898/3898/5
f 3901/3901/6 3904/3904/6 3903/3903/6 3902/3902/6
f 3905/3905/1 3908/3908/1 3907/3907/1 3906/3906/1
f 3909/3909/2 3912/3912/2 3911/3911/2 3910/3910/2
f 3913/3913/3 3916/3916/3 3915/3915/3 3914/3914/3
f 3917/3917/4 3920/3920/4 3919/3919/4 3918/3918/4
f 3921/3921/1 3924/3924/1 3923/3923/1 3922/3922/1
f 3925/3925/2 3928/3928/2 3927/3927/2 3926/3926/2
f 3929/3929/3 3932/3932/3 3931/3931/3 3930/3930/3
f 3933/3933/4 3936/3936/4 3935/3935/4 3934/3934/4
f 3937/3937/5 3940/3940/5 3939/3939/5 3938/3938/5
f 3941/3941/6 3944/3944/6 3943/3943/6 3942/3942/6
f 3945/3945/1 3948/3948/1 3947/3947/1 3946/3946/1
f 3949/3949/2 3952/3952/2 3951/3951/2 3950/3950/2
f 3953/3953/3 3956/3956/3 3955/3955/3 3954/3954/3
f 3957/3957/4 3960/3960/4 3959/3959/4 3958/3958/4
f 3961/3961/1 3964/3964/1 3963/3963/1 3962/3962/1
f 3965/3965/2 3968/3968/2 3967/3967/2 3966/3966/2
f 3969/3969/3 3972/3972/3 3971/3971/3 3970/3970/3
f 3973/3973/4 3976/3976/4 3975/3975/4 3974/3974/4
f 3977/3977/5 3980/3980/5 3979/3979/5 3978/3978/5
f 3981/3981/6 3984/3984/6 3983/3983/6 3982/3982/6
f 3985/3985/1 3988/3988/1 3987/3987/1 3986/3986/1
f 3989/3989/2 3992/3992/2 3991/3991/2 3990/3990/2
f 3993/3993/3 3996/3996/3 3995/3995/3 3994/3994/3
f 3997/3997/4 4000/4000/4 3999/3999/4 3998/3998/4
f 4001/4001/1 4004/4004/1 4003/4003/1 4002/4002/1
f 4005/4005/2 4008/4008/2 4007/4007/2 4006/4006/2
f 4009/4009/3 4012/4012/3 4011/4011/3 4010/4010/3
f 4013/4013/4 4016/4016/4 4015/4015/4 4014/4014/4
f 4017/4017/5 4020/4020/5 4019/4019/5 4018/4018/5
f 4021/4021/6 4024/4024/6 4023/4023/6 4022/4022/6
f 4025/4025/1 4028/4028/1 4027/4027/1 4026/4026/1
f 4029/4029/2 4032/4032/2 4031/4031/2 4030/4030/2
f 4033/4033/3 4036/4036/3 4035/4035/3 4034/4034/3
f 4037/4037/4 4040/4040/4 4039/4039/4 4038/4038/4
f 4041/4041/1 4044/4044/1 4043/4043/1 4042/4042/1
f 4045/4045/2 4048/4048/2 4047/4047/2 4046/4046/2
f 4049/4049/3 4052/4052/3 4051/4051/3 4050/4050/3
f 4053/4053/4 4056/4056/4 4055/4055/4 4054/4054/4
f 4057/4057/5 4060/4060/5 4059/4059/5 4058/4058/5
f 4061/4061/6 4064/4064/6 4063/4063/6 4062/4062/6
f 4065/4065/1 4068/4068/1 4067/4067/1 4066/4066/1
f 4069/4069/2 4072/4072/2 4071/4071/2 4070/4070/2
f 4073/4073/3 4076/4076/3 4075/4075/3 4074/4074/3
f 4077/4077/4 4080/4080/4 4079/4079/4 4078/4078/4
f 4081/4081/1 4084/4084/1 4083/4083/1 4082/4082/1
f 4085/4085/2 4088/4088/2 4087/4087/2 4086/4086/2
f 4089/4089/3 4092/4092/3 4091/4091/3 4090/4090/3
f 4093/4093/4 4096/4096/4 4095/4095/4 4094/4094/4
f 4097/4097/5 4100/4100/5 4099/4099/5 4098/4098/5
f 4101/4101/6 4104/4104/6 4103/4103/6 4102/4102/6
f 4105/4105/1 4108/4108/1 4107/4107/1 4106/4106/1
f 4109/4109/2 4112/4112/2 4111/4111/2 4110/4110/2
f 4113/4113/3 4116/4116/3 4115/4115/3 4114/4114/3
f 4117/4117/4 4120/4120/4 4119/4119/4 4118/4118/4
f 4121/4121/1 4124/4124/1 4123/4123/1 4122/4122/1
f 4125/4125/2 4128/4128/2 4127/4127/2 4126/4126/2
f 4129/4129/3 4132/4132/3 4131/4131/3 4130/4130/3
f 4133/4133/4 4136/4136/4 4135/4135/4 4134/4134/4
f 4137/4137/5 4140/4140/5 4139/4139/5 4138/4138/5
f 4141/4141/6 4144/4144/6 4143/4143/6 4142/4142/6
f 4145/4145/1 4148/4148/1 4147/4147/1 4146/4146/1
f 4149/4149/2 4152/4152/2 4151/4151/2 4150/4150/2
f 4153/4153/3 4156/4156/3 4155/4155/3 4154/4154/3
f 4157/4157/4 4160/4160/4 4159/4159/4 4158/4158/4
f 4161/4161/1 4164/4164/1 4163/4163/1 4162/4162/1
f 4165/4165/2 4168/4168/2 4167/4167/2 4166/4166/2
f 4169/4169/3 4172/4172/3 4171/4171/3 4170/4170/3
f 4173/4173/4 4176/4176/4 4175/4175/4 4174/4174/4
f 4177/4177/5 4180/4180/5 4179/4179/5 4178/4178/5
f 4181/4181/6 4184/4184/6 4183/4183/6 4182/4182/6
f 4185/4185/1 4188/4188/1 4187/4187/1 4186/4186/1
f 4189/4189/2 4192/4192/2 4191/4191/2 4190/4190/2
f 4193/4193/3 4196/4196/3 4195/4195/3 4194/4194/3
f 4197/4197/4 4200/4200/4 4199/4199/4 4198/4198/4
f 4201/4201/1 4204/4204/1 4203/4203/1 4202/4202/1
f 4205/4205/2 4208/4208/2 4207/4207/2 4206/4206/2
f 4209/4209/3 4212/4212/3 4211/4211/3 4210/4210/3
f 4213/4213/4 4216/4216/4 4215/4215/4 4214/4214/4
f 4217/4217/5 4220/4220/5 4219/4219/5 4218/4218/5
f 4221/4221/6 4224/4224/6 4223/4223/6 4222/4222/6
f 4225/4225/1 4228/4228/1 4227/4227/1 4226/4226/1
f 4229/4229/2 4232/4232/2 4231/4231/2 4230/4230/2
f 4233/4233/3 4236/4236/3 4235/4235/3 4234/4234/3
f 4237/4237/4 4240/4240/4 4239/4239/4 4238/4238/4
f 4241/4241/1 4244/4244/1 4243/4243/1 4242/4242/1
f 4245/4245/2 4248/4248/2 4247/4247/2 4246/4246/2
f 4249/4249/3 4252/4252/3 4251/4251/3 4250/4250/3
f 4253/4253/4 4256/4256/4 4255/4255/4 4254/4254/4
f 4257/4257/5 4260/4260/5 4259/4259/5 4258/4258/5
f 4261/4261/6 4264/4264/6 4263/4263/6 4262/4262/6
f 4265/4265/1 4268/4268/1 4267/4267/1 4266/4266/1
f 4269/4269/2 4272/4272/2 4271/4271/2 4270/4270/2
f 4273/4273/3 4276/4276/3 4275/4275/3 4274/4274/3
f 4277/4277/4 4280/4280/4 4279/4279/4 4278/4278/4
f 4281/4281/1 4284/4284/1 4283/4283/1 4282/4282/1
f 4285/4285/2 4288/4288/2 4287/4287/2 4286/4286/2
f 4289/4289/3 4292/4292/3 4291/4291/3 4290/4290/3
f 4293/4293/4 4296/4296/4 4295/4295/4 4294/4294/4
f 4297/4297/5 4300/4300/5 4299/4299/5 4298/4298/5
f 4301/4301/6 4304/4304/6 4303/4303/6 4302/4302/6
f 4305/4305/1 4308/4308/1 4307/4307/1 4306/4306/1
f 4309/4309/2 4312/4312/2 4311/4311/2 4310/4310/2
f 4313/4313/3 4316/4316/3 4315/4315/3 4314/4314/3
f 4317/4317/4 4320/4320/4 4319/4319/4 4318/4318/4
f 4321/4321/1 4324/4324/1 4323/4323/1 4322/4322/1
f 4325/4325/2 4328/4328/2 4327/4327/2 4326/4326/2
f 4329/4329/3 4332/4332/3 4331/4331/3 4330/4330/3
f 4333/4333/4 4336/4336/4 4335/4335/4 4334/4334/4
f 4337/4337/5 4340/4340/5 4339/4339/5 4338/4338/5
f 4341/4341/6 4344/4344/6 4343/4343/6 4342/4342/6
f 4345/4345/1 4348/4348/1 4347/4347/1 4346/4346/1
f 4349/4349/2 4352/4352/2 4351/4351/2 4350/4350/2
f 4353/4353/3 4356/4356/3 4355/4355/3 4354/4354/3
f 4357/4357/4 4360/4360/4 4359/4359/4 4358/4358/4
f 4361/4361/1 4364/4364/1 4363/4363/1 4362/4362/1
f 4365/4365/2 4368/4368/2 4367/4367/2 4366/4366/2
f 4369/4369/3 4372/4372/3 4371/4371/3 4370/4370/3
f 4373/4373/4 4376/4376/4 4375/4375/4 4374/4374/4
f 4377/4377/5 4380/4380/5 4379/4379/5 4378/4378/5
f 4381/4381/6 4384/4384/6 4383/4383/6 4382/4382/6
f 4385/4385/1 4388/4388/1 4387/4387/1 4386/4386/1
f 4389/4389/2 4392/4392/2 4391/4391/2 4390/4390/2
f 4393/4393/3 4396/4396/3 4395/4395/3 4394/4394/3
f 4397/4397/4 4400/4400/4 4399/4399/4 4398/4398/4
f 4401/4401/1 4404/4404/1 4403/4403/1 4402/4402/1
f 4405/4405/2 4408/4408/2 4407/4407/2 4406/4406/2
f 4409/4409/3 4412/4412/3 4411/4411/3 4410/4410/3
f 4413/4413/4 4416/4416/4 4415/4415/4 4414/4414/4
f 4417/4417/5 4420/4420/5 4419/4419/5 4418/4418/5
f 4421/4421/6 4424/4424/6 4423/4423/6 4422/4422/6
f 4425/4425/1 4428/4428/1 4427/4427/1 4426/4426/1
f 4429/4429/2 4432/4432/2 4431/4431/2 4430/4430/2
f 4433/4433/3 4436/4436/3 4435/4435/3 4434/4434/3
f 4437/4437/4 4440/4440/4 4439/4439/4 4438/4438/4
f 4441/4441/1 4444/4444/1 4443/4443/1 4442/4442/1
f 4445/4445/2 4448/4448/2 4447/4447/2 4446/4446/2
f 4449/4449/3 4452/4452/3 4451/4451/3 4450/4450/3
f 4453/4453/4 4456/4456/4 4455/4455/4 4454/4454/4
f 4457/4457/5 4460/4460/5 4459/4459/5 4458/4458/5
f 4461/4461/6 4464/4464/6 4463/4463/6 4462/4462/6
f 4465/4465/1 4468/4468/1 4467/4467/1 4466/4466/1
f 4469/4469/2 4472/4472/2 4471/4471/2 4470/4470/2
f 4473/4473/3 4476/4476/3 4475/4475/3 4474/4474/3
f 4477/4477/4 4480/4480/4 4479/4479/4 4478/4478/4
f 4481/4481/1 4484/4484/1 4483/4483/1 4482/4482/1
f 4485/4485/2 4488/4488/2 4487/4487/2 4486/4486/2
f 4489/4489/3 4492/4492/3 4491/4491/3 4490/4490/3
f 4493/4493/4 4496/4496/4 4495/4495/4 4494/4494/4
f 4497/4497/5 4500/4500/5 4499/4499/5 4498/4498/5
f 4501/4501/6 4504/4504/6 4503/4503/6 4502/4502/6
f 4505/4505/1 4508/4508/1 4507/4507/1 4506/4506/1
f 4509/4509/2 4512/4512/2 4511/4511/2 4510/4510/2
f 4513/4513/3 4516/4516/3 4515/4515/3 4514/4514/3
f 4517/4517/4 4520/4520/4 4519/4519/4 4518/4518/4
f 4521/4521/1 4524/4524/1 4523/4523/1 4522/4522/1
f 4525/4525/2 4528/4528/2 4527/4527/2 4526/4526/2
f 4529/4529/3 4532/4532/3 4531/4531/3 4530/4530/3
f 4533/4533/4 4536/4536/4 4535/4535/4 4534/4534/4
f 4537/4537/5 4540/4540/5 4539/4539/5 4538/4538/5
f 4541/4541/6 4544/4544/6 4543/4543/6 4542/4542/6
f 4545/4545/1 4548/4548/1 4547/4547/1 4546/4546/1
f 4549/4549/2 4552/4552/2 4551/4551/2 4550/4550/2
f 4553/4553/3 4556/4556/3 4555/4555/3 4554/4554/3
f 4557/4557/4 4560/4560/4 4559/4559/4 4558/4558/4
f 4561/4561/1 4564/4564/1 4563/4563/1 4562/4562/1
f 4565/4565/2 4568/4568/2 4567/4567/2 4566/4566/2
f 4569/4569/3 4572/4572/3 4571/4571/3 4570/4570/3
f 4573/4573/4 4576/4576/4 4575/4575/4 4574/4574/4
f 4577/4577/5 4580/4580/5 4579/4579/5 4578/4578/5
f 4581/4581/6 4584/4584/6 4583/4583/6 4582/4582/6
f 4585/4585/1 4588/4588/1 4587/4587/1 4586/4586/1
f 4589/4589/2 4592/4592/2 4591/4591/2 4590/4590/2
f 4593/4593/3 4596/4596/3 4595/4595/3 4594/4594/3
f 4597/4597/4 4600/4600/4 4599/4599/4 4598/4598/4
f 4601/4601/1 4604/4604/1 4603/4603/1 4602/4602/1
f 4605/4605/2 4608/4608/2 4607/4607/2 4606/4606/2
f 4609/4609/3 4612/4612/3 4611/4611/3 4610/4610/3
f 4613/4613/4 4616/4616/4 4615/4615/4 4614/4614/4
f 4617/4617/5 4620/4620/5 4619/4619/5 4618/4618/5
f 4621/4621/6 4624/4624/6 4623/4623/6 4622/4622/6
f 4625/4625/1 4628/4628/1 4627/4627/1 4626/4626/1
f 4629/4629/2 4632/4632/2 4631/4631/2 4630/4630/2
f 4633/4633/3 4636/4636/3 4635/4635/3 4634/4634/3
f 4637/4637/4 4640/4640/4 4639/4639/4 4638/4638/4
f 4641/4641/1 4644/4644/1 4643/4643/1 4642/4642/1
f 4645/4645/2 4648/4648/2 4647/4647/2 4646/4646/2
f 4649/4649/3 4652/4652/3 4651/4651/3 4650/4650/3
f 4653/4653/4 4656/4656/4 4655/4655/4 4654/4654/4
f 4657/4657/5 4660/4660/5 4659/4659/5 4658/4658/5
f 4661/4661/6 4664/4664/6 4663/4663/6 4662/4662/6
f 4665/4665/1 4668/4668/1 4667/4667/1 4666/4666/1
f 4669/4669/2 4672/4672/2 4671/4671/2 4670/4670/2
f 4673/4673/3 4676/4676/3 4675/4675/3 4674/4674/3
f 4677/4677/4 4680/4680/4 4679/4679/4 4678/4678/4
f 4681/4681/1 4684/4684/1 4683/4683/1 4682/4682/1
f 4685/4685/2 4688/4688/2 4687/4687/2 4686/4686/2
f 4689/4689/3 4692/4692/3 4691/4691/3 4690/4690/3
f 4693/4693/4 4696/4696/4 4695/4695/4 4694/4694/4
f 4697/4697/5 4700/4700/5 4699/4699/5 4698/4698/5
f 4701/4701/6 4704/4704/6 4703/4703/6 4702/4702/6
f 4705/4705/1 4708/4708/1 4707/4707/1 4706/4706/1
f 4709/4709/2 4712/4712/2 4711/4711/2 4710/4710/2
f 4713/4713/3 4716/4716/3 4715/4715/3 4714/4714/3
f 4717/4717/4 4720/4720/4 4719/4719/4 4718/4718/4
f 4721/4721/1 4724/4724/1 4723/4723/1 4722/4722/1
f 4725/4725/2 4728/4728/2 4727/4727/2 4726/4726/2
f 4729/4729/3 4732/4732/3 4731/4731/3 4730/4730/3
f 4733/4733/4 4736/4736/4 4735/4735/4 4734/4734/4
f 4737/4737/5 4740/4740/5 4739/4739/5 4738/4738/5
f 4741/4741/6 4744/4744/6 4743/4743/6 4742/4742/6
f 4745/4745/1 4748/4748/1 4747/4747/1 4746/4746/1
f 4749/4749/2 4752/4752/2 4751/4751/2 4750/4750/2
f 4753/4753/3 4756/4756/3 4755/4755/3 4754/4754/3
f 4757/4757/4 4760/4760/4 4759/4759/4 4758/4758/4
f 4761/4761/1 4764/4764/1 4763/4763/1 4762/4762/1
f 4765/4765/2 4768/4768/2 4767/4767/2 4766/4766/2
f 4769/4769/3 4772/4772/3 4771/4771/3 4770/4770/3
f 4773/4773/4 4776/4776/4 4775/4775/4 4774/4774/4
f 4777/4777/5 4780/4780/5 4779/4779/5 4778/4778/5
f 4781/4781/6 4784/4784/6 4783/4783/6 4782/4782/6
f 4785/4785/1 4788/4788/1 4787/4787/1 4786/4786/1
f 4789/4789/2 4792/4792/2 4791/4791/2 4790/4790/2
f 4793/4793/3 4796/4796/3 4795/4795/3 4794/4794/3
f 4797/4797/4 4800/4800/4 4799/4799/4 4798/4798/4
f 4801/4801/1 4804/4804/1 4803/4803/1 4802/4802/1
f 4805/4805/2 4808/4808/2 4807/4807/2 4806/4806/2
f 4809/4809/3 4812/4812/3 4811/4811/3 4810/4810/3
f 4813/4813/4 4816/4816/4 4815/4815/4 4814/4814/4
f 4817/4817/5 4820/4820/5 4819/4819/5 4818/4818/5
f 4821/4821/6 4824/4824/6 4823/4823/6 4822/4822/6
f 4825/4825/1 4828/4828/1 4827/4827/1 4826/4826/1
f 4829/4829/2 4832/4832/2 4831/4831/2 4830/4830/2
f 4833/4833/3 4836/4836/3 4835/4835/3 4834/4834/3
f 4837/4837/4 4840/4840/4 4839/4839/4 4838/4838/4
f 4841/4841/1 4844/4844/1 4843/4843/1 4842/4842/1
f 4845/4845/2 4848/4848/2 4847/4847/2 4846/4846/2
f 4849/4849/3 4852/4852/3 4851/4851/3 4850/4850/3
f 4853/4853/4 4856/4856/4 4855/4855/4 4854/4854/4
f 4857/4857/5 4860/4860/5 4859/4859/5 4858/4858/5
f 4861/4861/6 4864/4864/6 4863/4863/6 4862/4862/6
f 4865/4865/1 4868/4868/1 4867/4867/1 4866/4866/1
f 4869/4869/2 4872/4872/2 4871/4871/2 4870/4870/2
f 4873/4873/3 4876/4876/3 4875/4875/3 4874/4874/3
f 4877/4877/4 4880/4880/4 4879/4879/4 4878/4878/4
f 4881/4881/1 4884/4884/1 4883/4883/1 4882/4882/1
f 4885/4885/2 4888/4888/2 4887/4887/2 4886/4886/2
f 4889/4889/3 4892/4892/3 4891/4891/3 4890/4890/3
f 4893/4893/4 4896/4896/4 4895/4895/4 4894/4894/4
f 4897/4897/5 4900/4900/5 4899/4899/5 4898/4898/5
f 4901/4901/6 4904/4904/6 4903/4903/6 4902/4902/6
f 4905/4905/1 4908/4908/1 4907/4907/1 4906/4906/1
f 4909/4909/2 4912/4912/2 4911/4911/2 4910/4910/2
f 4913/4913/3 4916/4916/3 4915/4915/3 4914/4914/3
f 4917/4917/4 4920/4920/4 4919/4919/4 4918/4918/4
f 4921/4921/1 4924/4924/1 4923/4923/1 4922/4922/1
f 4925/4925/2 4928/4928/2 4927/4927/2 4926/4926/2
f 4929/4929/3 4932/4932/3 4931/4931/3 4930/4930/3
f 4933/4933/4 4936/4936/4 4935/4935/4 4934/4934/4
f 4937/4937/5 4940/4940/5 4939/4939/5 4938/4938/5
f 4941/4941/6 4944/4944/6 4943/4943/6 4942/4942/6
f 4945/4945/1 4948/4948/1 4947/4947/1 4946/4946/1
f 4949/4949/2 4952/4952/2 4951/4951/2 4950/4950/2
f 4953/4953/3 4956/4956/3 4955/4955/3 4954/4954/3
f 4957/4957/4 4960/4960/4 4959/4959/4 4958/4958/4
f 4961/4961/1 4964/4964/1 4963/4963/1 4962/4962/1
f 4965/4965/2 4968/4968/2 4967/4967/2 4966/4966/2
f 4969/4969/3 4972/4972/3 4971/4971/3 4970/4970/3
f 4973/4973/4 4976/4976/4 4975/4975/4 4974/4974/4
f 4977/4977/5 4980/4980/5 4979/4979/5 4978/4978/5
f 4981/4981/6 4984/4984/6 4983/4983/6 4982/4982/6
f 4985/4985/1 4988/4988/1 4987/4987/1 4986/4986/1
f 4989/4989/2 4992/4992/2 4991/4991/2 4990/4990/2
f 4993/4993/3 4996/4996/3 4995/4995/3 4994/4994/3
f 4997/4997/4 5000/5000/4 4999/4999/4 4998/4998/4
f 5001/5001/1 5004/5004/1 5003/5003/1 5002/5002/1
f 5005/5005/2 5008/5008/2 5007/5007/2 5006/5006/2
f 5009/5009/3 5012/5012/3 5011/5011/3 5010/5010/3
f 5013/5013/4 5016/5016/4 5015/5015/4 5014/5014/4
f 5017/5017/5 5020/5020/5 5019/5019/5 5018/5018/5
f 5021/5021/6 5024/5024/6 5023/5023/6 5022/5022/6
f 5025/5025/1 5028/5028/1 5027/5027/1 5026/5026/1
f 5029/5029/2 5032/5032/2 5031/5031/2 5030/5030/2
f 5033/5033/3 5036/5036/3 5035/5035/3 5034/5034/3
f 5037/5037/4 5040/5040/4 5039/5039/4 5038/5038/4
f 5041/5041/1 5044/5044/1 5043/5043/1 5042/5042/1
f 5045/5045/2 5048/5048/2 5047/5047/2 5046/5046/2
f 5049/5049/3 5052/5052/3 5051/5051/3 5050/5050/3
f 5053/5053/4 5056/5056/4 5055/5055/4 5054/5054/4
f 5057/5057/5 5060/5060/5 5059/5059/5 5058/5058/5
f 5061/5061/6 5064/5064/6 5063/5063/6 5062/5062/6
f 5065/5065/1 5068/5068/1 5067/5067/1 5066/5066/1
f 5069/5069/2 5072/5072/2 5071/5071/2 5070/5070/2
f 5073/5073/3 5076/5076/3 5075/5075/3 5074/5074/3
f 5077/5077/4 5080/5080/4 5079/5079/4 5078/5078/4
f 5081/5081/1 5084/5084/1 5083/5083/1 5082/5082/1
f 5085/5085/2 5088/5088/2 5087/5087/2 5086/5086/2
f 5089/5089/3 5092/5092/3 5091/5091/3 5090/5090/3
f 5093/5093/4 5096/5096/4 5095/5095/4 5094/5094/4
f 5097/5097/5 5100/5100/5 5099/5099/5 5098/5098/5
f 5101/5101/6 5104/5104/6 5103/5103/6 5102/5102/6
f 5105/5105/1 5108/5108/1 5107/5107/1 5106/5106/1
f 5109/5109/2 5112/5112/2 5111/5111/2 5110/5110/2
f 5113/5113/3 5116/5116/3 5115/5115/3 5114/5114/3
f 5117/5117/4 5120/5120/4 5119/5119/4 5118/5118/4
f 5121/5121/1 5124/5124/1 5123/5123/1 5122/5122/1
f 5125/5125/2 5128/5128/2 5127/5127/2 5126/5126/2
f 5129/5129/3 5132/5132/3 5131/5131/3 5130/5130/3
f 5133/5133/4 5136/5136/4 5135/5135/4 5134/5134/4
f 5137/5137/5 5140/5140/5 5139/5139/5 5138/5138/5
f 5141/5141/6 5144/5144/6 5143/5143/6 5142/5142/6
f 5145/5145/1 5148/5148/1 5147/5147/1 5146/5146/1
f 5149/5149/2 5152/5152/2 5151/5151/2 5150/5150/2
f 5153/5153/3 5156/5156/3 5155/5155/3 5154/5154/3
f 5157/5157/4 5160/5160/4 5159/5159/4 5158/5158/4
f 5161/5161/1 5164/5164/1 5163/5163/1 5162/5162/1
f 5165/5165/2 5168/5168/2 5167/5167/2 5166/5166/2
f 5169/5169/3 5172/5172/3 5171/5171/3 5170/5170/3
f 5173/5173/4 5176/5176/4 5175/5175/4 5174/5174/4
f 5177/5177/5 5180/5180/5 5179/5179/5 5178/5178/5
f 5181/5181/6 5184/5184/6 5183/5183/6 5182/5182/6
f 5185/5185/1 5188/5188/1 5187/5187/1 5186/5186/1
f 5189/5189/2 5192/5192/2 5191/5191/2 5190/5190/2
f 5193/5193/3 5196/5196/3 5195/5195/3 5194/5194/3
f 5197/5197/4 5200/5200/4 5199/5199/4 5198/5198/4
f 5201/5201/1 5204/5204/1 5203/5203/1 5202/5202/1
f 5205/5205/2 5208/5208/2 5207/5207/2 5206/5206/2
f 5209/5209/3 5212/5212/3 5211/5211/3 5210/5210/3
f 5213/5213/4 5216/5216/4 5215/5215/4 5214/5214/4
f 5217/5217/5 5220/5220/5 5219/5219/5 5218/5218/5
f 5221/5221/6 5224/5224/6 5223/5223/6 5222/5222/6
f 5225/5225/1 5228/5228/1 5227/5227/1 5226/5226/1
f 5229/5229/2 5232/5232/2 5231/5231/2 5230/5230/2
f 5233/5233/3 5236/5236/3 5235/5235/3 5234/5234/3
f 5237/5237/4 5240/5240/4 5239/5239/4 5238/5238/4
f 5241/5241/1 5244/5244/1 5243/5243/1 5242/5242/1
f 5245/5245/2 5248/5248/2 5247/5247/2 5246/5246/2
f 5249/5249/3 5252/5252/3 5251/5251/3 5250/5250/3
f 5253/5253/4 5256/5256/4 5255/5255/4 5254/5254/4
f 5257/5257/5 5260/5260/5 5259/5259/5 5258/5258/5
f 5261/5261/6 5264/5264/6 5263/5263/6 5262/5262/6
f 5265/5265/1 5268/5268/1 5267/5267/1 5266/5266/1
f 5269/5269/2 5272/5272/2 5271/5271/2 5270/5270/2
f 5273/5273/3 5276/5276/3 5275/5275/3 5274/5274/3
f 5277/5277/4 5280/5280/4 5279/5279/4 5278/5278/4
f 5281/5281/1 5284/5284/1 5283/5283/1 5282/5282/1
f 5285/5285/2 5288/5288/2 5287/5287/2 5286/5286/2
f 5289/5289/3 5292/5292/3 5291/5291/3 5290/5290/3
f 5293/5293/4 5296/5296/4 5295/5295/4 5294/5294/4
f 5297/5297/5 5300/5300/5 5299/5299/5 5298/5298/5
f 5301/5301/6 5304/5304/6 5303/5303/6 5302/5302/6
f 5305/5305/1 5308/5308/1 5307/5307/1 5306/5306/1
f 5309/5309/2 5312/5312/2 5311/5311/2 5310/5310/2
f 5313/5313/3 5316/5316/3 5315/5315/3 5314/5314/3
f 5317/5317/4 5320/5320/4 5319/5319/4 5318/5318/4
f 5321/5321/1 5324/5324/1 5323/5323/1 5322/5322/1
f 5325/5325/2 5328/5328/2 5327/5327/2 5326/5326/2
f 5329/5329/3 5332/5332/3 5331/5331/3 5330/5330/3
f 5333/5333/4 5336/5336/4 5335/5335/4 5334/5334/4
f 5337/5337/5 5340/5340/5 5339/5339/5 5338/5338/5
f 5341/5341/6 5344/5344/6 5343/5343/6 5342/5342/6
f 5345/5345/1 5348/5348/1 5347/5347/1 5346/5346/1
f 5349/5349/2 5352/5352/2 5351/5351/2 5350/5350/2
f 5353/5353/3 5356/5356/3 5355/5355/3 5354/5354/3
f 5357/5357/4 5360/5360/4 5359/5359/4 5358/5358/4
f 5361/5361/1 5364/5364/1 5363/5363/1 5362/5362/1
f 5365/5365/2 5368/5368/2 5367/5367/2 5366/5366/2
f 5369/5369/3 5372/5372/3 5371/5371/3 5370/5370/3
f 5373/5373/4 5376/5376/4 5375/5375/4 5374/5374/4
f 5377/5377/5 5380/5380/5 5379/5379/5 5378/5378/5
f 5381/5381/6 5384/5384/6 5383/5383/6 5382/5382/6
f 5385/5385/1 5388/5388/1 5387/5387/1 5386/5386/1
f 5389/5389/2 5392/5392/2 5391/5391/2 5390/5390/2
f 5393/5393/3 5396/5396/3 5395/5395/3 5394/5394/3
f 5397/5397/4 5400/5400/4 5399/5399/4 5398/5398/4
f 5401/5401/1 5404/5404/1 5403/5403/1 5402/5402/1
f 5405/5405/2 5408/5408/2 5407/5407/2 5406/5406/2
f 5409/5409/3 5412/5412/3 5411/5411/3 5410/5410/3
f 5413/5413/4 5416/5416/4 5415/5415/4 5414/5414/4
f 5417/5417/5 5420/5420/5 5419/5419/5 5418/5418/5
f 5421/5421/6 5424/5424/6 5423/5423/6 5422/5422/6
f 5425/5425/1 5428/5428/1 5427/5427/1 5426/5426/1
f 5429/5429/2 5432/5432/2 5431/5431/2 5430/5430/2
f 5433/5433/3 5436/5436/3 5435/5435/3 5434/5434/3
f 5437/5437/4 5440/5440/4 5439/5439/4 5438/5438/4
f 5441/5441/1 5444/5444/1 5443/5443/1 5442/5442/1
f 5445/5445/2 5448/5448/2 5447/5447/2 5446/5446/2
f 5449/5449/3 5452/5452/3 5451/5451/3 5450/5450/3
f 5453/5453/4 5456/5456/4 5455/5455/4 5454/5454/4
f 5457/5457/5 5460/5460/5 5459/5459/5 5458/5458/5
f 5461/5461/6 5464/5464/6 5463/5463/6 5462/5462/6
f 5465/5465/1 5468/5468/1 5467/5467/1 5466/5466/1
f 5469/5469/2 5472/5472/2 5471/5471/2 5470/5470/2
f 5473/5473/3 5476/5476/3 5475/5475/3 5474/5474/3
f 5477/5477/4 5480/5480/4 5479/5479/4 5478/5478/4
f 5481/5481/1 5484/5484/1 5483/5483/1 5482/5482/1
f 5485/5485/2 5488/5488/2 5487/5487/2 5486/5486/2
f 5489/5489/3 5492/5492/3 5491/5491/3 5490/5490/3
f 5493/5493/4 5496/5496/4 5495/5495/4 5494/5494/4
f 5497/5497/5 5500/5500/5 5499/5499/5 5498/5498/5
f 5501/5501/6 5504/5504/6 5503/5503/6 5502/5502/6
f 5505/5505/1 5508/5508/1 5507/5507/1 5506/5506/1
f 5509/5509/2 5512/5512/2 5511/5511/2 5510/5510/2
f 5513/5513/3 5516/5516/3 5515/5515/3 5514/5514/3
f 5517/5517/4 5520/5520/4 5519/5519/4 5518/5518/4
f 5521/5521/1 5524/5524/1 5523/5523/1 5522/5522/1
f 5525/5525/2 5528/5528/2 5527/5527/2 5526/5526/2
f 5529/5529/3 5532/5532/3 5531/5531/3 5530/5530/3
f 5533/5533/4 5536/5536/4 5535/5535/4 5534/5534/4
f 5537/5537/5 5540/5540/5 5539/5539/5 5538/5538/5
f 5541/5541/6 5544/5544/6 5543/5543/6 5542/5542/6
f 5545/5545/1 5548/5548/1 5547/5547/1 5546/5546/1
f 5549/5549/2 5552/5552/2 5551/5551/2 5550/5550/2
f 5553/5553/3 5556/5556/3 5555/5555/3 5554/5554/3
f 5557/5557/4 5560/5560/4 5559/5559/4 5558/5558/4
f 5561/5561/1 5564/5564/1 5563/5563/1 5562/5562/1
f 5565/5565/2 5568/5568/2 5567/5567/2 5566/5566/2
f 5569/5569/3 5572/5572/3 5571/5571/3 5570/5570/3
f 5573/5573/4 5576/5576/4 5575/5575/4 5574/5574/4
f 5577/5577/5 5580/5580/5 5579/5579/5 5578/5578/5
f 5581/5581/6 5584/5584/6 5583/5583/6 5582/5582/6
f 5585/5585/1 5588/5588/1 5587/5587/1 5586/5586/1
f 5589/5589/2 5592/5592/2 5591/5591/2 5590/5590/2
f 5593/5593/3 5596/5596/3 5595/5595/3 5594/5594/3
f 5597/5597/4 5600/5600/4 5599/5599/4 5598/5598/4
f 5601/5601/1 5604/5604/1 5603/5603/1 5602/5602/1
f 5605/5605/2 5608/5608/2 5607/5607/2 5606/5606/2
f 5609/5609/3 5612/5612/3 5611/5611/3 5610/5610/3
f 5613/5613/4 5616/5616/4 5615/5615/4 5614/5614/4
f 5617/5617/5 5620/5620/5 5619/5619/5 5618/5618/5
f 5621/5621/6 5624/5624/6 5623/5623/6 5622/5622/6
f 5625/5625/1 5628/5628/1 5627/5627/1 5626/5626/1
f 5629/5629/2 5632/5632/2 5631/5631/2 5630/5630/2
f 5633/5633/3 5636/5636/3 5635/5635/3 5634/5634/3
f 5637/5637/4 5640/5640/4 5639/5639/4 5638/5638/4
f 5641/5641/1 5644/5644/1 5643/5643/1 5642/5642/1
f 5645/5645/2 5648/5648/2 5647/5647/2 5646/5646/2
f 5649/5649/3 5652/5652/3 5651/5651/3 5650/5650/3
f 5653/5653/4 5656/5656/4 5655/5655/4 5654/5654/4
f 5657/5657/5 5660/5660/5 5659/5659/5 5658/5658/5
f 5661/5661/6 5664/5664/6 5663/5663/6 5662/5662/6
f 5665/5665/1 5668/5668/1 5667/5667/1 5666/5666/1
f 5669/5669/2 5672/5672/2 5671/5671/2 5670/5670/2
f 5673/5673/3 5676/5676/3 5675/5675/3 5674/5674/3
f 5677/5677/4 5680/5680/4 5679/5679/4 5678/5678/4
f 5681/5681/1 5684/5684/1 5683/5683/1 5682/5682/1
f 5685/5685/2 5688/5688/2 5687/5687/2 5686/5686/2
f 5689/5689/3 5692/5692/3 5691/5691/3 5690/5690/3
f 5693/5693/4 5696/5696/4 5695/5695/4 5694/5694/4
f 5697/5697/5 5700/5700/5 5699/5699/5 5698/5698/5
f 5701/5701/6 5704/5704/6 5703/5703/6 5702/5702/6
f 5705/5705/1 5708/5708/1 5707/5707/1 5706/5706/1
f 5709/5709/2 5712/5712/2 5711/5711/2 5710/5710/2
f 5713/5713/3 5716/5716/3 5715/5715/3 5714/5714/3
f 5717/5717/4 5720/5720/4 5719/5719/4 5718/5718/4
f 5721/5721/1 5724/5724/1 5723/5723/1 5722/5722/1
f 5725/5725/2 5728/5728/2 5727/5727/2 5726/5726/2
f 5729/5729/3 5732/5732/3 5731/5731/3 5730/5730/3
f 5733/5733/4 5736/5736/4 5735/5735/4 5734/5734/4
f 5737/5737/5 5740/5740/5 5739/5739/5 5738/5738/5
f 5741/5741/6 5744/5744/6 5743/5743/6 5742/5742/6
f 5745/5745/1 5748/5748/1 5747/5747/1 5746/5746/1
f 5749/5749/2 5752/5752/2 5751/5751/2 5750/5750/2
f 5753/5753/3 5756/5756/3 5755/5755/3 5754/5754/3
f 5757/5757/4 5760/5760/4 5759/5759/4 5758/5758/4
f 5761/5761/1 5764/5764/1 5763/5763/1 5762/5762/1
f 5765/5765/2 5768/5768/2 5767/5767/2 5766/5766/2
f 5769/5769/3 5772/5772/3 5771/5771/3 5770/5770/3
f 5773/5773/4 5776/5776/4 5775/5775/4 5774/5774/4
f 5777/5777/5 5780/5780/5 5779/5779/5 5778/5778/5
f 5781/5781/6 5784/5784/6 5783/5783/6 5782/5782/6
f 5785/5785/1 5788/5788/1 5787/5787/1 5786/5786/1
f 5789/5789/2 5792/5792/2 5791/5791/2 5790/5790/2
f 5793/5793/3 5796/5796/3 5795/5795/3 5794/5794/3
f 5797/5797/4 5800/5800/4 5799/5799/4 5798/5798/4
f 5801/5801/1 5804/5804/1 5803/5803/1 5802/5802/1
f 5805/5805/2 5808/5808/2 5807/5807/2 5806/5806/2
f 5809/5809/3 5812/5812/3 5811/5811/3 5810/5810/3
f 5813/5813/4 5816/5816/4 5815/5815/4 5814/5814/4
f 5817/5817/5 5820/5820/5 5819/5819/5 5818/5818/5
f 5821/5821/6 5824/5824/6 5823/5823/6 5822/5822/6
f 5825/5825/1 5828/5828/1 5827/5827/1 5826/5826/1
f 5829/5829/2 5832/5832/2 5831/5831/2 5830/5830/2
f 5833/5833/3 5836/5836/3 5835/5835/3 5834/5834/3
f 5837/5837/4 5840/5840/4 5839/5839/4 5838/5838/4
f 5841/5841/1 5844/5844/1 5843/5843/1 5842/5842/1
f 5845/5845/2 5848/5848/2 5847/5847/2 5846/5846/2
f 5849/5849/3 5852/5852/3 5851/5851/3 5850/5850/3
f 5853/5853/4 5856/5856/4 5855/5855/4 5854/5854/4
f 5857/5857/5 5860/5860/5 5859/5859/5 5858/5858/5
f 5861/5861/6 5864/5864/6 5863/5863/6 5862/5862/6
f 5865/5865/1 5868/5868/1 5867/5867/1 5866/5866/1
f 5869/5869/2 5872/5872/2 5871/5871/2 5870/5870/2
f 5873/5873/3 5876/5876/3 5875/5875/3 5874/5874/3
f 5877/5877/4 5880/5880/4 5879/5879/4 5878/5878/4
f 5881/5881/1 5884/5884/1 5883/5883/1 5882/5882/1
f 5885/5885/2 5888/5888/2 5887/5887/2 5886/5886/2
f 5889/5889/3 5892/5892/3 5891/5891/3 5890/5890/3
f 5893/5893/4 5896/5896/4 5895/5895/4 5894/5894/4
f 5897/5897/5 5900/5900/5 5899/5899/5 5898/5898/5
f 5901/5901/6 5904/5904/6 5903/5903/6 5902/5902/6
f 5905/5905/1 5908/5908/1 5907/5907/1 5906/5906/1
f 5909/5909/2 5912/5912/2 5911/5911/2 5910/5910/2
f 5913/5913/3 5916/5916/3 5915/5915/3 5914/5914/3
f 5917/5917/4 5920/5920/4 5919/5919/4 5918/5918/4
f 5921/5921/1 5924/5924/1 5923/5923/1 5922/5922/1
f 5925/5925/2 5928/5928/2 5927/5927/2 5926/5926/2
f 5929/5929/3 5932/5932/3 5931/5931/3 5930/5930/3
f 5933/5933/4 5936/5936/4 5935/5935/4 5934/5934/4
f 5937/5937/5 5940/5940/5 5939/5939/5 5938/5938/5
f 5941/5941/6 5944/5944/6 5943/5943/6 5942/5942/6
f 5945/5945/1 5948/5948/1 5947/5947/1 5946/5946/1
f 5949/5949/2 5952/5952/2 5951/5951/2 5950/5950/2
f 5953/5953/3 5956/5956/3 5955/5955/3 5954/5954/3
f 5957/5957/4 5960/5960/4 5959/5959/4 5958/5958/4
f 5961/5961/1 5964/5964/1 5963/5963/1 5962/5962/1
f 5965/5965/2 5968/5968/2 5967/5967/2 5966/5966/2
f 5969/5969/3 5972/5972/3 5971/5971/3 5970/5970/3
f 5973/5973/4 5976/5976/4 5975/5975/4 5974/5974/4
f 5977/5977/5 5980/5980/5 5979/5979/5 5978/5978/5
f 5981/5981/6 5984/5984/6 5983/5983/6 5982/5982/6
f 5985/5985/1 5988/5988/1 5987/5987/1 5986/5986/1
f 5989/5989/2 5992/5992/2 5991/5991/2 5990/5990/2
f 5993/5993/3 5996/5996/3 5995/5995/3 5994/5994/3
f 5997/5997/4 6000/6000/4 5999/5999/4 5998/5998/4
f 6001/6001/1 6004/6004/1 6003/6003/1 6002/6002/1
f 6005/6005/2 6008/6008/2 6007/6007/2 6006/6006/2
f 6009/6009/3 6012/6012/3 6011/6011/3 6010/6010/3
f 6013/6013/4 6016/6016/4 6015/6015/4 6014/6014/4
f 6017/6017/5 6020/6020/5 6019/6019/5 6018/6018/5
f 6021/6021/6 6024/6024/6 6023/6023/6 6022/6022/6
f 6025/6025/1 6028/6028/1 6027/6027/1 6026/6026/1
f 6029/6029/2 6032/6032/2 6031/6031/2 6030/6030/2
f 6033/6033/3 6036/6036/3 6035/6035/3 6034/6034/3
f 6037/6037/4 6040/6040/4 6039/6039/4 6038/6038/4
f 6041/6041/1 6044/6044/1 6043/6043/1 6042/6042/1
f 6045/6045/2 6048/6048/2 6047/6047/2 6046/6046/2
f 6049/6049/3 6052/6052/3 6051/6051/3 6050/6050/3
f 6053/6053/4 6056/6056/4 6055/6055/4 6054/6054/4
f 6057/6057/5 6060/6060/5 6059/6059/5 6058/6058/5
f 6061/6061/6 6064/6064/6 6063/6063/6 6062/6062/6
f 6065/6065/1 6068/6068/1 6067/6067/1 6066/6066/1
f 6069/6069/2 6072/6072/2 6071/6071/2 6070/6070/2
f 6073/6073/3 6076/6076/3 6075/6075/3 6074/6074/3
f 6077/6077/4 6080/6080/4 6079/6079/4 6078/6078/4
f 6081/6081/1 6084/6084/1 6083/6083/1 6082/6082/1
f 6085/6085/2 6088/6088/2 6087/6087/2 6086/6086/2
f 6089/6089/3 6092/6092/3 6091/6091/3 6090/6090/3
f 6093/6093/4 6096/6096/4 6095/6095/4 6094/6094/4
f 6097/6097/5 6100/6100/5 6099/6099/5 6098/6098/5
f 6101/6101/6 6104/6104/6 6103/6103/6 6102/6102/6
f 6105/6105/1 6108/6108/1 6107/6107/1 6106/6106/1
f 6109/6109/2 6112/6112/2 6111/6111/2 6110/6110/2
f 6113/6113/3 6116/6116/3 6115/6115/3 6114/6114/3
f 6117/6117/4 6120/6120/4 6119/6119/4 6118/6118/4
f 6121/6121/1 6124/6124/1 6123/6123/1 6122/6122/1
f 6125/6125/2 6128/6128/2 6127/6127/2 6126/6126/2
f 6129/6129/3 6132/6132/3 6131/6131/3 6130/6130/3
f 6133/6133/4 6136/6136/4 6135/6135/4 6134/6134/4
f 6137/6137/5 6140/6140/5 6139/6139/5 6138/6138/5
f 6141/6141/6 6144/6144/6 6143/6143/6 6142/6142/6
f 6145/6145/1 6148/6148/1 6147/6147/1 6146/6146/1
f 6149/6149/2 6152/6152/2 6151/6151/2 6150/6150/2
f 6153/6153/3 6156/6156/3 6155/6155/3 6154/6154/3
f 6157/6157/4 6160/6160/4 6159/6159/4 6158/6158/4
f 6161/6161/1 6164/6164/1 6163/6163/1 6162/6162/1
f 6165/6165/2 6168/6168/2 6167/6167/2 6166/6166/2
f 6169/6169/3 6172/6172/3 6171/6171/3 6170/6170/3
f 6173/6173/4 6176/6176/4 6175/6175/4 6174/6174/4
f 6177/6177/5 6180/6180/5 6179/6179/5 6178/6178/5
f 6181/6181/6 6184/6184/6 6183/6183/6 6182/6182/6
f 6185/6185/1 6188/6188/1 6187/6187/1 6186/6186/1
f 6189/6189/2 6192/6192/2 6191/6191/2 6190/6190/2
f 6193/6193/3 6196/6196/3 6195/6195/3 6194/6194/3
f 6197/6197/4 6200/6200/4 6199/6199/4 6198/6198/4
f 6201/6201/1 6204/6204/1 6203/6203/1 6202/6202/1
f 6205/6205/2 6208/6208/2 6207/6207/2 6206/6206/2
f 6209/6209/3 6212/6212/3 6211/6211/3 6210/6210/3
f 6213/6213/4 6216/6216/4 6215/6215/4 6214/6214/4
f 6217/6217/5 6220/6220/5 6219/6219/5 6218/6218/5
f 6221/6221/6 6224/6224/6 6223/6223/6 6222/6222/6
f 6225/6225/1 6228/6228/1 6227/6227/1 6226/6226/1
f 6229/6229/2 6232/6232/2 6231/6231/2 6230/6230/2
f 6233/6233/3 6236/6236/3 6235/6235/3 6234/6234/3
f 6237/6237/4 6240/6240/4 6239/6239/4 6238/6238/4
f 6241/6241/1 6244/6244/1 6243/6243/1 6242/6242/1
f 6245/6245/2 6248/6248/2 6247/6247/2 6246/6246/2
f 6249/6249/3 6252/6252/3 6251/6251/3 6250/6250/3
f 6253/6253/4 6256/6256/4 6255/6255/4 6254/6254/4
f 6257/6257/5 6260/6260/5 6259/6259/5 6258/6258/5
f 6261/6261/6 6264/6264/6 6263/6263/6 6262/6262/6
f 6265/6265/1 6268/6268/1 6267/6267/1 6266/6266/1
f 6269/6269/2 6272/6272/2 6271/6271/2 6270/6270/2
f 6273/6273/3 6276/6276/3 6275/6275/3 6274/6274/3
f 6277/6277/4 6280/6280/4 6279/6279/4 6278/6278/4
f 6281/6281/1 6284/6284/1 6283/6283/1 6282/6282/1
f 6285/6285/2 6288/6288/2 6287/6287/2 6286/6286/2
f 6289/6289/3 6292/6292/3 6291/6291/3 6290/6290/3
f 6293/6293/4 6296/6296/4 6295/6295/4 6294/6294/4
f 6297/6297/5 6300/6300/5 6299/6299/5 6298/6298/5
f 6301/6301/6 6304/6304/6 6303/6303/6 6302/6302/6
f 6305/6305/1 6308/6308/1 6307/6307/1 6306/6306/1
f 6309/6309/2 6312/6312/2 6311/6311/2 6310/6310/2
f 6313/6313/3 6316/6316/3 6315/6315/3 6314/6314/3
f 6317/6317/4 6320/6320/4 6319/6319/4 6318/6318/4
f 6321/6321/1 6324/6324/1 6323/6323/1 6322/6322/1
f 6325/6325/2 6328/6328/2 6327/6327/2 6326/6326/2
f 6329/6329/3 6332/6332/3 6331/6331/3 6330/6330/3
f 6333/6333/4 6336/6336/4 6335/6335/4 6334/6334/4
f 6337/6337/5 6340/6340/5 6339/6339/5 6338/6338/5
f 6341/6341/6 6344/6344/6 6343/6343/6 6342/6342/6
f 6345/6345/1 6348/6348/1 6347/6347/1 6346/6346/1
f 6349/6349/2 6352/6352/2 6351/6351/2 6350/6350/2
f 6353/6353/3 6356/6356/3 6355/6355/3 6354/6354/3
f 6357/6357/4 6360/6360/4 6359/6359/4 6358/6358/4
f 6361/6361/1 6364/6364/1 6363/6363/1 6362/6362/1
f 6365/6365/2 6368/6368/2 6367/6367/2 6366/6366/2
f 6369/6369/3 6372/6372/3 6371/6371/3 6370/6370/3
f 6373/6373/4 6376/6376/4 6375/6375/4 6374/6374/4
f 6377/6377/5 6380/6380/5 6379/6379/5 6378/6378/5
f 6381/6381/6 6384/6384/6 6383/6383/6 6382/6382/6
f 6385/6385/1 6388/6388/1 6387/6387/1 6386/6386/1
f 6389/6389/2 6392/6392/2 6391/6391/2 6390/6390/2
f 6393/6393/3 6396/6396/3 6395/6395/3 6394/6394/3
f 6397/6397/4 6400/6400/4 6399/6399/4 6398/6398/4
f 6401/6401/1 6404/6404/1 6403/6403/1 6402/6402/1
f 6405/6405/2 6408/6408/2 6407/6407/2 6406/6406/2
f 6409/6409/3 6412/6412/3 6411/6411/3 6410/6410/3
f 6413/6413/4 6416/6416/4 6415/6415/4 6414/6414/4
f 6417/6417/5 6420/6420/5 6419/6419/5 6418/6418/5
f 6421/6421/6 6424/6424/6 6423/6423/6 6422/6422/6
f 6425/6425/1 6428/6428/1 6427/6427/1 6426/6426/1
f 6429/6429/2 6432/6432/2 6431/6431/2 6430/6430/2
f 6433/6433/3 6436/6436/3 6435/6435/3 6434/6434/3
f 6437/6437/4 6440/6440/4 6439/6439/4 6438/6438/4
f 6441/6441/1 6444/6444/1 6443/6443/1 6442/6442/1
f 6445/6445/2 6448/6448/2 6447/6447/2 6446/6446/2
f 6449/6449/3 6452/6452/3 6451/6451/3 6450/6450/3
f 6453/6453/4 6456/6456/4 6455/6455/4 6454/6454/4
f 6457/6457/5 6460/6460/5 6459/6459/5 6458/6458/5
f 6461/6461/6 6464/6464/6 6463/6463/6 6462/6462/6
f 6465/6465/1 6468/6468/1 6467/6467/1 6466/6466/1
f 6469/6469/2 6472/6472/2 6471/6471/2 6470/6470/2
f 6473/6473/3 6476/6476/3 6475/6475/3 6474/6474/3
f 6477/6477/4 6480/6480/4 6479/6479/4 6478/6478/4
f 6481/6481/1 6484/6484/1 6483/6483/1 6482/6482/1
f 6485/6485/2 6488/6488/2 6487/6487/2 6486/6486/2
f 6489/6489/3 6492/6492/3 6491/6491/3 6490/6490/3
f 6493/6493/4 6496/6496/4 6495/6495/4 6494/6494/4
f 6497/6497/5 6500/6500/5 6499/6499/5 6498/6498/5
f 6501/6501/6 6504/6504/6 6503/6503/6 6502/6502/6
f 6505/6505/1 6508/6508/1 6507/6507/1 6506/6506/1
f 6509/6509/2 6512/6512/2 6511/6511/2 6510/6510/2
f 6513/6513/3 6516/6516/3 6515/6515/3 6514/6514/3
f 6517/6517/4 6520/6520/4 6519/6519/4 6518/6518/4
f 6521/6521/1 6524/6524/1 6523/6523/1 6522/6522/1
f 6525/6525/2 6528/6528/2 6527/6527/2 6526/6526/2
f 6529/6529/3 6532/6532/3 6531/6531/3 6530/6530/3
f 6533/6533/4 6536/6536/4 6535/6535/4 6534/6534/4
f 6537/6537/5 6540/6540/5 6539/6539/5 6538/6538/5
f 6541/6541/6 6544/6544/6 6543/6543/6 6542/6542/6
f 6545/6545/1 6548/6548/1 6547/6547/1 6546/6546/1
f 6549/6549/2 6552/6552/2 6551/6551/2 6550/6550/2
f 6553/6553/3 6556/6556/3 6555/6555/3 6554/6554/3
f 6557/6557/4 6560/6560/4 6559/6559/4 6558/6558/4
f 6561/6561/1 6564/6564/1 6563/6563/1 6562/6562/1
f 6565/6565/2 6568/6568/2 6567/6567/2 6566/6566/2
f 6569/6569/3 6572/6572/3 6571/6571/3 6570/6570/3
f 6573/6573/4 6576/6576/4 6575/6575/4 6574/6574/4
f 6577/6577/5 6580/6580/5 6579/6579/5 6578/6578/5
f 6581/6581/6 6584/6584/6 6583/6583/6 6582/6582/6
f 6585/6585/1 6588/6588/1 6587/6587/1 6586/6586/1
f 6589/6589/2 6592/6592/2 6591/6591/2 6590/6590/2
f 6593/6593/3 6596/6596/3 6595/6595/3 6594/6594/3
f 6597/6597/4 6600/6600/4 6599/6599/4 6598/6598/4
f 6601/6601/1 6604/6604/1 6603/6603/1 6602/6602/1
f 6605/6605/2 6608/6608/2 6607/6607/2 6606/6606/2
f 6609/6609/3 6612/6612/3 6611/6611/3 6610/6610/3
f 6613/6613/4 6616/6616/4 6615/6615/4 6614/6614/4
f 6617/6617/5 6620/6620/5 6619/6619/5 6618/6618/5
f 6621/6621/6 6624/6624/6 6623/6623/6 6622/6622/6
f 6625/6625/1 6628/6628/1 6627/6627/1 6626/6626/1
f 6629/6629/2 6632/6632/2 6631/6631/2 6630/6630/2
f 6633/6633/3 6636/6636/3 6635/6635/3 6634/6634/3
f 6637/6637/4 6640/6640/4 6639/6639/4 6638/6638/4
f 6641/6641/1 6644/6644/1 6643/6643/1 6642/6642/1
f 6645/6645/2 6648/6648/2 6647/6647/2 6646/6646/2
f 6649/6649/3 6652/6652/3 6651/6651/3 6650/6650/3
f 6653/6653/4 6656/6656/4 6655/6655/4 6654/6654/4
f 6657/6657/5 6660/6660/5 6659/6659/5 6658/6658/5
f 6661/6661/6 6664/6664/6 6663/6663/6 6662/6662/6
f 6665/6665/1 6668/6668/1 6667/6667/1 6666/6666/1
f 6669/6669/2 6672/6672/2 6671/6671/2 6670/6670/2
f 6673/6673/3 6676/6676/3 6675/6675/3 6674/6674/3
f 6677/6677/4 6680/6680/4 6679/6679/4 6678/6678/4
f 6681/6681/1 6684/6684/1 6683/6683/1 6682/6682/1
f 6685/6685/2 6688/6688/2 6687/6687/2 6686/6686/2
f 6689/6689/3 6692/6692/3 6691/6691/3 6690/6690/3
f 6693/6693/4 6696/6696/4 6695/6695/4 6694/6694/4
f 6697/6697/5 6700/6700/5 6699/6699/5 6698/6698/5
f 6701/6701/6 6704/6704/6 6703/6703/6 6702/6702/6
f 6705/6705/1 6708/6708/1 6707/6707/1 6706/6706/1
f 6709/6709/2 6712/6712/2 6711/6711/2 6710/6710/2
f 6713/6713/3 6716/6716/3 6715/6715/3 6714/6714/3
f 6717/6717/4 6720/6720/4 6719/6719/4 6718/6718/4
f 6721/6721/1 6724/6724/1 6723/6723/1 6722/6722/1
f 6725/6725/2 6728/6728/2 6727/6727/2 6726/6726/2
f 6729/6729/3 6732/6732/3 6731/6731/3 6730/6730/3
f 6733/6733/4 6736/6736/4 6735/6735/4 6734/6734/4
f 6737/6737/5 6740/6740/5 6739/6739/5 6738/6738/5
f 6741/6741/6 6744/6744/6 6743/6743/6 6742/6742/6
f 6745/6745/1 6748/6748/1 6747/6747/1 6746/6746/1
f 6749/6749/2 6752/6752/2 6751/6751/2 6750/6750/2
f 6753/6753/3 6756/6756/3 6755/6755/3 6754/6754/3
f 6757/6757/4 6760/6760/4 6759/6759/4 6758/6758/4
f 6761/6761/1 6764/6764/1 6763/6763/1 6762/6762/1
f 6765/6765/2 6768/6768/2 6767/6767/2 6766/6766/2
f 6769/6769/3 6772/6772/3 6771/6771/3 6770/6770/3
f 6773/6773/4 6776/6776/4 6775/6775/4 6774/6774/4
f 6777/6777/5 6780/6780/5 6779/6779/5 6778/6778/5
f 6781/6781/6 6784/6784/6 6783/6783/6 6782/6782/6
f 6785/6785/1 6788/6788/1 6787/6787/1 6786/6786/1
f 6789/6789/2 6792/6792/2 6791/6791/2 6790/6790/2
f 6793/6793/3 6796/6796/3 6795/6795/3 6794/6794/3
f 6797/6797/4 6800/6800/4 6799/6799/4 6798/6798/4
f 6801/6801/1 6804/6804/1 6803/6803/1 6802/6802/1
f 6805/6805/2 6808/6808/2 6807/6807/2 6806/6806/2
f 6809/6809/3 6812/6812/3 6811/6811/3 6810/6810/3
f 6813/6813/4 6816/6816/4 6815/6815/4 6814/6814/4
f 6817/6817/5 6820/6820/5 6819/6819/5 6818/6818/5
f 6821/6821/6 6824/6824/6 6823/6823/6 6822/6822/6
f 6825/6825/1 6828/6828/1 6827/6827/1 6826/6826/1
f 6829/6829/2 6832/6832/2 6831/6831/2 6830/6830/2
f 6833/6833/3 6836/6836/3 6835/6835/3 6834/6834/3
f 6837/6837/4 6840/6840/4 6839/6839/4 6838/6838/4
f 6841/6841/1 6844/6844/1 6843/6843/1 6842/6842/1
f 6845/6845/2 6848/6848/2 6847/6847/2 6846/6846/2
f 6849/6849/3 6852/6852/3 6851/6851/3 6850/6850/3
f 6853/6853/4 6856/6856/4 6855/6855/4 6854/6854/4
f 6857/6857/5 6860/6860/5 6859/6859/5 6858/6858/5
f 6861/6861/6 6864/6864/6 6863/6863/6 6862/6862/6
f 6865/6865/1 6868/6868/1 6867/6867/1 6866/6866/1
f 6869/6869/2 6872/6872/2 6871/6871/2 6870/6870/2
f 6873/6873/3 6876/6876/3 6875/6875/3 6874/6874/3
f 6877/6877/4 6880/6880/4 6879/6879/4 6878/6878/4
f 6881/6881/1 6884/6884/1 6883/6883/1 6882/6882/1
f 6885/6885/2 6888/6888/2 6887/6887/2 6886/6886/2
f 6889/6889/3 6892/6892/3 6891/6891/3 6890/6890/3
f 6893/6893/4 6896/6896/4 6895/6895/4 6894/6894/4
f 6897/6897/5 6900/6900/5 6899/6899/5 6898/6898/5
f 6901/6901/6 6904/6904/6 6903/6903/6 6902/6902/6
f 6905/6905/1 6908/6908/1 6907/6907/1 6906/6906/1
f 6909/6909/2 6912/6912/2 6911/6911/2 6910/6910/2
f 6913/6913/3 6916/6916/3 6915/6915/3 6914/6914/3
f 6917/6917/4 6920/6920/4 6919/6919/4 6918/6918/4
f 6921/6921/1 6924/6924/1 6923/6923/1 6922/6922/1
f 6925/6925/2 6928/6928/2 6927/6927/2 6926/6926/2
f 6929/6929/3 6932/6932/3 6931/6931/3 6930/6930/3
f 6933/6933/4 6936/6936/4 6935/6935/4 6934/6934/4
f 6937/6937/5 6940/6940/5 6939/6939/5 6938/6938/5
f 6941/6941/6 6944/6944/6 6943/6943/6 6942/6942/6
f 6945/6945/1 6948/6948/1 6947/6947/1 6946/6946/1
f 6949/6949/2 6952/6952/2 6951/6951/2 6950/6950/2
f 6953/6953/3 6956/6956/3 6955/6955/3 6954/6954/3
f 6957/6957/4 6960/6960/4 6959/6959/4 6958/6958/4
f 6961/6961/1 6964/6964/1 6963/6963/1 6962/6962/1
f 6965/6965/2 6968/6968/2 6967/6967/2 6966/6966/2
f 6969/6969/3 6972/6972/3 6971/6971/3 6970/6970/3
f 6973/6973/4 6976/6976/4 6975/6975/4 6974/6974/4
f 6977/6977/5 6980/6980/5 6979/6979/5 6978/6978/5
f 6981/6981/6 6984/6984/6 6983/6983/6 6982/6982/6
f 6985/6985/1 6988/6988/1 6987/6987/1 6986/6986/1
f 6989/6989/2 6992/6992/2 6991/6991/2 6990/6990/2
f 6993/6993/3 6996/6996/3 6995/6995/3 6994/6994/3
f 6997/6997/4 7000/7000/4 6999/6999/4 6998/6998/4
f 7001/7001/1 7004/7004/1 7003/7003/1 7002/7002/1
f 7005/7005/2 7008/7008/2 7007/7007/2 7006/7006/2
f 7009/7009/3 7012/7012/3 7011/7011/3 7010/7010/3
f 7013/7013/4 7016/7016/4 7015/7015/4 7014/7014/4
f 7017/7017/5 7020/7020/5 7019/7019/5 7018/7018/5
f 7021/7021/6 7024/7024/6 7023/7023/6 7022/7022/6
f 7025/7025/1 7028/7028/1 7027/7027/1 7026/7026/1
f 7029/7029/2 7032/7032/2 7031/7031/2 7030/7030/2
f 7033/7033/3 7036/7036/3 7035/7035/3 7034/7034/3
f 7037/7037/4 7040/7040/4 7039/7039/4 7038/7038/4
f 7041/7041/1 7044/7044/1 7043/7043/1 7042/7042/1
f 7045/7045/2 7048/7048/2 7047/7047/2 7046/7046/2
f 7049/7049/3 7052/7052/3 7051/7051/3 7050/7050/3
f 7053/7053/4 7056/7056/4 7055/7055/4 7054/7054/4
f 7057/7057/5 7060/7060/5 7059/7059/5 7058/7058/5
f 7061/7061/6 7064/7064/6 7063/7063/6 7062/7062/6
f 7065/7065/1 7068/7068/1 7067/7067/1 7066/7066/1
f 7069/7069/2 7072/7072/2 7071/7071/2 7070/7070/2
f 7073/7073/3 7076/7076/3 7075/7075/3 7074/7074/3
f 7077/7077/4 7080/7080/4 7079/7079/4 7078/7078/4
f 7081/7081/1 7084/7084/1 7083/7083/1 7082/7082/1
f 7085/7085/2 7088/7088/2 7087/7087/2 7086/7086/2
f 7089/7089/3 7092/7092/3 7091/7091/3 7090/7090/3
f 7093/7093/4 7096/7096/4 7095/7095/4 7094/7094/4
f 7097/7097/5 7100/7100/5 7099/7099/5 7098/7098/5
f 7101/7101/6 7104/7104/6 7103/7103/6 7102/7102/6
f 7105/7105/1 7108/7108/1 7107/7107/1 7106/7106/1
f 7109/7109/2 7112/7112/2 7111/7111/2 7110/7110/2
f 7113/7113/3 7116/7116/3 7115/7115/3 7114/7114/3
f 7117/7117/4 7120/7120/4 7119/7119/4 7118/7118/4
f 7121/7121/1 7124/7124/1 7123/7123/1 7122/7122/1
f 7125/7125/2 7128/7128/2 7127/7127/2 7126/7126/2
f 7129/7129/3 7132/7132/3 7131/7131/3 7130/7130/3
f 7133/7133/4 7136/7136/4 7135/7135/4 7134/7134/4
f 7137/7137/5 7140/7140/5 7139/7139/5 7138/7138/5
f 7141/7141/6 7144/7144/6 7143/7143/6 7142/7142/6
f 7145/7145/1 7148/7148/1 7147/7147/1 7146/7146/1
f 7149/7149/2 7152/7152/2 7151/7151/2 7150/7150/2
f 7153/7153/3 7156/7156/3 7155/7155/3 7154/7154/3
f 7157/7157/4 7160/7160/4 7159/7159/4 7158/7158/4
f 7161/7161/1 7164/7164/1 7163/7163/1 7162/7162/1
f 7165/7165/2 7168/7168/2 7167/7167/2 7166/7166/2
f 7169/7169/3 7172/7172/3 7171/7171/3 7170/7170/3
f 7173/7173/4 7176/7176/4 7175/7175/4 7174/7174/4
f 7177/7177/5 7180/7180/5 7179/7179/5 7178/7178/5
f 7181/7181/6 7184/7184/6 7183/7183/6 7182/7182/6
f 7185/7185/1 7188/7188/1 7187/7187/1 7186/7186/1
f 7189/7189/2 7192/7192/2 7191/7191/2 7190/7190/2
f 7193/7193/3 7196/7196/3 7195/7195/3 7194/7194/3
f 7197/7197/4 7200/7200/4 7199/7199/4 7198/7198/4
f 7201/7201/1 7204/7204/1 7203/7203/1 7202/7202/1
f 7205/7205/2 7208/7208/2 7207/7207/2 7206/7206/2
f 7209/7209/3 7212/7212/3 7211/7211/3 7210/7210/3
f 7213/7213/4 7216/7216/4 7215/7215/4 7214/7214/4
f 7217/7217/5 7220/7220/5 7219/7219/5 7218/7218/5
f 7221/7221/6 7224/7224/6 7223/7223/6 7222/7222/6
f 7225/7225/1 7228/7228/1 7227/7227/1 7226/7226/1
f 7229/7229/2 7232/7232/2 7231/7231/2 7230/7230/2
f 7233/7233/3 7236/7236/3 7235/7235/3 7234/7234/3
f 7237/7237/4 7240/7240/4 7239/7239/4 7238/7238/4
f 7241/7241/1 7244/7244/1 7243/7243/1 7242/7242/1
f 7245/7245/2 7248/7248/2 7247/7247/2 7246/7246/2
f 7249/7249/3 7252/7252/3 7251/7251/3 7250/7250/3
f 7253/7253/4 7256/7256/4 7255/7255/4 7254/7254/4
f 7257/7257/5 7260/7260/5 7259/7259/5 7258/7258/5
f 7261/7261/6 7264/7264/6 7263/7263/6 7262/7262/6
f 7265/7265/1 7268/7268/1 7267/7267/1 7266/7266/1
f 7269/7269/2 7272/7272/2 7271/7271/2 7270/7270/2
f 7273/7273/3 7276/7276/3 7275/7275/3 7274/7274/3
f 7277/7277/4 7280/7280/4 7279/7279/4 7278/7278/4
f 7281/7281/1 7284/7284/1 7283/7283/1 7282/7282/1
f 7285/7285/2 7288/7288/2 7287/7287/2 7286/7286/2
f 7289/7289/3 7292/7292/3 7291/7291/3 7290/7290/3
f 7293/7293/4 7296/7296/4 7295/7295/4 7294/7294/4
f 7297/7297/5 7300/7300/5 7299/7299/5 7298/7298/5
f 7301/7301/6 7304/7304/6 7303/7303/6 7302/7302/6
f 7305/7305/1 7308/7308/1 7307/7307/1 7306/7306/1
f 7309/7309/2 7312/7312/2 7311/7311/2 7310/7310/2
f 7313/7313/3 7316/7316/3 7315/7315/3 7314/7314/3
f 7317/7317/4 7320/7320/4 7319/7319/4 7318/7318/4
f 7321/7321/1 7324/7324/1 7323/7323/1 7322/7322/1
f 7325/7325/2 7328/7328/2 7327/7327/2 7326/7326/2
f 7329/7329/3 7332/7332/3 7331/7331/3 7330/7330/3
f 7333/7333/4 7336/7336/4 7335/7335/4 7334/7334/4
f 7337/7337/5 7340/7340/5 7339/7339/5 7338/7338/5
f 7341/7341/6 7344/7344/6 7343/7343/6 7342/7342/6
f 7345/7345/1 7348/7348/1 7347/7347/1 7346/7346/1
f 7349/7349/2 7352/7352/2 7351/7351/2 7350/7350/2
f 7353/7353/3 7356/7356/3 7355/7355/3 7354/7354/3
f 7357/7357/4 7360/7360/4 7359/7359/4 7358/7358/4
f 7361/7361/1 7364/7364/1 7363/7363/1 7362/7362/1
f 7365/7365/2 7368/7368/2 7367/7367/2 7366/7366/2
f 7369/7369/3 7372/7372/3 7371/7371/3 7370/7370/3
f 7373/7373/4 7376/7376/4 7375/7375/4 7374/7374/4
f 7377/7377/5 7380/7380/5 7379/7379/5 7378/7378/5
f 7381/7381/6 7384/7384/6 7383/7383/6 7382/7382/6
f 7385/7385/1 7388/7388/1 7387/7387/1 7386/7386/1
f 7389/7389/2 7392/7392/2 7391/7391/2 7390/7390/2
f 7393/7393/3 7396/7396/3 7395/7395/3 7394/7394/3
f 7397/7397/4 7400/7400/4 7399/7399/4 7398/7398/4
f 7401/7401/1 7404/7404/1 7403/7403/1 7402/7402/1
f 7405/7405/2 7408/7408/2 7407/7407/2 7406/7406/2
f 7409/7409/3 7412/7412/3 7411/7411/3 7410/7410/3
f 7413/7413/4 7416/7416/4 7415/7415/4 7414/7414/4
f 7417/7417/5 7420/7420/5 7419/7419/5 7418/7418/5
f 7421/7421/6 7424/7424/6 7423/7423/6 7422/7422/6
f 7425/7425/1 7428/7428/1 7427/7427/1 7426/7426/1
f 7429/7429/2 7432/7432/2 7431/7431/2 7430/7430/2
f 7433/7433/3 7436/7436/3 7435/7435/3 7434/7434/3
f 7437/7437/4 7440/7440/4 7439/7439/4 7438/7438/4
f 7441/7441/1 7444/7444/1 7443/7443/1 7442/7442/1
f 7445/7445/2 7448/7448/2 7447/7447/2 7446/7446/2
f 7449/7449/3 7452/7452/3 7451/7451/3 7450/7450/3
f 7453/7453/4 7456/7456/4 7455/7455/4 7454/7454/4
f 7457/7457/5 7460/7460/5 7459/7459/5 7458/7458/5
f 7461/7461/6 7464/7464/6 7463/7463/6 7462/7462/6
f 7465/7465/1 7468/7468/1 7467/7467/1 7466/7466/1
f 7469/7469/2 7472/7472/2 7471/7471/2 7470/7470/2
f 7473/7473/3 7476/7476/3 7475/7475/3 7474/7474/3
f 7477/7477/4 7480/7480/4 7479/7479/4 7478/7478/4
f 7481/7481/1 7484/7484/1 7483/7483/1 7482/7482/1
f 7485/7485/2 7488/7488/2 7487/7487/2 7486/7486/2
f 7489/7489/3 7492/7492/3 7491/7491/3 7490/7490/3
f 7493/7493/4 7496/7496/4 7495/7495/4 7494/7494/4
f 7497/7497/5 7500/7500/5 7499/7499/5 7498/7498/5
f 7501/7501/6 7504/7504/6 7503/7503/6 7502/7502/6
f 7505/7505/1 7508/7508/1 7507/7507/1 7506/7506/1
f 7509/7509/2 7512/7512/2 7511/7511/2 7510/7510/2
f 7513/7513/3 7516/7516/3 7515/7515/3 7514/7514/3
f 7517/7517/4 7520/7520/4 7519/7519/4 7518/7518/4
f 7521/7521/1 7524/7524/1 7523/7523/1 7522/7522/1
f 7525/7525/2 7528/7528/2 7527/7527/2 7526/7526/2
f 7529/7529/3 7532/7532/3 7531/7531/3 7530/7530/3
f 7533/7533/4 7536/7536/4 7535/7535/4 7534/7534/4
f 7537/7537/5 7540/7540/5 7539/7539/5 7538/7538/5
f 7541/7541/6 7544/7544/6 7543/7543/6 7542/7542/6
f 7545/7545/1 7548/7548/1 7547/7547/1 7546/7546/1
f 7549/7549/2 7552/7552/2 7551/7551/2 7550/7550/2
f 7553/7553/3 7556/7556/3 7555/7555/3 7554/7554/3
f 7557/7557/4 7560/7560/4 7559/7559/4 7558/7558/4
f 7561/7561/1 7564/7564/1 7563/7563/1 7562/7562/1
f 7565/7565/2 7568/7568/2 7567/7567/2 7566/7566/2
f 7569/7569/3 7572/7572/3 7571/7571/3 7570/7570/3
f 7573/7573/4 7576/7576/4 7575/7575/4 7574/7574/4
f 7577/7577/5 7580/7580/5 7579/7579/5 7578/7578/5
f 7581/7581/6 7584/7584/6 7583/7583/6 7582/7582/6
f 7585/7585/1 7588/7588/1 7587/7587/1 7586/7586/1
f 7589/7589/2 7592/7592/2 7591/7591/2 7590/7590/2
f 7593/7593/3 7596/7596/3 7595/7595/3 7594/7594/3
f 7597/7597/4 7600/7600/4 7599/7599/4 7598/7598/4
f 7601/7601/1 7604/7604/1 7603/7603/1 7602/7602/1
f 7605/7605/2 7608/7608/2 7607/7607/2 7606/7606/2
f 7609/7609/3 7612/7612/3 7611/7611/3 7610/7610/3
f 7613/7613/4 7616/7616/4 7615/7615/4 7614/7614/4
f 7617/7617/5 7620/7620/5 7619/7619/5 7618/7618/5
f 7621/7621/6 7624/7624/6 7623/7623/6 7622/7622/6
f 7625/7625/1 7628/7628/1 7627/7627/1 7626/7626/1
f 7629/7629/2 7632/7632/2 7631/7631/2 7630/7630/2
f 7633/7633/3 7636/7636/3 7635/7635/3 7634/7634/3
f 7637/7637/4 7640/7640/4 7639/7639/4 7638/7638/4
f 7641/7641/1 7644/7644/1 7643/7643/1 7642/7642/1
f 7645/7645/2 7648/7648/2 7647/7647/2 7646/7646/2
f 7649/7649/3 7652/7652/3 7651/7651/3 7650/7650/3
f 7653/7653/4 7656/7656/4 7655/7655/4 7654/7654/4
f 7657/7657/5 7660/7660/5 7659/7659/5 7658/7658/5
f 7661/7661/6 7664/7664/6 7663/7663/6 7662/7662/6
f 7665/7665/1 7668/7668/1 7667/7667/1 7666/7666/1
f 7669/7669/2 7672/7672/2 7671/7671/2 7670/7670/2
f 7673/7673/3 7676/7676/3 7675/7675/3 7674/7674/3
f 7677/7677/4 7680/7680/4 7679/7679/4 7678/7678/4
f 7681/7681/1 7684/7684/1 7683/7683/1 7682/7682/1
f 7685/7685/2 7688/7688/2 7687/7687/2 7686/7686/2
f 7689/7689/3 7692/7692/3 7691/7691/3 7690/7690/3
f 7693/7693/4 7696/7696/4 7695/7695/4 7694/7694/4
f 7697/7697/5 7700/7700/5 7699/7699/5 7698/7698/5
f 7701/7701/6 7704/7704/6 7703/7703/6 7702/7702/6
f 7705/7705/1 7708/7708/1 7707/7707/1 7706/7706/1
f 7709/7709/2 7712/7712/2 7711/7711/2 7710/7710/2
f 7713/7713/3 7716/7716/3 7715/7715/3 7714/7714/3
f 7717/7717/4 7720/7720/4 7719/7719/4 7718/7718/4
f 7721/7721/1 7724/7724/1 7723/7723/1 7722/7722/1
f 7725/7725/2 7728/7728/2 7727/7727/2 7726/7726/2
f 7729/7729/3 7732/7732/3 7731/7731/3 7730/7730/3
f 7733/7733/4 7736/7736/4 7735/7735/4 7734/7734/4
f 7737/7737/5 7740/7740/5 7739/7739/5 7738/7738/5
f 7741/7741/6 7744/7744/6 7743/7743/6 7742/7742/6
f 7745/7745/1 7748/7748/1 7747/7747/1 7746/7746/1
f 7749/7749/2 7752/7752/2 7751/7751/2 7750/7750/2
f 7753/7753/3 7756/7756/3 7755/7755/3 7754/7754/3
f 7757/7757/4 7760/7760/4 7759/7759/4 7758/7758/4
f 7761/7761/1 7764/7764/1 7763/7763/1 7762/7762/1
f 7765/7765/2 7768/7768/2 7767/7767/2 7766/7766/2
f 7769/7769/3 7772/7772/3 7771/7771/3 7770/7770/3
f 7773/7773/4 7776/7776/4 7775/7775/4 7774/7774/4
f 7777/7777/5 7780/7780/5 7779/7779/5 7778/7778/5
f 7781/7781/6 7784/7784/6 7783/7783/6 7782/7782/6
f 7785/7785/1 7788/7788/1 7787/7787/1 7786/7786/1
f 7789/7789/2 7792/7792/2 7791/7791/2 7790/7790/2
f 7793/7793/3 7796/7796/3 7795/7795/3 7794/7794/3
f 7797/7797/4 7800/7800/4 7799/7799/4 7798/7798/4
f 7801/7801/1 7804/7804/1 7803/7803/1 7802/7802/1
f 7805/7805/2 7808/7808/2 7807/7807/2 7806/7806/2
f 7809/7809/3 7812/7812/3 7811/7811/3 7810/7810/3
f 7813/7813/4 7816/7816/4 7815/7815/4 7814/7814/4
f 7817/7817/5 7820/7820/5 7819/7819/5 7818/7818/5
f 7821/7821/6 7824/7824/6 7823/7823/6 7822/7822/6
f 7825/7825/1 7828/7828/1 7827/7827/1 7826/7826/1
f 7829/7829/2 7832/7832/2 7831/7831/2 7830/7830/2
f 7833/7833/3 7836/7836/3 7835/7835/3 7834/7834/3
f 7837/7837/4 7840/7840/4 7839/7839/4 7838/7838/4
f 7841/7841/1 7844/7844/1 7843/7843/1 7842/7842/1
f 7845/7845/2 7848/7848/2 7847/7847/2 7846/7846/2
f 7849/7849/3 7852/7852/3 7851/7851/3 7850/7850/3
f 7853/7853/4 7856/7856/4 7855/7855/4 7854/7854/4
f 7857/7857/5 7860/7860/5 7859/7859/5 7858/7858/5
f 7861/7861/6 7864/7864/6 7863/7863/6 7862/7862/6
f 7865/7865/1 7868/7868/1 7867/7867/1 7866/7866/1
f 7869/7869/2 7872/7872/2 7871/7871/2 7870/7870/2
f 7873/7873/3 7876/7876/3 7875/7875/3 7874/7874/3
f 7877/7877/4 7880/7880/4 7879/7879/4 7878/7878/4
f 7881/7881/1 7884/7884/1 7883/7883/1 7882/7882/1
f 7885/7885/2 7888/7888/2 7887/7887/2 7886/7886/2
f 7889/7889/3 7892/7892/3 7891/7891/3 7890/7890/3
f 7893/7893/4 7896/7896/4 7895/7895/4 7894/7894/4
f 7897/7897/5 7900/7900/5 7899/7899/5 7898/7898/5
f 7901/7901/6 7904/7904/6 7903/7903/6 7902/7902/6
f 7905/7905/1 7908/7908/1 7907/7907/1 7906/7906/1
f 7909/7909/2 7912/7912/2 7911/7911/2 7910/7910/2
f 7913/7913/3 7916/7916/3 7915/7915/3 7914/7914/3
f 7917/7917/4 7920/7920/4 7919/7919/4 7918/7918/4
f 7921/7921/1 7924/7924/1 7923/7923/1 7922/7922/1
f 7925/7925/2 7928/7928/2 7927/7927/2 7926/7926/2
f 7929/7929/3 7932/7932/3 7931/7931/3 7930/7930/3
f 7933/7933/4 7936/7936/4 7935/7935/4 7934/7934/4
f 7937/7937/5 7940/7940/5 7939/7939/5 7938/7938/5
f 7941/7941/6 7944/7944/6 7943/7943/6 7942/7942/6
f 7945/7945/1 7948/7948/1 7947/7947/1 7946/7946/1
f 7949/7949/2 7952/7952/2 7951/7951/2 7950/7950/2
f 7953/7953/3 7956/7956/3 7955/7955/3 7954/7954/3
f 7957/7957/4 7960/7960/4 7959/7959/4 7958/7958/4
f 7961/7961/1 7964/7964/1 7963/7963/1 7962/7962/1
f 7965/7965/2 7968/7968/2 7967/7967/2 7966/7966/2
f 7969/7969/3 7972/7972/3 7971/7971/3 7970/7970/3
f 7973/7973/4 7976/7976/4 7975/7975/4 7974/7974/4
f 7977/7977/5 7980/7980/5 7979/7979/5 7978/7978/5
f 7981/7981/6 7984/7984/6 7983/7983/6 7982/7982/6
f 7985/7985/1 7988/7988/1 7987/7987/1 7986/7986/1
f 7989/7989/2 7992/7992/2 7991/7991/2 7990/7990/2
f 7993/7993/3 7996/7996/3 7995/7995/3 7994/7994/3
f 7997/7997/4 8000/8000/4 7999/7999/4 7998/7998/4
f 8001/8001/1 8004/8004/1 8003/8003/1 8002/8002/1
f 8005/8005/2 8008/8008/2 8007/8007/2 8006/8006/2
f 8009/8009/3 8012/8012/3 8011/8011/3 8010/8010/3
f 8013/8013/4 8016/8016/4 8015/8015/4 8014/8014/4
f 8017/8017/5 8020/8020/5 8019/8019/5 8018/8018/5
f 8021/8021/6 8024/8024/6 8023/8023/6 8022/8022/6
f 8025/8025/1 8028/8028/1 8027/8027/1 8026/8026/1
f 8029/8029/2 8032/8032/2 8031/8031/2 8030/8030/2
f 8033/8033/3 8036/8036/3 8035/8035/3 8034/8034/3
f 8037/8037/4 8040/8040/4 8039/8039/4 8038/8038/4
f 8041/8041/1 8044/8044/1 8043/8043/1 8042/8042/1
f 8045/8045/2 8048/8048/2 8047/8047/2 8046/8046/2
f 8049/8049/3 8052/8052/3 8051/8051/3 8050/8050/3
f 8053/8053/4 8056/8056/4 8055/8055/4 8054/8054/4
f 8057/8057/5 8060/8060/5 8059/8059/5 8058/8058/5
f 8061/8061/6 8064/8064/6 8063/8063/6 8062/8062/6
f 8065/8065/1 8068/8068/1 8067/8067/1 8066/8066/1
f 8069/8069/2 8072/8072/2 8071/8071/2 8070/8070/2
f 8073/8073/3 8076/8076/3 8075/8075/3 8074/8074/3
f 8077/8077/4 8080/8080/4 8079/8079/4 8078/8078/4
f 8081/8081/1 8084/8084/1 8083/8083/1 8082/8082/1
f 8085/8085/2 8088/8088/2 8087/8087/2 8086/8086/2
f 8089/8089/3 8092/8092/3 8091/8091/3 8090/8090/3
f 8093/8093/4 8096/8096/4 8095/8095/4 8094/8094/4
f 8097/8097/5 8100/8100/5 8099/8099/5 8098/8098/5
f 8101/8101/6 8104/8104/6 8103/8103/6 8102/8102/6
f 8105/8105/1 8108/8108/1 8107/8107/1 8106/8106/1
f 8109/8109/2 8112/8112/2 8111/8111/2 8110/8110/2
f 8113/8113/3 8116/8116/3 8115/8115/3 8114/8114/3
f 8117/8117/4 8120/8120/4 8119/8119/4 8118/8118/4
f 8121/8121/1 8124/8124/1 8123/8123/1 8122/8122/1
f 8125/8125/2 8128/8128/2 8127/8127/2 8126/8126/2
f 8129/8129/3 8132/8132/3 8131/8131/3 8130/8130/3
f 8133/8133/4 8136/8136/4 8135/8135/4 8134/8134/4
f 8137/8137/5 8140/8140/5 8139/8139/5 8138/8138/5
f 8141/8141/6 8144/8144/6 8143/8143/6 8142/8142/6
f 8145/8145/1 8148/8148/1 8147/8147/1 8146/8146/1
f 8149/8149/2 8152/8152/2 8151/8151/2 8150/8150/2
f 8153/8153/3 8156/8156/3 8155/8155/3 8154/8154/3
f 8157/8157/4 8160/8160/4 8159/8159/4 8158/8158/4
f 8161/8161/1 8164/8164/1 8163/8163/1 8162/8162/1
f 8165/8165/2 8168/8168/2 8167/8167/2 8166/8166/2
f 8169/8169/3 8172/8172/3 8171/8171/3 8170/8170/3
f 8173/8173/4 8176/8176/4 8175/8175/4 8174/8174/4
f 8177/8177/5 8180/8180/5 8179/8179/5 8178/8178/5
f 8181/8181/6 8184/8184/6 8183/8183/6 8182/8182/6
f 8185/8185/1 8188/8188/1 8187/8187/1 8186/8186/1
f 8189/8189/2 8192/8192/2 8191/8191/2 8190/8190/2
f 8193/8193/3 8196/8196/3 8195/8195/3 8194/8194/3
f 8197/8197/4 8200/8200/4 8199/8199/4 8198/8198/4
f 8201/8201/1 8204/8204/1 8203/8203/1 8202/8202/1
f 8205/8205/2 8208/8208/2 8207/8207/2 8206/8206/2
f 8209/8209/3 8212/8212/3 8211/8211/3 8210/8210/3
f 8213/8213/4 8216/8216/4 8215/8215/4 8214/8214/4
f 8217/8217/5 8220/8220/5 8219/8219/5 8218/8218/5
f 8221/8221/6 8224/8224/6 8223/8223/6 8222/8222/6
f 8225/8225/1 8228/8228/1 8227/8227/1 8226/8226/1
f 8229/8229/2 8232/8232/2 8231/8231/2 8230/8230/2
f 8233/8233/3 8236/8236/3 8235/8235/3 8234/8234/3
f 8237/8237/4 8240/8240/4 8239/8239/4 8238/8238/4
f 8241/8241/1 8244/8244/1 8243/8243/1 8242/8242/1
f 8245/8245/2 8248/8248/2 8247/8247/2 8246/8246/2
f 8249/8249/3 8252/8252/3 8251/8251/3 8250/8250/3
f 8253/8253/4 8256/8256/4 8255/8255/4 8254/8254/4
f 8257/8257/5 8260/8260/5 8259/8259/5 8258/8258/5
f 8261/8261/6 8264/8264/6 8263/8263/6 8262/8262/6
f 8265/8265/1 8268/8268/1 8267/8267/1 8266/8266/1
f 8269/8269/2 8272/8272/2 8271/8271/2 8270/8270/2
f 8273/8273/3 8276/8276/3 8275/8275/3 8274/8274/3
f 8277/8277/4 8280/8280/4 8279/8279/4 8278/8278/4
f 8281/8281/1 8284/8284/1 8283/8283/1 8282/8282/1
f 8285/8285/2 8288/8288/2 8287/8287/2 8286/8286/2
f 8289/8289/3 8292/8292/3 8291/8291/3 8290/8290/3
f 8293/8293/4 8296/8296/4 8295/8295/4 8294/8294/4
f 8297/8297/5 8300/8300/5 8299/8299/5 8298/8298/5
f 8301/8301/6 8304/8304/6 8303/8303/6 8302/8302/6
f 8305/8305/1 8308/8308/1 8307/8307/1 8306/8306/1
f 8309/8309/2 8312/8312/2 8311/8311/2 8310/8310/2
f 8313/8313/3 8316/8316/3 8315/8315/3 8314/8314/3
f 8317/8317/4 8320/8320/4 8319/8319/4 8318/8318/4
f 8321/8321/1 8324/8324/1 8323/8323/1 8322/8322/1
f 8325/8325/2 8328/8328/2 8327/8327/2 8326/8326/2
f 8329/8329/3 8332/8332/3 8331/8331/3 8330/8330/3
f 8333/8333/4 8336/8336/4 8335/8335/4 8334/8334/4
f 8337/8337/5 8340/8340/5 8339/8339/5 8338/8338/5
f 8341/8341/6 8344/8344/6 8343/8343/6 8342/8342/6
f 8345/8345/1 8348/8348/1 8347/8347/1 8346/8346/1
f 8349/8349/2 8352/8352/2 8351/8351/2 8350/8350/2
f 8353/8353/3 8356/8356/3 8355/8355/3 8354/8354/3
f 8357/8357/4 8360/8360/4 8359/8359/4 8358/8358/4
f 8361/8361/1 8364/8364/1 8363/8363/1 8362/8362/1
f 8365/8365/2 8368/8368/2 8367/8367/2 8366/8366/2
f 8369/8369/3 8372/8372/3 8371/8371/3 8370/8370/3
f 8373/8373/4 8376/8376/4 8375/8375/4 8374/8374/4
f 8377/8377/5 8380/8380/5 8379/8379/5 8378/8378/5
f 8381/8381/6 8384/8384/6 8383/8383/6 8382/8382/6
f 8385/8385/1 8388/8388/1 8387/8387/1 8386/8386/1
f 8389/8389/2 8392/8392/2 8391/8391/2 8390/8390/2
f 8393/8393/3 8396/8396/3 8395/8395/3 8394/8394/3
f 8397/8397/4 8400/8400/4 8399/8399/4 8398/8398/4
f 8401/8401/1 8404/8404/1 8403/8403/1 8402/8402/1
f 8405/8405/2 8408/8408/2 8407/8407/2 8406/8406/2
f 8409/8409/3 8412/8412/3 8411/8411/3 8410/8410/3
f 8413/8413/4 8416/8416/4 8415/8415/4 8414/8414/4
f 8417/8417/5 8420/8420/5 8419/8419/5 8418/8418/5
f 8421/8421/6 8424/8424/6 8423/8423/6 8422/8422/6
f 8425/8425/1 8428/8428/1 8427/8427/1 8426/8426/1
f 8429/8429/2 8432/8432/2 8431/8431/2 8430/8430/2
f 8433/8433/3 8436/8436/3 8435/8435/3 8434/8434/3
f 8437/8437/4 8440/8440/4 8439/8439/4 8438/8438/4
f 8441/8441/1 8444/8444/1 8443/8443/1 8442/8442/1
f 8445/8445/2 8448/8448/2 8447/8447/2 8446/8446/2
f 8449/8449/3 8452/8452/3 8451/8451/3 8450/8450/3
f 8453/8453/4 8456/8456/4 8455/8455/4 8454/8454/4
f 8457/8457/5 8460/8460/5 8459/8459/5 8458/8458/5
f 8461/8461/6 8464/8464/6 8463/8463/6 8462/8462/6
f 8465/8465/1 8468/8468/1 8467/8467/1 8466/8466/1
f 8469/8469/2 8472/8472/2 8471/8471/2 8470/8470/2
f 8473/8473/3 8476/8476/3 8475/8475/3 8474/8474/3
f 8477/8477/4 8480/8480/4 8479/8479/4 8478/8478/4
f 8481/8481/1 8484/8484/1 8483/8483/1 8482/8482/1
f 8485/8485/2 8488/8488/2 8487/8487/2 8486/8486/2
f 8489/8489/3 8492/8492/3 8491/8491/3 8490/8490/3
f 8493/8493/4 8496/8496/4 8495/8495/4 8494/8494/4
f 8497/8497/5 8500/8500/5 8499/8499/5 8498/8498/5
f 8501/8501/6 8504/8504/6 8503/8503/6 8502/8502/6
f 8505/8505/1 8508/8508/1 8507/8507/1 8506/8506/1
f 8509/8509/2 8512/8512/2 8511/8511/2 8510/8510/2
f 8513/8513/3 8516/8516/3 8515/8515/3 8514/8514/3
f 8517/8517/4 8520/8520/4 8519/8519/4 8518/8518/4
f 8521/8521/1 8524/8524/1 8523/8523/1 8522/8522/1
f 8525/8525/2 8528/8528/2 8527/8527/2 8526/8526/2
f 8529/8529/3 8532/8532/3 8531/8531/3 8530/8530/3
f 8533/8533/4 8536/8536/4 8535/8535/4 8534/8534/4
f 8537/8537/5 8540/8540/5 8539/8539/5 8538/8538/5
f 8541/8541/6 8544/8544/6 8543/8543/6 8542/8542/6
f 8545/8545/1 8548/8548/1 8547/8547/1 8546/8546/1
f 8549/8549/2 8552/8552/2 8551/8551/2 8550/8550/2
f 8553/8553/3 8556/8556/3 8555/8555/3 8554/8554/3
f 8557/8557/4 8560/8560/4 8559/8559/4 8558/8558/4
f 8561/8561/1 8564/8564/1 8563/8563/1 8562/8562/1
f 8565/8565/2 8568/8568/2 8567/8567/2 8566/8566/2
f 8569/8569/3 8572/8572/3 8571/8571/3 8570/8570/3
f 8573/8573/4 8576/8576/4 8575/8575/4 8574/8574/4
f 8577/8577/5 8580/8580/5 8579/8579/5 8578/8578/5
f 8581/8581/6 8584/8584/6 8583/8583/6 8582/8582/6
f 8585/8585/1 8588/8588/1 8587/8587/1 8586/8586/1
f 8589/8589/2 8592/8592/2 8591/8591/2 8590/8590/2
f 8593/8593/3 8596/8596/3 8595/8595/3 8594/8594/3
f 8597/8597/4 8600/8600/4 8599/8599/4 8598/8598/4
f 8601/8601/1 8604/8604/1 8603/8603/1 8602/8602/1
f 8605/8605/2 8608/8608/2 8607/8607/2 8606/8606/2
f 8609/8609/3 8612/8612/3 8611/8611/3 8610/8610/3
f 8613/8613/4 8616/8616/4 8615/8615/4 8614/8614/4
f 8617/8617/5 8620/8620/5 8619/8619/5 8618/8618/5
f 8621/8621/6 8624/8624/6 8623/8623/6 8622/8622/6
f 8625/8625/1 8628/8628/1 8627/8627/1 8626/8626/1
f 8629/8629/2 8632/8632/2 8631/8631/2 8630/8630/2
f 8633/8633/3 8636/8636/3 8635/8635/3 8634/8634/3
f 8637/8637/4 8640/8640/4 8639/8639/4 8638/8638/4
f 8641/8641/1 8644/8644/1 8643/8643/1 8642/8642/1
f 8645/8645/2 8648/8648/2 8647/8647/2 8646/8646/2
f 8649/8649/3 8652/8652/3 8651/8651/3 8650/8650/3
f 8653/8653/4 8656/8656/4 8655/8655/4 8654/8654/4
f 8657/8657/5 8660/8660/5 8659/8659/5 8658/8658/5
f 8661/8661/6 8664/8664/6 8663/8663/6 8662/8662/6
f 8665/8665/1 8668/8668/1 8667/8667/1 8666/8666/1
f 8669/8669/2 8672/8672/2 8671/8671/2 8670/8670/2
f 8673/8673/3 8676/8676/3 8675/8675/3 8674/8674/3
f 8677/8677/4 8680/8680/4 8679/8679/4 8678/8678/4
f 8681/8681/1 8684/8684/1 8683/8683/1 8682/8682/1
f 8685/8685/2 8688/8688/2 8687/8687/2 8686/8686/2
f 8689/8689/3 8692/8692/3 8691/8691/3 8690/8690/3
f 8693/8693/4 8696/8696/4 8695/8695/4 8694/8694/4
f 8697/8697/5 8700/8700/5 8699/8699/5 8698/8698/5
f 8701/8701/6 8704/8704/6 8703/8703/6 8702/8702/6
f 8705/8705/1 8708/8708/1 8707/8707/1 8706/8706/1
f 8709/8709/2 8712/8712/2 8711/8711/2 8710/8710/2
f 8713/8713/3 8716/8716/3 8715/8715/3 8714/8714/3
f 8717/8717/4 8720/8720/4 8719/8719/4 8718/8718/4
f 8721/8721/1 8724/8724/1 8723/8723/1 8722/8722/1
f 8725/8725/2 8728/8728/2 8727/8727/2 8726/8726/2
f 8729/8729/3 8732/8732/3 8731/8731/3 8730/8730/3
f 8733/8733/4 8736/8736/4 8735/8735/4 8734/8734/4
f 8737/8737/5 8740/8740/5 8739/8739/5 8738/8738/5
f 8741/8741/6 8744/8744/6 8743/8743/6 8742/8742/6
f 8745/8745/1 8748/8748/1 8747/8747/1 8746/8746/1
f 8749/8749/2 8752/8752/2 8751/8751/2 8750/8750/2
f 8753/8753/3 8756/8756/3 8755/8755/3 8754/8754/3
f 8757/8757/4 8760/8760/4 8759/8759/4 8758/8758/4
f 8761/8761/1 8764/8764/1 8763/8763/1 8762/8762/1
f 8765/8765/2 8768/8768/2 8767/8767/2 8766/8766/2
f 8769/8769/3 8772/8772/3 8771/8771/3 8770/8770/3
f 8773/8773/4 8776/8776/4 8775/8775/4 8774/8774/4
f 8777/8777/5 8780/8780/5 8779/8779/5 8778/8778/5
f 8781/8781/6 8784/8784/6 8783/8783/6 8782/8782/6
f 8785/8785/1 8788/8788/1 8787/8787/1 8786/8786/1
f 8789/8789/2 8792/8792/2 8791/8791/2 8790/8790/2
f 8793/8793/3 8796/8796/3 8795/8795/3 8794/8794/3
f 8797/8797/4 8800/8800/4 8799/8799/4 8798/8798/4
f 8801/8801/1 8804/8804/1 8803/8803/1 8802/8802/1
f 8805/8805/2 8808/8808/2 8807/8807/2 8806/8806/2
f 8809/8809/3 8812/8812/3 8811/8811/3 8810/8810/3
f 8813/8813/4 8816/8816/4 8815/8815/4 8814/8814/4
f 8817/8817/5 8820/8820/5 8819/8819/5 8818/8818/5
f 8821/8821/6 8824/8824/6 8823/8823/6 8822/8822/6
f 8825/8825/1 8828/8828/1 8827/8827/1 8826/8826/1
f 8829/8829/2 8832/8832/2 8831/8831/2 8830/8830/2
f 8833/8833/3 8836/8836/3 8835/8835/3 8834/8834/3
f 8837/8837/4 8840/8840/4 8839/8839/4 8838/8838/4
f 8841/8841/1 8844/8844/1 8843/8843/1 8842/8842/1
f 8845/8845/2 8848/8848/2 8847/8847/2 8846/8846/2
f 8849/8849/3 8852/8852/3 8851/8851/3 8850/8850/3
f 8853/8853/4 8856/8856/4 8855/8855/4 8854/8854/4
f 8857/8857/5 8860/8860/5 8859/8859/5 8858/8858/5
f 8861/8861/6 8864/8864/6 8863/8863/6 8862/8862/6
f 8865/8865/1 8868/8868/1 8867/8867/1 8866/8866/1
f 8869/8869/2 8872/8872/2 8871/8871/2 8870/8870/2
f 8873/8873/3 8876/8876/3 8875/8875/3 8874/8874/3
f 8877/8877/4 8880/8880/4 8879/8879/4 8878/8878/4
f 8881/8881/1 8884/8884/1 8883/8883/1 8882/8882/1
f 8885/8885/2 8888/8888/2 8887/8887/2 8886/8886/2
f 8889/8889/3 8892/8892/3 8891/8891/3 8890/8890/3
f 8893/8893/4 8896/8896/4 8895/8895/4 8894/8894/4
f 8897/8897/5 8900/8900/5 8899/8899/5 8898/8898/5
f 8901/8901/6 8904/8904/6 8903/8903/6 8902/8902/6
f 8905/8905/1 8908/8908/1 8907/8907/1 8906/8906/1
f 8909/8909/2 8912/8912/2 8911/8911/2 8910/8910/2
f 8913/8913/3 8916/8916/3 8915/8915/3 8914/8914/3
f 8917/8917/4 8920/8920/4 8919/8919/4 8918/8918/4
f 8921/8921/1 8924/8924/1 8923/8923/1 8922/8922/1
f 8925/8925/2 8928/8928/2 8927/8927/2 8926/8926/2
f 8929/8929/3 8932/8932/3 8931/8931/3 8930/8930/3
f 8933/8933/4 8936/8936/4 8935/8935/4 8934/8934/4
f 8937/8937/5 8940/8940/5 8939/8939/5 8938/8938/5
f 8941/8941/6 8944/8944/6 8943/8943/6 8942/8942/6
f 8945/8945/1 8948/8948/1 8947/8947/1 8946/8946/1
f 8949/8949/2 8952/8952/2 8951/8951/2 8950/8950/2
f 8953/8953/3 8956/8956/3 8955/8955/3 8954/8954/3
f 8957/8957/4 8960/8960/4 8959/8959/4 8958/8958/4
f 8961/8961/1 8964/8964/1 8963/8963/1 8962/8962/1
f 8965/8965/2 8968/8968/2 8967/8967/2 8966/8966/2
f 8969/8969/3 8972/8972/3 8971/8971/3 8970/8970/3
f 8973/8973/4 8976/8976/4 8975/8975/4 8974/8974/4
f 8977/8977/5 8980/8980/5 8979/8979/5 8978/8978/5
f 8981/8981/6 8984/8984/6 8983/8983/6 8982/8982/6
f 8985/8985/1 8988/8988/1 8987/8987/1 8986/8986/1
f 8989/8989/2 8992/8992/2 8991/8991/2 8990/8990/2
f 8993/8993/3 8996/8996/3 8995/8995/3 8994/8994/3
f 8997/8997/4 9000/9000/4 8999/8999/4 8998/8998/4
f 9001/9001/1 9004/9004/1 9003/9003/1 9002/9002/1
f 9005/9005/2 9008/9008/2 9007/9007/2 9006/9006/2
f 9009/9009/3 9012/9012/3 9011/9011/3 9010/9010/3
f 9013/9013/4 9016/9016/4 9015/9015/4 9014/9014/4
f 9017/9017/5 9020/9020/5 9019/9019/5 9018/9018/5
f 9021/9021/6 9024/9024/6 9023/9023/6 9022/9022/6
f 9025/9025/1 9028/9028/1 9027/9027/1 9026/9026/1
f 9029/9029/2 9032/9032/2 9031/9031/2 9030/9030/2
f 9033/9033/3 9036/9036/3 9035/9035/3 9034/9034/3
f 9037/9037/4 9040/9040/4 9039/9039/4 9038/9038/4
f 9041/9041/1 9044/9044/1 9043/9043/1 9042/9042/1
f 9045/9045/2 9048/9048/2 9047/9047/2 9046/9046/2
f 9049/9049/3 9052/9052/3 9051/9051/3 9050/9050/3
f 9053/9053/4 9056/9056/4 9055/9055/4 9054/9054/4
f 9057/9057/5 9060/9060/5 9059/9059/5 9058/9058/5
f 9061/9061/6 9064/9064/6 9063/9063/6 9062/9062/6
f 9065/9065/1 9068/9068/1 9067/9067/1 9066/9066/1
f 9069/9069/2 9072/9072/2 9071/9071/2 9070/9070/2
f 9073/9073/3 9076/9076/3 9075/9075/3 9074/9074/3
f 9077/9077/4 9080/9080/4 9079/9079/4 9078/9078/4
f 9081/9081/1 9084/9084/1 9083/9083/1 9082/9082/1
f 9085/9085/2 9088/9088/2 9087/9087/2 9086/9086/2
f 9089/9089/3 9092/9092/3 9091/9091/3 9090/9090/3
f 9093/9093/4 9096/9096/4 9095/9095/4 9094/9094/4
f 9097/9097/5 9100/9100/5 9099/9099/5 9098/9098/5
f 9101/9101/6 9104/9104/6 9103/9103/6 9102/9102/6
f 9105/9105/1 9108/9108/1 9107/9107/1 9106/9106/1
f 9109/9109/2 9112/9112/2 9111/9111/2 9110/9110/2
f 9113/9113/3 9116/9116/3 9115/9115/3 9114/9114/3
f 9117/9117/4 9120/9120/4 9119/9119/4 9118/9118/4
f 9121/9121/1 9124/9124/1 9123/9123/1 9122/9122/1
f 9125/9125/2 9128/9128/2 9127/9127/2 9126/9126/2
f 9129/9129/3 9132/9132/3 9131/9131/3 9130/9130/3
f 9133/9133/4 9136/9136/4 9135/9135/4 9134/9134/4
f 9137/9137/5 9140/9140/5 9139/9139/5 9138/9138/5
f 9141/9141/6 9144/9144/6 9143/9143/6 9142/9142/6
f 9145/9145/1 9148/9148/1 9147/9147/1 9146/9146/1
f 9149/9149/2 9152/9152/2 9151/9151/2 9150/9150/2
f 9153/9153/3 9156/9156/3 9155/9155/3 9154/9154/3
f 9157/9157/4 9160/9160/4 9159/9159/4 9158/9158/4
f 9161/9161/1 9164/9164/1 9163/9163/1 9162/9162/1
f 9165/9165/2 9168/9168/2 9167/9167/2 9166/9166/2
f 9169/9169/3 9172/9172/3 9171/9171/3 9170/9170/3
f 9173/9173/4 9176/9176/4 9175/9175/4 9174/9174/4
f 9177/9177/5 9180/9180/5 9179/9179/5 9178/9178/5
f 9181/9181/6 9184/9184/6 9183/9183/6 9182/9182/6
f 9185/9185/1 9188/9188/1 9187/9187/1 9186/9186/1
f 9189/9189/2 9192/9192/2 9191/9191/2 9190/9190/2
f 9193/9193/3 9196/9196/3 9195/9195/3 9194/9194/3
f 9197/9197/4 9200/9200/4 9199/9199/4 9198/9198/4
f 9201/9201/1 9204/9204/1 9203/9203/1 9202/9202/1
f 9205/9205/2 9208/9208/2 9207/9207/2 9206/9206/2
f 9209/9209/3 9212/9212/3 9211/9211/3 9210/9210/3
f 9213/9213/4 9216/9216/4 9215/9215/4 9214/9214/4
f 9217/9217/5 9220/9220/5 9219/9219/5 9218/9218/5
f 9221/9221/6 9224/9224/6 9223/9223/6 9222/9222/6
f 9225/9225/1 9228/9228/1 9227/9227/1 9226/9226/1
f 9229/9229/2 9232/9232/2 9231/9231/2 9230/9230/2
f 9233/9233/3 9236/9236/3 9235/9235/3 9234/9234/3
f 9237/9237/4 9240/9240/4 9239/9239/4 9238/9238/4
f 9241/9241/1 9244/9244/1 9243/9243/1 9242/9242/1
f 9245/9245/2 9248/9248/2 9247/9247/2 9246/9246/2
f 9249/9249/3 9252/9252/3 9251/9251/3 9250/9250/3
f 9253/9253/4 9256/9256/4 9255/9255/4 9254/9254/4
f 9257/9257/5 9260/9260/5 9259/9259/5 9258/9258/5
f 9261/9261/6 9264/9264/6 9263/9263/6 9262/9262/6
f 9265/9265/1 9268/9268/1 9267/9267/1 9266/9266/1
f 9269/9269/2 9272/9272/2 9271/9271/2 9270/9270/2
f 9273/9273/3 9276/9276/3 9275/9275/3 9274/9274/3
f 9277/9277/4 9280/9280/4 9279/9279/4 9278/9278/4
f 9281/9281/1 9284/9284/1 9283/9283/1 9282/9282/1
f 9285/9285/2 9288/9288/2 9287/9287/2 9286/9286/2
f 9289/9289/3 9292/9292/3 9291/9291/3 9290/9290/3
f 9293/9293/4 9296/9296/4 9295/9295/4 9294/9294/4
f 9297/9297/5 9300/9300/5 9299/9299/5 9298/9298/5
f 9301/9301/6 9304/9304/6 9303/9303/6 9302/9302/6
f 9305/9305/1 9308/9308/1 9307/9307/1 9306/9306/1
f 9309/9309/2 9312/9312/2 9311/9311/2 9310/9310/2
f 9313/9313/3 9316/9316/3 9315/9315/3 9314/9314/3
f 9317/9317/4 9320/9320/4 9319/9319/4 9318/9318/4
f 9321/9321/1 9324/9324/1 9323/9323/1 9322/9322/1
f 9325/9325/2 9328/9328/2 9327/9327/2 9326/9326/2
f 9329/9329/3 9332/9332/3 9331/9331/3 9330/9330/3
f 9333/9333/4 9336/9336/4 9335/9335/4 9334/9334/4
f 9337/9337/5 9340/9340/5 9339/9339/5 9338/9338/5
f 9341/9341/6 9344/9344/6 9343/9343/6 9342/9342/6
f 9345/9345/1 9348/9348/1 9347/9347/1 9346/9346/1
f 9349/9349/2 9352/9352/2 9351/9351/2 9350/9350/2
f 9353/9353/3 9356/9356/3 9355/9355/3 9354/9354/3
f 9357/9357/4 9360/9360/4 9359/9359/4 9358/9358/4
f 9361/9361/1 9364/9364/1 9363/9363/1 9362/9362/1
f 9365/9365/2 9368/9368/2 9367/9367/2 9366/9366/2
f 9369/9369/3 9372/9372/3 9371/9371/3 9370/9370/3
f 9373/9373/4 9376/9376/4 9375/9375/4 9374/9374/4
f 9377/9377/5 9380/9380/5 9379/9379/5 9378/9378/5
f 9381/9381/6 9384/9384/6 9383/9383/6 9382/9382/6
f 9385/9385/1 9388/9388/1 9387/9387/1 9386/9386/1
f 9389/9389/2 9392/9392/2 9391/9391/2 9390/9390/2
f 9393/9393/3 9396/9396/3 9395/9395/3 9394/9394/3
f 9397/9397/4 9400/9400/4 9399/9399/4 9398/9398/4
f 9401/9401/1 9404/9404/1 9403/9403/1 9402/9402/1
f 9405/9405/2 9408/9408/2 9407/9407/2 9406/9406/2
f 9409/9409/3 9412/9412/3 9411/9411/3 9410/9410/3
f 9413/9413/4 9416/9416/4 9415/9415/4 9414/9414/4
f 9417/9417/5 9420/9420/5 9419/9419/5 9418/9418/5
f 9421/9421/6 9424/9424/6 9423/9423/6 9422/9422/6
f 9425/9425/1 9428/9428/1 9427/9427/1 9426/9426/1
f 9429/9429/2 9432/9432/2 9431/9431/2 9430/9430/2
f 9433/9433/3 9436/9436/3 9435/9435/3 9434/9434/3
f 9437/9437/4 9440/9440/4 9439/9439/4 9438/9438/4
f 9441/9441/1 9444/9444/1 9443/9443/1 9442/9442/1
f 9445/9445/2 9448/9448/2 9447/9447/2 9446/9446/2
f 9449/9449/3 9452/9452/3 9451/9451/3 9450/9450/3
f 9453/9453/4 9456/9456/4 9455/9455/4 9454/9454/4
f 9457/9457/5 9460/9460/5 9459/9459/5 9458/9458/5
f 9461/9461/6 9464/9464/6 9463/9463/6 9462/9462/6
f 9465/9465/1 9468/9468/1 9467/9467/1 9466/9466/1
f 9469/9469/2 9472/9472/2 9471/9471/2 9470/9470/2
f 9473/9473/3 9476/9476/3 9475/9475/3 9474/9474/3
f 9477/9477/4 9480/9480/4 9479/9479/4 9478/9478/4
f 9481/9481/1 9484/9484/1 9483/9483/1 9482/9482/1
f 9485/9485/2 9488/9488/2 9487/9487/2 9486/9486/2
f 9489/9489/3 9492/9492/3 9491/9491/3 9490/9490/3
f 9493/9493/4 9496/9496/4 9495/9495/4 9494/9494/4
f 9497/9497/5 9500/9500/5 9499/9499/5 9498/9498/5
f 9501/9501/6 9504/9504/6 9503/9503/6 9502/9502/6
f 9505/9505/1 9508/9508/1 9507/9507/1 9506/9506/1
f 9509/9509/2 9512/9512/2 9511/9511/2 9510/9510/2
f 9513/9513/3 9516/9516/3 9515/9515/3 9514/9514/3
f 9517/9517/4 9520/9520/4 9519/9519/4 9518/9518/4
f 9521/9521/1 9524/9524/1 9523/9523/1 9522/9522/1
f 9525/9525/2 9528/9528/2 9527/9527/2 9526/9526/2
f 9529/9529/3 9532/9532/3 9531/9531/3 9530/9530/3
f 9533/9533/4 9536/9536/4 9535/9535/4 9534/9534/4
f 9537/9537/5 9540/9540/5 9539/9539/5 9538/9538/5
f 9541/9541/6 9544/9544/6 9543/9543/6 9542/9542/6
f 9545/9545/1 9548/9548/1 9547/9547/1 9546/9546/1
f 9549/9549/2 9552/9552/2 9551/9551/2 9550/9550/2
f 9553/9553/3 9556/9556/3 9555/9555/3 9554/9554/3
f 9557/9557/4 9560/9560/4 9559/9559/4 9558/9558/4
f 9561/9561/1 9564/9564/1 9563/9563/1 9562/9562/1
f 9565/9565/2 9568/9568/2 9567/9567/2 9566/9566/2
f 9569/9569/3 9572/9572/3 9571/9571/3 9570/9570/3
f 9573/9573/4 9576/9576/4 9575/9575/4 9574/9574/4
f 9577/9577/5 9580/9580/5 9579/9579/5 9578/9578/5
f 9581/9581/6 9584/9584/6 9583/9583/6 9582/9582/6
f 9585/9585/1 9588/9588/1 9587/9587/1 9586/9586/1
f 9589/9589/2 9592/9592/2 9591/9591/2 9590/9590/2
f 9593/9593/3 9596/9596/3 9595/9595/3 9594/9594/3
f 9597/9597/4 9600/9600/4 9599/9599/4 9598/9598/4
f 9601/9601/1 9604/9604/1 9603/9603/1 9602/9602/1
f 9605/9605/2 9608/9608/2 9607/9607/2 9606/9606/2
f 9609/9609/3 9612/9612/3 9611/9611/3 9610/9610/3
f 9613/9613/4 9616/9616/4 9615/9615/4 9614/9614/4
f 9617/9617/5 9620/9620/5 9619/9619/5 9618/9618/5
f 9621/9621/6 9624/9624/6 9623/9623/6 9622/9622/6
f 9625/9625/1 9628/9628/1 9627/9627/1 9626/9626/1
f 9629/9629/2 9632/9632/2 9631/9631/2 9630/9630/2
f 9633/9633/3 9636/9636/3 9635/9635/3 9634/9634/3
f 9637/9637/4 9640/9640/4 9639/9639/4 9638/9638/4
f 9641/9641/1 9644/9644/1 9643/9643/1 9642/9642/1
f 9645/9645/2 9648/9648/2 9647/9647/2 9646/9646/2
f 9649/9649/3 9652/9652/3 9651/9651/3 9650/9650/3
f 9653/9653/4 9656/9656/4 9655/9655/4 9654/9654/4
f 9657/9657/5 9660/9660/5 9659/9659/5 9658/9658/5
f 9661/9661/6 9664/9664/6 9663/9663/6 9662/9662/6
f 9665/9665/1 9668/9668/1 9667/9667/1 9666/9666/1
f 9669/9669/2 9672/9672/2 9671/9671/2 9670/9670/2
f 9673/9673/3 9676/9676/3 9675/9675/3 9674/9674/3
f 9677/9677/4 9680/9680/4 9679/9679/4 9678/9678/4
f 9681/9681/1 9684/9684/1 9683/9683/1 9682/9682/1
f 9685/9685/2 9688/9688/2 9687/9687/2 9686/9686/2
f 9689/9689/3 9692/9692/3 9691/9691/3 9690/9690/3
f 9693/9693/4 9696/9696/4 9695/9695/4 9694/9694/4
f 9697/9697/5 9700/9700/5 9699/9699/5 9698/9698/5
f 9701/9701/6 9704/9704/6 9703/9703/6 9702/9702/6
f 9705/9705/1 9708/9708/1 9707/9707/1 9706/9706/1
f 9709/9709/2 9712/9712/2 9711/9711/2 9710/9710/2
f 9713/9713/3 9716/9716/3 9715/9715/3 9714/9714/3
f 9717/9717/4 9720/9720/4 9719/9719/4 9718/9718/4
f 9721/9721/1 9724/9724/1 9723/9723/1 9722/9722/1
f 9725/9725/2 9728/9728/2 9727/9727/2 9726/9726/2
f 9729/9729/3 9732/9732/3 9731/9731/3 9730/9730/3
f 9733/9733/4 9736/9736/4 9735/9735/4 9734/9734/4
f 9737/9737/5 9740/9740/5 9739/9739/5 9738/9738/5
f 9741/9741/6 9744/9744/6 9743/9743/6 9742/9742/6
f 9745/9745/1 9748/9748/1 9747/9747/1 9746/9746/1
f 9749/9749/2 9752/9752/2 9751/9751/2 9750/9750/2
f 9753/9753/3 9756/9756/3 9755/9755/3 9754/9754/3
f 9757/9757/4 9760/9760/4 9759/9759/4 9758/9758/4
f 9761/9761/1 9764/9764/1 9763/9763/1 9762/9762/1
f 9765/9765/2 9768/9768/2 9767/9767/2 9766/9766/2
f 9769/9769/3 9772/9772/3 9771/9771/3 9770/9770/3
f 9773/9773/4 9776/9776/4 9775/9775/4 9774/9774/4
f 9777/9777/5 9780/9780/5 9779/9779/5 9778/9778/5
f 9781/9781/6 9784/9784/6 9783/9783/6 9782/9782/6
f 9785/9785/1 9788/9788/1 9787/9787/1 9786/9786/1
f 9789/9789/2 9792/9792/2 9791/9791/2 9790/9790/2
f 9793/9793/3 9796/9796/3 9795/9795/3 9794/9794/3
f 9797/9797/4 9800/9800/4 9799/9799/4 9798/9798/4
f 9801/9801/1 9804/9804/1 9803/9803/1 9802/9802/1
f 9805/9805/2 9808/9808/2 9807/9807/2 9806/9806/2
f 9809/9809/3 9812/9812/3 9811/9811/3 9810/9810/3
f 9813/9813/4 9816/9816/4 9815/9815/4 9814/9814/4
f 9817/9817/5 9820/9820/5 9819/9819/5 9818/9818/5
f 9821/9821/6 9824/9824/6 9823/9823/6 9822/9822/6
f 9825/9825/1 9828/9828/1 9827/9827/1 9826/9826/1
f 9829/9829/2 9832/9832/2 9831/9831/2 9830/9830/2
f 9833/9833/3 9836/9836/3 9835/9835/3 9834/9834/3
f 9837/9837/4 9840/9840/4 9839/9839/4 9838/9838/4
f 9841/9841/1 9844/9844/1 9843/9843/1 9842/9842/1
f 9845/9845/2 9848/9848/2 9847/9847/2 9846/9846/2
f 9849/9849/3 9852/9852/3 9851/9851/3 9850/9850/3
f 9853/9853/4 9856/9856/4 9855/9855/4 9854/9854/4
f 9857/9857/5 9860/9860/5 9859/9859/5 9858/9858/5
f 9861/9861/6 9864/9864/6 9863/9863/6 9862/9862/6
f 9865/9865/1 9868/9868/1 9867/9867/1 9866/9866/1
f 9869/9869/2 9872/9872/2 9871/9871/2 9870/9870/2
f 9873/9873/3 9876/9876/3 9875/9875/3 9874/9874/3
f 9877/9877/4 9880/9880/4 9879/9879/4 9878/9878/4
f 9881/9881/1 9884/9884/1 9883/9883/1 9882/9882/1
f 9885/9885/2 9888/9888/2 9887/9887/2 9886/9886/2
f 9889/9889/3 9892/9892/3 9891/9891/3 9890/9890/3
f 9893/9893/4 9896/9896/4 9895/9895/4 9894/9894/4
f 9897/9897/5 9900/9900/5 9899/9899/5 9898/9898/5
f 9901/9901/6 9904/9904/6 9903/9903/6 9902/9902/6
f 9905/9905/1 9908/9908/1 9907/9907/1 9906/9906/1
f 9909/9909/2 9912/9912/2 9911/9911/2 9910/9910/2
f 9913/9913/3 9916/9916/3 9915/9915/3 9914/9914/3
f 9917/9917/4 9920/9920/4 9919/9919/4 9918/9918/4
f 9921/9921/1 9924/9924/1 9923/9923/1 9922/9922/1
f 9925/9925/2 9928/9928/2 9927/9927/2 9926/9926/2
f 9929/9929/3 9932/9932/3 9931/9931/3 9930/9930/3
f 9933/9933/4 9936/9936/4 9935/9935/4 9934/9934/4
f 9937/9937/5 9940/9940/5 9939/9939/5 9938/9938/5
f 9941/9941/6 9944/9944/6 9943/9943/6 9942/9942/6
f 9945/9945/1 9948/9948/1 9947/9947/1 9946/9946/1
f 9949/9949/2 9952/9952/2 9951/9951/2 9950/9950/2
f 9953/9953/3 9956/9956/3 9955/9955/3 9954/9954/3
f 9957/9957/4 9960/9960/4 9959/9959/4 9958/9958/4
f 9961/9961/1 9964/9964/1 9963/9963/1 9962/9962/1
f 9965/9965/2 9968/9968/2 9967/9967/2 9966/9966/2
f 9969/9969/3 9972/9972/3 9971/9971/3 9970/9970/3
f 9973/9973/4 9976/9976/4 9975/9975/4 9974/9974/4
f 9977/9977/5 9980/9980/5 9979/9979/5 9978/9978/5
f 9981/9981/6 9984/9984/6 9983/9983/6 9982/9982/6
f 9985/9985/1 9988/9988/1 9987/9987/1 9986/9986/1
f 9989/9989/2 9992/9992/2 9991/9991/2 9990/9990/2
f 9993/9993/3 9996/9996/3 9995/9995/3 9994/9994/3
f 9997/9997/4 10000/10000/4 9999/9999/4 9998/9998/4
f 10001/10001/1 10004/10004/1 10003/10003/1 10002/10002/1
f 10005/10005/2 10008/10008/2 10007/10007/2 10006/10006/2
f 10009/10009/3 10012/10012/3 10011/10011/3 10010/10010/3
f 10013/10013/4 10016/10016/4 10015/10015/4 10014/10014/4
f 10017/10017/5 10020/10020/5 10019/10019/5 10018/10018/5
f 10021/10021/6 10024/10024/6 10023/10023/6 10022/10022/6
f 10025/10025/1 10028/10028/1 10027/10027/1 10026/10026/1
f 10029/10029/2 10032/10032/2 10031/10031/2 10030/10030/2
f 10033/10033/3 10036/10036/3 10035/10035/3 10034/10034/3
f 10037/10037/4 10040/10040/4 10039/10039/4 10038/10038/4
f 10041/10041/1 10044/10044/1 10043/10043/1 10042/10042/1
f 10045/10045/2 10048/10048/2 10047/10047/2 10046/10046/2
f 10049/10049/3 10052/10052/3 10051/10051/3 10050/10050/3
f 10053/10053/4 10056/10056/4 10055/10055/4 10054/10054/4
f 10057/10057/5 10060/10060/5 10059/10059/5 10058/10058/5
f 10061/10061/6 10064/10064/6 10063/10063/6 10062/10062/6
f 10065/10065/1 10068/10068/1 10067/10067/1 10066/10066/1
f 10069/10069/2 10072/10072/2 10071/10071/2 10070/10070/2
f 10073/10073/3 10076/10076/3 10075/10075/3 10074/10074/3
f 10077/10077/4 10080/10080/4 10079/10079/4 10078/10078/4
f 10081/10081/1 10084/10084/1 10083/10083/1 10082/10082/1
f 10085/10085/2 10088/10088/2 10087/10087/2 10086/10086/2
f 10089/10089/3 10092/10092/3 10091/10091/3 10090/10090/3
f 10093/10093/4 10096/10096/4 10095/10095/4 10094/10094/4
f 10097/10097/5 10100/10100/5 10099/10099/5 10098/10098/5
f 10101/10101/6 10104/10104/6 10103/10103/6 10102/10102/6
f 10105/10105/1 10108/10108/1 10107/10107/1 10106/10106/1
f 10109/10109/2 10112/10112/2 10111/10111/2 10110/10110/2
f 10113/10113/3 10116/10116/3 10115/10115/3 10114/10114/3
f 10117/10117/4 10120/10120/4 10119/10119/4 10118/10118/4
f 10121/10121/1 10124/10124/1 10123/10123/1 10122/10122/1
f 10125/10125/2 10128/10128/2 10127/10127/2 10126/10126/2
f 10129/10129/3 10132/10132/3 10131/10131/3 10130/10130/3
f 10133/10133/4 10136/10136/4 10135/10135/4 10134/10134/4
f 10137/10137/5 10140/10140/5 10139/10139/5 10138/10138/5
f 10141/10141/6 10144/10144/6 10143/10143/6 10142/10142/6
f 10145/10145/1 10148/10148/1 10147/10147/1 10146/10146/1
f 10149/10149/2 10152/10152/2 10151/10151/2 10150/10150/2
f 10153/10153/3 10156/10156/3 10155/10155/3 10154/10154/3
f 10157/10157/4 10160/10160/4 10159/10159/4 10158/10158/4
f 10161/10161/1 10164/10164/1 10163/10163/1 10162/10162/1
f 10165/10165/2 10168/10168/2 10167/10167/2 10166/10166/2
f 10169/10169/3 10172/10172/3 10171/10171/3 10170/10170/3
f 10173/10173/4 10176/10176/4 10175/10175/4 10174/10174/4
f 10177/10177/5 10180/10180/5 10179/10179/5 10178/10178/5
f 10181/10181/6 10184/10184/6 10183/10183/6 10182/10182/6
f 10185/10185/1 10188/10188/1 10187/10187/1 10186/10186/1
f 10189/10189/2 10192/10192/2 10191/10191/2 10190/10190/2
f 10193/10193/3 10196/10196/3 10195/10195/3 10194/10194/3
f 10197/10197/4 10200/10200/4 10199/10199/4 10198/10198/4
f 10201/10201/1 10204/10204/1 10203/10203/1 10202/10202/1
f 10205/10205/2 10208/10208/2 10207/10207/2 10206/10206/2
f 10209/10209/3 10212/10212/3 10211/10211/3 10210/10210/3
f 10213/10213/4 10216/10216/4 10215/10215/4 10214/10214/4
f 10217/10217/5 10220/10220/5 10219/10219/5 10218/10218/5
f 10221/10221/6 10224/10224/6 10223/10223/6 10222/10222/6
f 10225/10225/1 10228/10228/1 10227/10227/1 10226/10226/1
f 10229/10229/2 10232/10232/2 10231/10231/2 10230/10230/2
f 10233/10233/3 10236/10236/3 10235/10235/3 10234/10234/3
f 10237/10237/4 10240/10240/4 10239/10239/4 10238/10238/4
f 10241/10241/1 10244/10244/1 10243/10243/1 10242/10242/1
f 10245/10245/2 10248/10248/2 10247/10247/2 10246/10246/2
f 10249/10249/3 10252/10252/3 10251/10251/3 10250/10250/3
f 10253/10253/4 10256/10256/4 10255/10255/4 10254/10254/4
f 10257/10257/5 10260/10260/5 10259/10259/5 10258/10258/5
f 10261/10261/6 10264/10264/6 10263/10263/6 10262/10262/6
f 10265/10265/1 10268/10268/1 10267/10267/1 10266/10266/1
f 10269/10269/2 10272/10272/2 10271/10271/2 10270/10270/2
f 10273/10273/3 10276/10276/3 10275/10275/3 10274/10274/3
f 10277/10277/4 10280/10280/4 10279/10279/4 10278/10278/4
f 10281/10281/1 10284/10284/1 10283/10283/1 10282/10282/1
f 10285/10285/2 10288/10288/2 10287/10287/2 10286/10286/2
f 10289/10289/3 10292/10292/3 10291/10291/3 10290/10290/3
f 10293/10293/4 10296/10296/4 10295/10295/4 10294/10294/4
f 10297/10297/5 10300/10300/5 10299/10299/5 10298/10298/5
f 10301/10301/6 10304/10304/6 10303/10303/6 10302/10302/6
f 10305/10305/1 10308/10308/1 10307/10307/1 10306/10306/1
f 10309/10309/2 10312/10312/2 10311/10311/2 10310/10310/2
f 10313/10313/3 10316/10316/3 10315/10315/3 10314/10314/3
f 10317/10317/4 10320/10320/4 10319/10319/4 10318/10318/4
f 10321/10321/1 10324/10324/1 10323/10323/1 10322/10322/1
f 10325/10325/2 10328/10328/2 10327/10327/2 10326/10326/2
f 10329/10329/3 10332/10332/3 10331/10331/3 10330/10330/3
f 10333/10333/4 10336/10336/4 10335/10335/4 10334/10334/4
f 10337/10337/5 10340/10340/5 10339/10339/5 10338/10338/5
f 10341/10341/6 10344/10344/6 10343/10343/6 10342/10342/6
f 10345/10345/1 10348/10348/1 10347/10347/1 10346/10346/1
f 10349/10349/2 10352/10352/2 10351/10351/2 10350/10350/2
f 10353/10353/3 10356/10356/3 10355/10355/3 10354/10354/3
f 10357/10357/4 10360/10360/4 10359/10359/4 10358/10358/4
f 10361/10361/1 10364/10364/1 10363/10363/1 10362/10362/1
f 10365/10365/2 10368/10368/2 10367/10367/2 10366/10366/2
f 10369/10369/3 10372/10372/3 10371/10371/3 10370/10370/3
f 10373/10373/4 10376/10376/4 10375/10375/4 10374/10374/4
f 10377/10377/5 10380/10380/5 10379/10379/5 10378/10378/5
f 10381/10381/6 10384/10384/6 10383/10383/6 10382/10382/6
f 10385/10385/1 10388/10388/1 10387/10387/1 10386/10386/1
f 10389/10389/2 10392/10392/2 10391/10391/2 10390/10390/2
f 10393/10393/3 10396/10396/3 10395/10395/3 10394/10394/3
f 10397/10397/4 10400/10400/4 10399/10399/4 10398/10398/4
f 10401/10401/1 10404/10404/1 10403/10403/1 10402/10402/1
f 10405/10405/2 10408/10408/2 10407/10407/2 10406/10406/2
f 10409/10409/3 10412/10412/3 10411/10411/3 10410/10410/3
f 10413/10413/4 10416/10416/4 10415/10415/4 10414/10414/4
f 10417/10417/5 10420/10420/5 10419/10419/5 10418/10418/5
f 10421/10421/6 10424/10424/6 10423/10423/6 10422/10422/6
f 10425/10425/1 10428/10428/1 10427/10427/1 10426/10426/1
f 10429/10429/2 10432/10432/2 10431/10431/2 10430/10430/2
f 10433/10433/3 10436/10436/3 10435/10435/3 10434/10434/3
f 10437/10437/4 10440/10440/4 10439/10439/4 10438/10438/4
f 10441/10441/1 10444/10444/1 10443/10443/1 10442/10442/1
f 10445/10445/2 10448/10448/2 10447/10447/2 10446/10446/2
f 10449/10449/3 10452/10452/3 10451/10451/3 10450/10450/3
f 10453/10453/4 10456/10456/4 10455/10455/4 10454/10454/4
f 10457/10457/5 10460/10460/5 10459/10459/5 10458/10458/5
f 10461/10461/6 10464/10464/6 10463/10463/6 10462/10462/6
f 10465/10465/1 10468/10468/1 10467/10467/1 10466/10466/1
f 10469/10469/2 10472/10472/2 10471/10471/2 10470/10470/2
f 10473/10473/3 10476/10476/3 10475/10475/3 10474/10474/3
f 10477/10477/4 10480/10480/4 10479/10479/4 10478/10478/4
f 10481/10481/1 10484/10484/1 10483/10483/1 10482/10482/1
f 10485/10485/2 10488/10488/2 10487/10487/2 10486/10486/2
f 10489/10489/3 10492/10492/3 10491/10491/3 10490/10490/3
f 10493/10493/4 10496/10496/4 10495/10495/4 10494/10494/4
f 10497/10497/5 10500/10500/5 10499/10499/5 10498/10498/5
f 10501/10501/6 10504/10504/6 10503/10503/6 10502/10502/6
f 10505/10505/1 10508/10508/1 10507/10507/1 10506/10506/1
f 10509/10509/2 10512/10512/2 10511/10511/2 10510/10510/2
f 10513/10513/3 10516/10516/3 10515/10515/3 10514/10514/3
f 10517/10517/4 10520/10520/4 10519/10519/4 10518/10518/4
f 10521/10521/1 10524/10524/1 10523/10523/1 10522/10522/1
f 10525/10525/2 10528/10528/2 10527/10527/2 10526/10526/2
f 10529/10529/3 10532/10532/3 10531/10531/3 10530/10530/3
f 10533/10533/4 10536/10536/4 10535/10535/4 10534/10534/4
f 10537/10537/5 10540/10540/5 10539/10539/5 10538/10538/5
f 10541/10541/6 10544/10544/6 10543/10543/6 10542/10542/6
f 10545/10545/1 10548/10548/1 10547/10547/1 10546/10546/1
f 10549/10549/2 10552/10552/2 10551/10551/2 10550/10550/2
f 10553/10553/3 10556/10556/3 10555/10555/3 10554/10554/3
f 10557/10557/4 10560/10560/4 10559/10559/4 10558/10558/4
f 10561/10561/1 10564/10564/1 10563/10563/1 10562/10562/1
f 10565/10565/2 10568/10568/2 10567/10567/2 10566/10566/2
f 10569/10569/3 10572/10572/3 10571/10571/3 10570/10570/3
f 10573/10573/4 10576/10576/4 10575/10575/4 10574/10574/4
f 10577/10577/5 10580/10580/5 10579/10579/5 10578/10578/5
f 10581/10581/6 10584/10584/6 10583/10583/6 10582/10582/6
f 10585/10585/1 10588/10588/1 10587/10587/1 10586/10586/1
f 10589/10589/2 10592/10592/2 10591/10591/2 10590/10590/2
f 10593/10593/3 10596/10596/3 10595/10595/3 10594/10594/3
f 10597/10597/4 10600/10600/4 10599/10599/4 10598/10598/4
f 10601/10601/1 10604/10604/1 10603/10603/1 10602/10602/1
f 10605/10605/2 10608/10608/2 10607/10607/2 10606/10606/2
f 10609/10609/3 10612/10612/3 10611/10611/3 10610/10610/3
f 10613/10613/4 10616/10616/4 10615/10615/4 10614/10614/4
f 10617/10617/5 10620/10620/5 10619/10619/5 10618/10618/5
f 10621/10621/6 10624/10624/6 10623/10623/6 10622/10622/6
f 10625/10625/1 10628/10628/1 10627/10627/1 10626/10626/1
f 10629/10629/2 10632/10632/2 10631/10631/2 10630/10630/2
f 10633/10633/3 10636/10636/3 10635/10635/3 10634/10634/3
f 10637/10637/4 10640/10640/4 10639/10639/4 10638/10638/4
f 10641/10641/1 10644/10644/1 10643/10643/1 10642/10642/1
f 10645/10645/2 10648/10648/2 10647/10647/2 10646/10646/2
f 10649/10649/3 10652/10652/3 10651/10651/3 10650/10650/3
f 10653/10653/4 10656/10656/4 10655/10655/4 10654/10654/4
f 10657/10657/5 10660/10660/5 10659/10659/5 10658/10658/5
f 10661/10661/6 10664/10664/6 10663/10663/6 10662/10662/6
f 10665/10665/1 10668/10668/1 10667/10667/1 10666/10666/1
f 10669/10669/2 10672/10672/2 10671/10671/2 10670/10670/2
f 10673/10673/3 10676/10676/3 10675/10675/3 10674/10674/3
f 10677/10677/4 10680/10680/4 10679/10679/4 10678/10678/4
f 10681/10681/1 10684/10684/1 10683/10683/1 10682/10682/1
f 10685/10685/2 10688/10688/2 10687/10687/2 10686/10686/2
f 10689/10689/3 10692/10692/3 10691/10691/3 10690/10690/3
f 10693/10693/4 10696/10696/4 10695/10695/4 10694/10694/4
f 10697/10697/5 10700/10700/5 10699/10699/5 10698/10698/5
f 10701/10701/6 10704/10704/6 10703/10703/6 10702/10702/6
f 10705/10705/1 10708/10708/1 10707/10707/1 10706/10706/1
f 10709/10709/2 10712/10712/2 10711/10711/2 10710/10710/2
f 10713/10713/3 10716/10716/3 10715/10715/3 10714/10714/3
f 10717/10717/4 10720/10720/4 10719/10719/4 10718/10718/4
f 10721/10721/1 10724/10724/1 10723/10723/1 10722/10722/1
f 10725/10725/2 10728/10728/2 10727/10727/2 10726/10726/2
f 10729/10729/3 10732/10732/3 10731/10731/3 10730/10730/3
f 10733/10733/4 10736/10736/4 10735/10735/4 10734/10734/4
f 10737/10737/5 10740/10740/5 10739/10739/5 10738/10738/5
f 10741/10741/6 10744/10744/6 10743/10743/6 10742/10742/6
f 10745/10745/1 10748/10748/1 10747/10747/1 10746/10746/1
f 10749/10749/2 10752/10752/2 10751/10751/2 10750/10750/2
f 10753/10753/3 10756/10756/3 10755/10755/3 10754/10754/3
f 10757/10757/4 10760/10760/4 10759/10759/4 10758/10758/4
f 10761/10761/1 10764/10764/1 10763/10763/1 10762/10762/1
f 10765/10765/2 10768/10768/2 10767/10767/2 10766/10766/2
f 10769/10769/3 10772/10772/3 10771/10771/3 10770/10770/3
f 10773/10773/4 10776/10776/4 10775/10775/4 10774/10774/4
f 10777/10777/5 10780/10780/5 10779/10779/5 10778/10778/5
f 10781/10781/6 10784/10784/6 10783/10783/6 10782/10782/6
f 10785/10785/1 10788/10788/1 10787/10787/1 10786/10786/1
f 10789/10789/2 10792/10792/2 10791/10791/2 10790/10790/2
f 10793/10793/3 10796/10796/3 10795/10795/3 10794/10794/3
f 10797/10797/4 10800/10800/4 10799/10799/4 10798/10798/4
f 10801/10801/1 10804/10804/1 10803/10803/1 10802/10802/1
f 10805/10805/2 10808/10808/2 10807/10807/2 10806/10806/2
f 10809/10809/3 10812/10812/3 10811/10811/3 10810/10810/3
f 10813/10813/4 10816/10816/4 10815/10815/4 10814/10814/4
f 10817/10817/5 10820/10820/5 10819/10819/5 10818/10818/5
f 10821/10821/6 10824/10824/6 10823/10823/6 10822/10822/6
f 10825/10825/1 10828/10828/1 10827/10827/1 10826/10826/1
f 10829/10829/2 10832/10832/2 10831/10831/2 10830/10830/2
f 10833/10833/3 10836/10836/3 10835/10835/3 10834/10834/3
f 10837/10837/4 10840/10840/4 10839/10839/4 10838/10838/4
f 10841/10841/1 10844/10844/1 10843/10843/1 10842/10842/1
f 10845/10845/2 10848/10848/2 10847/10847/2 10846/10846/2
f 10849/10849/3 10852/10852/3 10851/10851/3 10850/10850/3
f 10853/10853/4 10856/10856/4 10855/10855/4 10854/10854/4
f 10857/10857/5 10860/10860/5 10859/10859/5 10858/10858/5
f 10861/10861/6 10864/10864/6 10863/10863/6 10862/10862/6
f 10865/10865/1 10868/10868/1 10867/10867/1 10866/10866/1
f 10869/10869/2 10872/10872/2 10871/10871/2 10870/10870/2
f 10873/10873/3 10876/10876/3 10875/10875/3 10874/10874/3
f 10877/10877/4 10880/10880/4 10879/10879/4 10878/10878/4
f 10881/10881/1 10884/10884/1 10883/10883/1 10882/10882/1
f 10885/10885/2 10888/10888/2 10887/10887/2 10886/10886/2
f 10889/10889/3 10892/10892/3 10891/10891/3 10890/10890/3
f 10893/10893/4 10896/10896/4 10895/10895/4 10894/10894/4
f 10897/10897/5 10900/10900/5 10899/10899/5 10898/10898/5
f 10901/10901/6 10904/10904/6 10903/10903/6 10902/10902/6
f 10905/10905/1 10908/10908/1 10907/10907/1 10906/10906/1
f 10909/10909/2 10912/10912/2 10911/10911/2 10910/10910/2
f 10913/10913/3 10916/10916/3 10915/10915/3 10914/10914/3
f 10917/10917/4 10920/10920/4 10919/10919/4 10918/10918/4
f 10921/10921/1 10924/10924/1 10923/10923/1 10922/10922/1
f 10925/10925/2 10928/10928/2 10927/10927/2 10926/10926/2
f 10929/10929/3 10932/10932/3 10931/10931/3 10930/10930/3
f 10933/10933/4 10936/10936/4 10935/10935/4 10934/10934/4
f 10937/10937/5 10940/10940/5 10939/10939/5 10938/10938/5
f 10941/10941/6 10944/10944/6 10943/10943/6 10942/10942/6
f 10945/10945/1 10948/10948/1 10947/10947/1 10946/10946/1
f 10949/10949/2 10952/10952/2 10951/10951/2 10950/10950/2
f 10953/10953/3 10956/10956/3 10955/10955/3 10954/10954/3
f 10957/10957/4 10960/10960/4 10959/10959/4 10958/10958/4
f 10961/10961/1 10964/10964/1 10963/10963/1 10962/10962/1
f 10965/10965/2 10968/10968/2 10967/10967/2 10966/10966/2
f 10969/10969/3 10972/10972/3 10971/10971/3 10970/10970/3
f 10973/10973/4 10976/10976/4 10975/10975/4 10974/10974/4
f 10977/10977/5 10980/10980/5 10979/10979/5 10978/10978/5
f 10981/10981/6 10984/10984/6 10983/10983/6 10982/10982/6
f 10985/10985/1 10988/10988/1 10987/10987/1 10986/10986/1
f 10989/10989/2 10992/10992/2 10991/10991/2 10990/10990/2
f 10993/10993/3 10996/10996/3 10995/10995/3 10994/10994/3
f 10997/10997/4 11000/11000/4 10999/10999/4 10998/10998/4
f 11001/11001/1 11004/11004/1 11003/11003/1 11002/11002/1
f 11005/11005/2 11008/11008/2 11007/11007/2 11006/11006/2
f 11009/11009/3 11012/11012/3 11011/11011/3 11010/11010/3
f 11013/11013/4 11016/11016/4 11015/11015/4 11014/11014/4
f 11017/11017/5 11020/11020/5 11019/11019/5 11018/11018/5
f 11021/11021/6 11024/11024/6 11023/11023/6 11022/11022/6
f 11025/11025/1 11028/11028/1 11027/11027/1 11026/11026/1
f 11029/11029/2 11032/11032/2 11031/11031/2 11030/11030/2
f 11033/11033/3 11036/11036/3 11035/11035/3 11034/11034/3
f 11037/11037/4 11040/11040/4 11039/11039/4 11038/11038/4
f 11041/11041/1 11044/11044/1 11043/11043/1 11042/11042/1
f 11045/11045/2 11048/11048/2 11047/11047/2 11046/11046/2
f 11049/11049/3 11052/11052/3 11051/11051/3 11050/11050/3
f 11053/11053/4 11056/11056/4 11055/11055/4 11054/11054/4
f 11057/11057/5 11060/11060/5 11059/11059/5 11058/11058/5
f 11061/11061/6 11064/11064/6 11063/11063/6 11062/11062/6
o Capsule
f 11065/11065/1 11068/11068/1 11067/11067/1 11066/11066/1
f 11069/11069/2 11072/11072/2 11071/11071/2 11070/11070/2
f 11073/11073/3 11076/11076/3 11075/11075/3 11074/11074/3
f 11077/11077/4 11080/11080/4 11079/11079/4 11078/11078/4
f 11081/11081/5 11084/11084/5 11083/11083/5 11082/11082/5
f 11085/11085/6 11088/11088/6 11087/11087/6 11086/11086/6
f 11089/11089/1 11092/11092/1 11091/11091/1 11090/11090/1
f 11093/11093/2 11096/11096/2 11095/11095/2 11094/11094/2
f 11097/11097/3 11100/11100/3 11099/11099/3 11098/11098/3
f 11101/11101/4 11104/11104/4 11103/11103/4 11102/11102/4
f 11105/11105/5 11108/11108/5 11107/11107/5 11106/11106/5
f 11109/11109/6 11112/11112/6 11111/11111/6 11110/11110/6
f 11113/11113/1 11116/11116/1 11115/11115/1 11114/11114/1
f 11117/11117/2 11120/11120/2 11119/11119/2 11118/11118/2
f 11121/11121/3 11124/11124/3 11123/11123/3 11122/11122/3
f 11125/11125/4 11128/11128/4 11127/11127/4 11126/11126/4
f 11129/11129/5 11132/11132/5 11131/11131/5 11130/11130/5
f 11133/11133/6 11136/11136/6 11135/11135/6 11134/11134/6
f 11137/11137/1 11140/11140/1 11139/11139/1 11138/11138/1
f 11141/11141/2 11144/11144/2 11143/11143/2 11142/11142/2
f 11145/11145/3 11148/11148/3 11147/11147/3 11146/11146/3
f 11149/11149/4 11152/11152/4 11151/11151/4 11150/11150/4
f 11153/11153/6 11156/11156/6 11155/11155/6 11154/11154/6
f 11157/11157/1 11160/11160/1 11159/11159/1 11158/11158/1
f 11161/11161/2 11164/11164/2 11163/11163/2 11162/11162/2
f 11165/11165/3 11168/11168/3 11167/11167/3 11166/11166/3
f 11169/11169/4 11172/11172/4 11171/11171/4 11170/11170/4
f 11173/11173/6 11176/11176/6 11175/11175/6 11174/11174/6
f 11177/11177/1 11180/11180/1 11179/11179/1 11178/11178/1
f 11181/11181/2 11184/11184/2 11183/11183/2 11182/11182/2
f 11185/11185/3 11188/11188/3 11187/11187/3 11186/11186/3
f 11189/11189/4 11192/11192/4 11191/11191/4 11190/11190/4
f 11193/11193/6 11196/11196/6 11195/11195/6 11194/11194/6
f 11197/11197/1 11200/11200/1 11199/11199/1 11198/11198/1
f 11201/11201/2 11204/11204/2 11203/11203/2 11202/11202/2
f 11205/11205/3 11208/11208/3 11207/11207/3 11206/11206/3
f 11209/11209/4 11212/11212/4 11211/11211/4 11210/11210/4
f 11213/11213/6 11216/11216/6 11215/11215/6 11214/11214/6
f 11217/11217/1 11220/11220/1 11219/11219/1 11218/11218/1
f 11221/11221/2 11224/11224/2 11223/11223/2 11222/11222/2
f 11225/11225/3 11228/11228/3 11227/11227/3 11226/11226/3
f 11229/11229/4 11232/11232/4 11231/11231/4 11230/11230/4
f 11233/11233/5 11236/11236/5 11235/11235/5 11234/11234/5
f 11237/11237/6 11240/11240/6 11239/11239/6 11238/11238/6
f 11241/11241/1 11244/11244/1 11243/11243/1 11242/11242/1
f 11245/11245/2 11248/11248/2 11247/11247/2 11246/11246/2
f 11249/11249/3 11252/11252/3 11251/11251/3 11250/11250/3
f 11253/11253/4 11256/11256/4 11255/11255/4 11254/11254/4
f 11257/11257/5 11260/11260/5 11259/11259/5 11258/11258/5
f 11261/11261/6 11264/11264/6 11263/11263/6 11262/11262/6
f 11265/11265/1 11268/11268/1 11267/11267/1 11266/11266/1
f 11269/11269/2 11272/11272/2 11271/11271/2 11270/11270/2
f 11273/11273/3 11276/11276/3 11275/11275/3 11274/11274/3
f 11277/11277/4 11280/11280/4 11279/11279/4 11278/11278/4
f 11281/11281/5 11284/11284/5 11283/11283/5 11282/11282/5
f 11285/11285/6 11288/11288/6 11287/11287/6 11286/11286/6
f 11289/11289/1 11292/11292/1 11291/11291/1 11290/11290/1
f 11293/11293/2 11296/11296/2 11295/11295/2 11294/11294/2
f 11297/11297/3 11300/11300/3 11299/11299/3 11298/11298/3
f 11301/11301/4 11304/11304/4 11303/11303/4 11302/11302/4
f 11305/11305/5 11308/11308/5 11307/11307/5 11306/11306/5
f 11309/11309/1 11312/11312/1 11311/11311/1 11310/11310/1
f 11313/11313/2 11316/11316/2 11315/11315/2 11314/11314/2
f 11317/11317/3 11320/11320/3 11319/11319/3 11318/11318/3
f 11321/11321/4 11324/11324/4 11323/11323/4 11322/11322/4
f 11325/11325/5 11328/11328/5 11327/11327/5 11326/11326/5
f 11329/11329/1 11332/11332/1 11331/11331/1 11330/11330/1
f 11333/11333/2 11336/11336/2 11335/11335/2 11334/11334/2
f 11337/11337/3 11340/11340/3 11339/11339/3 11338/11338/3
f 11341/11341/4 11344/11344/4 11343/11343/4 11342/11342/4
f 11345/11345/5 11348/11348/5 11347/11347/5 11346/11346/5
f 11349/11349/1 11352/11352/1 11351/11351/1 11350/11350/1
f 11353/11353/2 11356/11356/2 11355/11355/2 11354/11354/2
f 11357/11357/3 11360/11360/3 11359/11359/3 11358/11358/3
f 11361/11361/4 11364/11364/4 11363/11363/4 11362/11362/4
f 11365/11365/5 11368/11368/5 11367/11367/5 11366/11366/5
f 11369/11369/1 11372/11372/1 11371/11371/1 11370/11370/1
f 11373/11373/2 11376/11376/2 11375/11375/2 11374/11374/2
f 11377/11377/3 11380/11380/3 11379/11379/3 11378/11378/3
f 11381/11381/4 11384/11384/4 11383/11383/4 11382/11382/4
f 11385/11385/1 11388/11388/1 11387/11387/1 11386/11386/1
f 11389/11389/2 11392/11392/2 11391/11391/2 11390/11390/2
f 11393/11393/3 11396/11396/3 11395/11395/3 11394/11394/3
f 11397/11397/4 11400/11400/4 11399/11399/4 11398/11398/4
f 11401/11401/1 11404/11404/1 11403/11403/1 11402/11402/1
f 11405/11405/2 11408/11408/2 11407/11407/2 11406/11406/2
f 11409/11409/3 11412/11412/3 11411/11411/3 11410/11410/3
f 11413/11413/4 11416/11416/4 11415/11415/4 11414/11414/4
f 11417/11417/1 11420/11420/1 11419/11419/1 11418/11418/1
f 11421/11421/2 11424/11424/2 11423/11423/2 11422/11422/2
f 11425/11425/3 11428/11428/3 11427/11427/3 11426/11426/3
f 11429/11429/4 11432/11432/4 11431/11431/4 11430/11430/4
f 11433/11433/1 11436/11436/1 11435/11435/1 11434/11434/1
f 11437/11437/2 11440/11440/2 11439/11439/2 11438/11438/2
f 11441/11441/3 11444/11444/3 11443/11443/3 11442/11442/3
f 11445/11445/4 11448/11448/4 11447/11447/4 11446/11446/4
f 11449/11449/1 11452/11452/1 11451/11451/1 11450/11450/1
f 11453/11453/2 11456/11456/2 11455/11455/2 11454/11454/2
f 11457/11457/3 11460/11460/3 11459/11459/3 11458/11458/3
f 11461/11461/4 11464/11464/4 11463/11463/4 11462/11462/4
f 11853/11465/5 11854/11468/5 11855/11467/5 11856/11466/5
f 11469/11469/1 11472/11472/1 11471/11471/1 11470/11470/1
f 11473/11473/2 11476/11476/2 11475/11475/2 11474/11474/2
f 11477/11477/3 11480/11480/3 11479/11479/3 11478/11478/3
f 11481/11481/4 11484/11484/4 11483/11483/4 11482/11482/4
f 11485/11485/6 11488/11488/6 11487/11487/6 11486/11486/6
f 11489/11489/1 11492/11492/1 11491/11491/1 11490/11490/1
f 11493/11493/2 11496/11496/2 11495/11495/2 11494/11494/2
f 11497/11497/1 11500/11500/1 11499/11499/1 11498/11498/1
f 11501/11501/2 11504/11504/2 11503/11503/2 11502/11502/2
f 11505/11505/3 11508/11508/3 11507/11507/3 11506/11506/3
f 11509/11509/4 11512/11512/4 11511/11511/4 11510/11510/4
f 11857/11513/5 11858/11516/5 11859/11515/5 11860/11514/5
f 11517/11517/1 11520/11520/1 11519/11519/1 11518/11518/1
f 11521/11521/2 11524/11524/2 11523/11523/2 11522/11522/2
f 11525/11525/3 11528/11528/3 11527/11527/3 11526/11526/3
f 11529/11529/4 11532/11532/4 11531/11531/4 11530/11530/4
f 11533/11533/6 11536/11536/6 11535/11535/6 11534/11534/6
f 11537/11537/3 11540/11540/3 11539/11539/3 11538/11538/3
f 11541/11541/4 11544/11544/4 11543/11543/4 11542/11542/4
f 11545/11545/1 11548/11548/1 11547/11547/1 11546/11546/1
f 11549/11549/2 11552/11552/2 11551/11551/2 11550/11550/2
f 11553/11553/3 11556/11556/3 11555/11555/3 11554/11554/3
f 11557/11557/4 11560/11560/4 11559/11559/4 11558/11558/4
f 11561/11561/1 11564/11564/1 11563/11563/1 11562/11562/1
f 11565/11565/2 11568/11568/2 11567/11567/2 11566/11566/2
f 11569/11569/3 11572/11572/3 11571/11571/3 11570/11570/3
f 11573/11573/4 11576/11576/4 11575/11575/4 11574/11574/4
f 11577/11577/1 11580/11580/1 11579/11579/1 11578/11578/1
f 11581/11581/2 11584/11584/2 11583/11583/2 11582/11582/2
f 11585/11585/3 11588/11588/3 11587/11587/3 11586/11586/3
f 11589/11589/5 11592/11592/5 11591/11591/5 11590/11590/5
f 11593/11593/1 11596/11596/1 11595/11595/1 11594/11594/1
f 11597/11597/2 11600/11600/2 11599/11599/2 11598/11598/2
f 11601/11601/3 11604/11604/3 11603/11603/3 11602/11602/3
f 11605/11605/5 11608/11608/5 11607/11607/5 11606/11606/5
f 11609/11609/6 11612/11612/6 11611/11611/6 11610/11610/6
f 11613/11613/2 11616/11616/2 11615/11615/2 11614/11614/2
f 11861/11617/3 11862/11620/3 11863/11619/3 11864/11618/3
f 11621/11621/4 11624/11624/4 11623/11623/4 11622/11622/4
f 11625/11625/5 11628/11628/5 11627/11627/5 11626/11626/5
f 11629/11629/6 11632/11632/6 11631/11631/6 11630/11630/6
f 11633/11633/1 11636/11636/1 11635/11635/1 11634/11634/1
f 11637/11637/2 11640/11640/2 11639/11639/2 11638/11638/2
f 11641/11641/3 11644/11644/3 11643/11643/3 11642/11642/3
f 11645/11645/4 11648/11648/4 11647/11647/4 11646/11646/4
f 11649/11649/6 11652/11652/6 11651/11651/6 11650/11650/6
f 11653/11653/1 11656/11656/1 11655/11655/1 11654/11654/1
f 11657/11657/3 11660/11660/3 11659/11659/3 11658/11658/3
f 11661/11661/4 11664/11664/4 11663/11663/4 11662/11662/4
f 11665/11665/5 11668/11668/5 11667/11667/5 11666/11666/5
f 11669/11669/6 11672/11672/6 11671/11671/6 11670/11670/6
f 11673/11673/1 11676/11676/1 11675/11675/1 11674/11674/1
f 11677/11677/2 11680/11680/2 11679/11679/2 11678/11678/2
f 11681/11681/4 11684/11684/4 11683/11683/4 11682/11682/4
f 11685/11685/5 11688/11688/5 11687/11687/5 11686/11686/5
f 11689/11689/6 11692/11692/6 11691/11691/6 11690/11690/6
f 11693/11693/2 11696/11696/2 11695/11695/2 11694/11694/2
f 11697/11697/3 11700/11700/3 11699/11699/3 11698/11698/3
f 11701/11701/4 11704/11704/4 11703/11703/4 11702/11702/4
f 11705/11705/5 11708/11708/5 11707/11707/5 11706/11706/5
f 11709/11709/6 11712/11712/6 11711/11711/6 11710/11710/6
f 11713/11713/1 11716/11716/1 11715/11715/1 11714/11714/1
f 11717/11717/2 11720/11720/2 11719/11719/2 11718/11718/2
f 11721/11721/3 11724/11724/3 11723/11723/3 11722/11722/3
f 11725/11725/4 11728/11728/4 11727/11727/4 11726/11726/4
f 11729/11729/5 11732/11732/5 11731/11731/5 11730/11730/5
f 11733/11733/6 11736/11736/6 11735/11735/6 11734/11734/6
f 11737/11737/1 11740/11740/1 11739/11739/1 11738/11738/1
f 11741/11741/2 11744/11744/2 11743/11743/2 11742/11742/2
f 11745/11745/3 11748/11748/3 11747/11747/3 11746/11746/3
f 11749/11749/4 11752/11752/4 11751/11751/4 11750/11750/4
f 11753/11753/5 11756/11756/5 11755/11755/5 11754/11754/5
f 11757/11757/6 11760/11760/6 11759/11759/6 11758/11758/6
f 11761/11761/1 11764/11764/1 11763/11763/1 11762/11762/1
f 11765/11765/2 11768/11768/2 11767/11767/2 11766/11766/2
f 11769/11769/3 11772/11772/3 11771/11771/3 11770/11770/3
f 11773/11773/4 11776/11776/4 11775/11775/4 11774/11774/4
f 11777/11777/5 11780/11780/5 11779/11779/5 11778/11778/5
o Door
f 11781/11781/1 11784/11784/1 11783/11783/1 11782/11782/1
f 11785/11785/2 11788/11788/2 11787/11787/2 11786/11786/2
f 11789/11789/3 11792/11792/3 11791/11791/3 11790/11790/3
f 11793/11793/4 11796/11796/4 11795/11795/4 11794/11794/4
f 11797/11797/5 11800/11800/5 11799/11799/5 11798/11798/5
f 11801/11801/6 11804/11804/6 11803/11803/6 11802/11802/6
f 11805/11805/1 11808/11808/1 11807/11807/1 11806/11806/1
f 11809/11809/2 11812/11812/2 11811/11811/2 11810/11810/2
f 11813/11813/3 11816/11816/3 11815/11815/3 11814/11814/3
f 11817/11817/5 11820/11820/5 11819/11819/5 11818/11818/5
f 11821/11821/6 11824/11824/6 11823/11823/6 11822/11822/6
f 11825/11825/1 11828/11828/1 11827/11827/1 11826/11826/1
f 11829/11829/2 11832/11832/2 11831/11831/2 11830/11830/2
f 11833/11833/3 11836/11836/3 11835/11835/3 11834/11834/3
f 11837/11837/5 11840/11840/5 11839/11839/5 11838/11838/5
f 11841/11841/6 11844/11844/6 11843/11843/6 11842/11842/6
